FileName,Category
"Il Trono Di Spade 8x04 L Ultimo Degli Stark ITA WEBMux x264-UBi mkv.mkv","Trono di Spade"
"Il Trono Di Spade 8x06 Il Trono Di Spade ITA WEBMux x264-UBi mkv.mkv","Trono di Spade"
"Il Trono Di Spade 1x10 Fuoco E Sangue iTALiAN HDTVMux-DarkSideMux forced srt.srt","Trono di Spade"
"Il Trono Di Spade 1x05 Il Lupo E Il Leone iTALiAN HDTVMux-DarkSideMux avi.avi","Trono di Spade"
"Il Trono Di Spade 1x02 La Strada Del Re iTALiAN HDTVMux-DarkSideMux forced srt.srt","Trono di Spade"
"Il Trono Di Spade 1x09 La Confessione iTALiAN HDTVMux-DarkSideMux avi.avi","Trono di Spade"
"Il Trono Di Spade 1x10 Fuoco E Sangue iTALiAN HDTVMux-DarkSideMux avi.avi","Trono di Spade"
"Il Trono Di Spade 1x03 Lord Snow iTALiAN HDTVMux-DarkSideMux avi.avi","Trono di Spade"
"Il Trono Di Spade 2x08 Il Principe Di Grande Inverno ITA ENG DLMux XviD-Pir8 it srt.srt","Trono di Spade"
"400110-SpiderMan No Way Home 2021 iTALiAN MD 720p HDCAM x264WRS mkv mp4.mp4","Trono di Spade"
"Il Trono Di Spade 2x01 Il Nord Non Dimentica ITA ENG DLMux XviD-Pir8 avi.avi","Trono di Spade"
"Il Trono Di Spade 2x04 Il Giardino Di Ossa ITA ENG DLMux XviD-Pir8 en srt.srt","Trono di Spade"
"Il Trono Di Spade 2x04 Il Giardino Di Ossa ITA ENG DLMux XviD-Pir8 srt.srt","Trono di Spade"
"Il Trono Di Spade 2x05 Il Fantasma Della Fortezza ITA ENG DLMux XviD-Pir8 avi it srt.srt","Trono di Spade"
"Il Trono Di Spade 2x06 Vecchi E Nuovi Dei ITA ENG DLMux XviD-Pir8 it srt.srt","Trono di Spade"
"Il Trono Di Spade 2x10 Chiunque Puo Essere Ucciso ITA ENG DLMux XviD-Pir8 it srt.srt","Trono di Spade"
"Il Trono Di Spade 6x05 Il Tempo E Giunto ITA DLMux x264-NovaRip mkv.mkv","Trono di Spade"
"Il Trono Di Spade 6x08 Nessuno ITA DLMux x264-NovaRip mkv.mkv","Trono di Spade"
"Il Trono Di Spade 3x01 Valar Dohaeris iTALiAN DLMux x264-UBi forced srt.srt","Trono di Spade"
"Il Trono Di Spade 3x04 E Ora La Sua Guardia E Conclusa iTALiAN DLMux x264-UBi forced srt.srt","Trono di Spade"
"Il Trono Di Spade 3x04 E Ora La Sua Guardia E Conclusa iTALiAN DLMux x264-UBi mp4.mp4","Trono di Spade"
"Il Trono Di Spade 3x05 Baciata Dal Fuoco iTALiAN DLMux x264-UBi forced srt.srt","Trono di Spade"
"Il Trono Di Spade 3x05 Baciata Dal Fuoco iTALiAN DLMux x264-UBi mp4.mp4","Trono di Spade"
"Il Trono Di Spade 3x06 La Scalata iTALiAN DLMux x264-UBi mp4.mp4","Trono di Spade"
"Il Trono Di Spade 4x01 Two Swords ITA HDTVMux x264-iGM srt.srt","Trono di Spade"
"Il Trono Di Spade 4x02 Il Leone E La Rosa ITA HDTVMux x264-iGM srt.srt","Trono di Spade"
"Il Trono Di Spade 4x03 La Fuga ITA HDTVMux x264-iGM srt.srt","Trono di Spade"
"Il Trono Di Spade 4x06 Le Leggi Degli Dei E Degli Uomini ITA HDTVMux x264-iGM mp4.mp4","Trono di Spade"
"Il Trono Di Spade 4x06 Le Leggi Degli Dei E Degli Uomini ITA HDTVMux x264-iGM srt.srt","Trono di Spade"
"Il Trono Di Spade 4x07 Il Campione ITA HDTVMux x264-iGM mp4.mp4","Trono di Spade"
"Il Trono Di Spade 4x10 I Figli Della Foresta ITA HDTVMux x264-iGM mp4.mp4","Trono di Spade"
"Il Trono Di Spade 4x10 I Figli Della Foresta ITA HDTVMux x264-iGM srt.srt","Trono di Spade"
"Il Trono Di Spade S03 SUB PACK ITA zip.zip","Trono di Spade"
"Il Trono Di Spade 5x10 Madre Misericordiosa ITA DLMux x264-NovaRip mkv.mkv","Trono di Spade"
"Il Trono Di Spade 7x01 Roccia Del Drago ITA WEBMux x264-UBi mkv.mkv","Trono di Spade"
"Il Trono Di Spade 6x01 La Donna Rossa ITA DLMux x264-NovaRip mkv.mkv","Trono di Spade"
"Il Trono Di Spade 6x03 Giuramento Infranto ITA REPACK DLMux x264-NovaRip mkv.mkv","Trono di Spade"
"Il Trono Di Spade 2x03 Cio Che E Morto Non Muoia Mai ITA ENG DLMux XviD-Pir8 it srt.srt","Trono di Spade"
"Il Trono Di Spade 8x01 Grande Inverno ITA WEBMux h264-UBi mkv.mkv","Trono di Spade"
"Il Trono Di Spade 1x06 La Corona D Oro iTALiAN HDTVMux-DarkSideMux forced srt.srt","Trono di Spade"
"Il Trono Di Spade 1x04 Il Giuramento iTALiAN HDTVMux-DarkSideMux forced srt.srt","Trono di Spade"
"Il Trono Di Spade 2x01 Il Nord Non Dimentica ITA ENG DLMux XviD-Pir8 srt.srt","Trono di Spade"
"Il Trono Di Spade 2x03 Cio Che E Morto Non Muoia Mai ITA ENG DLMux XviD-Pir8 avi.avi","Trono di Spade"
"Il Trono Di Spade 1x07 Il gioco dei troni iTALiAN HDTVMux-DarkSideMux avi.avi","Trono di Spade"
"Il Trono Di Spade 1x04 Il Giuramento iTALiAN HDTVMux-DarkSideMux avi.avi","Trono di Spade"
"Il Trono Di Spade 1x01 L Inverno Sta Arrivando iTALiAN HDTVMux-DarkSideMux avi.avi","Trono di Spade"
"Il Trono Di Spade 2x07 Un Uomo Senza Onore ITA ENG DLMux XviD-Pir8 it srt.srt","Trono di Spade"
"Il Trono Di Spade 8x03 La Lunga Notte ITA WEBMux x264-UBi mkv.mkv","Trono di Spade"
"Il Trono Di Spade 2x04 Il Giardino Di Ossa ITA ENG DLMux XviD-Pir8 it srt.srt","Trono di Spade"
"Il Trono Di Spade 3x02 Ali Oscure Oscure Parole iTALiAN DLMux x264-UBi mp4.mp4","Trono di Spade"
"Il Trono Di Spade 3x07 L Orso E La Fanciulla Bionda iTALiAN DLMux x264-UBi forced srt.srt","Trono di Spade"
"Il Trono Di Spade 3x08 I Secondi Figli iTALiAN DLMux x264-UBi forced srt.srt","Trono di Spade"
"Il Trono Di Spade 3x09 Le Piogge Di Castamere ITA WEB-DLMux x264-UPZ forced srt.srt","Trono di Spade"
"Il Trono Di Spade 3x09 Le Piogge Di Castamere ITA WEB-DLMux x264-UPZ mp4.mp4","Trono di Spade"
"Il Trono Di Spade 4x01 Two Swords ITA HDTVMux x264-iGM mp4.mp4","Trono di Spade"
"Il Trono Di Spade 4x04 In Cerca Di Un Colpevole ITA HDTVMux x264-iGM mp4.mp4","Trono di Spade"
"Il Trono Di Spade 5x09 La Danza Dei Draghi ITA DLMux x264-NovaRip mkv.mkv","Trono di Spade"
"Il Trono Di Spade 5x06 Le Serpi Delle Sabbie ITA DLMux x264-NovaRip mkv.mkv","Trono di Spade"
"Il Trono Di Spade 5x03 L Alto Passero ITA DLMux x264-NovaRip mkv.mkv","Trono di Spade"
"Il Trono Di Spade 5x01 Guerre Imminenti ITA DLMux x264-NovaRip mkv.mkv","Trono di Spade"
"Il Trono Di Spade 7x04 Spoglie Di Guerra ITA WEBMux x264-UBi mkv.mkv","Trono di Spade"
"Il Trono Di Spade 6x04 Il Libro Dello Straniero ITA DLMux x264-NovaRip mkv.mkv","Trono di Spade"
"Il Trono Di Spade 6x06 Sangue Del Mio Sangue ITA DLMux x264-NovaRip mkv.mkv","Trono di Spade"
"Il Trono Di Spade 5x08 Aspra Dimora ITA DLMux x264-NovaRip mkv.mkv","Trono di Spade"
"Il Trono Di Spade 6x02 Uomini Di Ferro ITA DLMux x264-NovaRip mkv.mkv","Trono di Spade"
"Il Trono Di Spade 7x05 Forte Orientale ITA WEBMux x264-UBi mkv.mkv","Trono di Spade"
"Il Trono Di Spade 2x07 Un Uomo Senza Onore ITA ENG DLMux XviD-Pir8 avi.avi","Trono di Spade"
"Il Trono Di Spade 8x05 Le Campane ITA WEBMux x264-UBi mkv.mkv","Trono di Spade"
"Il Trono Di Spade 3x01 Valar Dohaeris iTALiAN DLMux x264-UBi mp4.mp4","Trono di Spade"
"Il Trono Di Spade 1x09 La Confessione iTALiAN HDTVMux-DarkSideMux forced srt.srt","Trono di Spade"
"Il Trono Di Spade 5x07 Il Dono ITA DLMux x264-NovaRip mkv.mkv","Trono di Spade"
"Il Trono Di Spade 2x06 Vecchi E Nuovi Dei ITA ENG DLMux XviD-Pir8 avi.avi","Trono di Spade"
"Il Trono Di Spade 1x02 La Strada Del Re iTALiAN HDTVMux-DarkSideMux avi.avi","Trono di Spade"
"Il Trono Di Spade 1x07 Il gioco dei troni iTALiAN HDTVMux-DarkSideMux forced srt.srt","Trono di Spade"
"Il Trono Di Spade 2x09 L Assedio ITA ENG DLMux XviD-Pir8 it srt.srt","Trono di Spade"
"Il Trono Di Spade 2x02 Oltre La Barriera ITA ENG DLMux XviD-Pir8 avi.avi","Trono di Spade"
"Il Trono Di Spade 1x03 Lord Snow iTALiAN HDTVMux-DarkSideMux forced srt.srt","Trono di Spade"
"Il Trono Di Spade 1x08 La guerra alle porte iTALiAN HDTVMux-DarkSideMux avi.avi","Trono di Spade"
"Il Trono Di Spade 2x01 Il Nord Non Dimentica ITA ENG DLMux XviD-Pir8 it srt.srt","Trono di Spade"
"Il Trono Di Spade 3x03 Il Cammino Del Supplizio iTALiAN DLMux x264-UBi forced srt.srt","Trono di Spade"
"Il Trono Di Spade 2x10 Chiunque Puo Essere Ucciso ITA ENG DLMux XviD-Pir8 avi.avi","Trono di Spade"
"Il Trono Di Spade 3x06 La Scalata iTALiAN DLMux x264-UBi forced srt.srt","Trono di Spade"
"Il Trono Di Spade 3x07 L Orso E La Fanciulla Bionda iTALiAN DLMux x264-UBi mp4.mp4","Trono di Spade"
"Il Trono Di Spade 3x08 I Secondi Figli iTALiAN DLMux x264-UBi mp4.mp4","Trono di Spade"
"Il Trono Di Spade 3x10 Mhysa ITA WEB-DLMux x264-UPZ mp4.mp4","Trono di Spade"
"Il Trono Di Spade 5x05 Uccidi Il Ragazzo ITA DLMux x264-NovaRip mkv.mkv","Trono di Spade"
"Il Trono Di Spade 6x09 La Battaglia Dei Bastardi ITA DLMux x264-NovaRip mkv.mkv","Trono di Spade"
"Il Trono Di Spade 7x03 La Giustizia Della Regina ITA WEBMux x264-UB mkv.mkv","Trono di Spade"
"Il Trono Di Spade 7x07 Il Drago E Il Lupo ITA WEBMux x264-UBi mkv.mkv","Trono di Spade"
"Il Trono Di Spade 6x10 I Venti Dell Inverno ITA DLMux x264-NovaRip mkv.mkv","Trono di Spade"
"Il Trono Di Spade 2x05 Il Fantasma Della Fortezza ITA ENG DLMux XviD-Pir8 avi.avi","Trono di Spade"
"Il Trono Di Spade 4x03 La Fuga ITA HDTVMux x264-iGM mp4.mp4","Trono di Spade"
"Il Trono Di Spade 3x10 Mhysa ITA WEB-DLMux x264-UPZ forced srt.srt","Trono di Spade"
"Il Trono Di Spade 2x04 Il Giardino Di Ossa ITA ENG DLMux XviD-Pir8 avi.avi","Trono di Spade"
"Il Trono Di Spade 4x08 La Vipera E La Montagna ITA HDTVMux x264-iGM mp4.mp4","Trono di Spade"
"Il Trono Di Spade 2x02 Oltre La Barriera ITA ENG DLMux XviD-Pir8 it srt.srt","Trono di Spade"
"Il Trono Di Spade 4x04 In Cerca Di Un Colpevole ITA HDTVMux x264-iGM srt.srt","Trono di Spade"
"Il Trono Di Spade 3x03 Il Cammino Del Supplizio iTALiAN DLMux x264-UBi mp4.mp4","Trono di Spade"
"Il Trono Di Spade 4x02 Il Leone E La Rosa ITA HDTVMux x264-iGM mp4.mp4","Trono di Spade"
"Il Trono Di Spade 2x08 Il Principe Di Grande Inverno ITA ENG DLMux XviD-Pir8 avi.avi","Trono di Spade"
"Il Trono Di Spade 4x05 L Ultima Notte Dei Ribelli ITA HDTVMux x264-iGM mp4.mp4","Trono di Spade"
"Il Trono Di Spade 8x02 Un Cavaliere Dei Sette Regni ITA WEBMux x264-UBi mkv.mkv","Trono di Spade"
"Il Trono Di Spade 5x04 I Figli Dell Arpia ITA DLMux x264-NovaRip mkv.mkv","Trono di Spade"
"Il Trono Di Spade 1x06 La Corona D Oro iTALiAN HDTVMux-DarkSideMux avi.avi","Trono di Spade"
"Il Trono Di Spade 4x08 La Vipera E La Montagna ITA HDTVMux x264-iGM srt.srt","Trono di Spade"
"Il Trono Di Spade 1x08 La guerra alle porte iTALiAN HDTVMux-DarkSideMux forced srt.srt","Trono di Spade"
"Il Trono Di Spade 2x09 L Assedio ITA ENG DLMux XviD-Pir8 avi.avi","Trono di Spade"
"Il Trono Di Spade 6x07 Alleanze ITA DLMux x264-NovaRip mkv.mkv","Trono di Spade"
"Il Trono Di Spade 4x09 Il Coraggio Di Pochi ITA HDTVMux x264-iGM mp4.mp4","Trono di Spade"
"Il Trono Di Spade 5x02 Il Nuovo Comandante ITA DLMux x264-NovaRip mkv.mkv","Trono di Spade"
"Il Trono Di Spade 7x02 Nata Dalla Tempesta ITA WEBMux x264-UBi mkv.mkv","Trono di Spade"
"Il Trono Di Spade 7x06 Oltre La Barriera ITA WEBMux x264-UBi mkv.mkv","Trono di Spade"
"The Shield  S01  02  13  Terzo Grado  ITA  DVDRip  avi.avi",Shield
"The Shield  S01  04  13  Guerra tra le Bande  ITA  DVDRip  avi.avi",Shield
"The Shield  S01  05  13  Obiettivo - Recuperare la Cocaina! ITA  DVDRip  avi.avi",Shield
"The Shield  S01  06  13  Il Killer delle Prostitute  ITA  DVDRip  avi.avi",Shield
"The Shield  S01  07  13  Dente per Dente  ITA  DVDRip  avi.avi",Shield
"The Shield  S01  08  13  Amore e Droga  ITA  DVDRip  avi.avi",Shield
"The Shield  S01  09  13  Una Faccenda da Sistemare  ITA  DVDRip  avi.avi",Shield
"The Shield  S01  10  13  Una Scomoda Giornalista  ITA  DVDRip  avi.avi",Shield
"The Shield  S01  12  13  Combattimento Mortale  ITA  DVDRip  avi.avi",Shield
"The Shield  S01  13  13  Corruzione al Dipartimento  ITA  DVDRip  avi.avi",Shield
"The Shield  S01  Artwork+SubForced  ITA  rar.rar",Shield
"The Shield  S01  01  13  Episodio Pilota - Squadra d'assalto  ITA  DVDRip  avi.avi",Shield
"The Shield  S01  03  13  Indiziato di Stupro  ITA  DVDRip  avi.avi",Shield
"The Shield  S01  11  13  Tentato Suicidio  ITA  DVDRip  avi.avi",Shield
"Romanzo Criminale 1x01 Episodio 1 by alocor75 REPAK avi.avi","Romanzo Criminale"
"Romanzo Criminale 1x02 Episodio 2 by alocor75 avi.avi","Romanzo Criminale"
"Romanzo Criminale 1x03 Episodio 3 by alocor75 avi.avi","Romanzo Criminale"
"Romanzo Criminale 1x04 Episodio 4 by alocor75 avi.avi","Romanzo Criminale"
"Romanzo Criminale 1x07 Episodio 7 by alocor75 avi.avi","Romanzo Criminale"
"Romanzo Criminale 1x05 Episodio 5 by alocor75 avi.avi","Romanzo Criminale"
"Romanzo Criminale 1x06 Episodio 6 by alocor75 avi.avi","Romanzo Criminale"
"Romanzo Criminale 1x08 Episodio 8 by alocor75 avi.avi","Romanzo Criminale"
"Romanzo Criminale 1x09 Episodio 9 by alocor75 avi.avi","Romanzo Criminale"
"Romanzo Criminale 1x10 Episodio 10 by alocor75 avi.avi","Romanzo Criminale"
"Romanzo Criminale 1x11 Episodio 11 by alocor75 avi.avi","Romanzo Criminale"
"Romanzo Criminale 1x12 Episodio 12 by alocor75 avi.avi","Romanzo Criminale"
"Romanzo Criminale 2x01 Episodio 1 iTALiAN BDRip XviD-DarkSideMux avi.avi","Romanzo Criminale"
"Romanzo Criminale 2x02 Episodio 2 iTALiAN BDRip XviD-DarkSideMux avi.avi","Romanzo Criminale"
"Romanzo Criminale 2x03 Episodio 3 iTALiAN BDRip XviD-DarkSideMux avi.avi","Romanzo Criminale"
"Romanzo Criminale 2x04 Episodio 4 iTALiAN BDRip XviD-DarkSideMux avi.avi","Romanzo Criminale"
"Romanzo Criminale 2x05 Episodio 5 iTALiAN BDRip XviD-DarkSideMux avi.avi","Romanzo Criminale"
"Romanzo Criminale 2x06 Episodio 6 iTALiAN BDRip XviD-DarkSideMux avi.avi","Romanzo Criminale"
"Romanzo Criminale 2x07 Episodio 7 iTALiAN BDRip XviD-DarkSideMux avi.avi","Romanzo Criminale"
"Romanzo Criminale 2x08 Episodio 8 iTALiAN BDRip XviD-DarkSideMux avi.avi","Romanzo Criminale"
"Romanzo Criminale 2x09 Episodio 9 iTALiAN BDRip XviD-DarkSideMux avi.avi","Romanzo Criminale"
"Romanzo Criminale 2x10 Episodio 10 iTALiAN BDRip XviD-DarkSideMux avi.avi","Romanzo Criminale"
"Avengers Endgame 2019 iTALiAN MD TS R6 XviD-iSTANCE avi.avi","Romanzo Criminale"
"Roma 1x01 - L'aquila rubata - DVD Rip ITA-eng by Ken avi.avi",Roma
"Roma 1x02 - Come Tito Pullo rovesciò la repubblica - DVD Rip ITA-eng by Ken avi.avi",Roma
"Roma 1x04 - Rubare a Saturno - DVD Rip ITA-eng by Ken avi.avi",Roma
"Roma 1x05 - L'ariete ha toccato le mura - DVD Rip ITA-eng by Ken avi.avi",Roma
"Roma 1x03 - Un gufo nei rovi - DVD Rip ITA-eng by Ken avi.avi",Roma
"Roma 1x06 - Egeria - DVD Rip ITA-eng by Ken avi.avi",Roma
"Roma 1x07 - Farsalo - DVD Rip ITA-eng by Ken avi.avi",Roma
"Roma 1x08 - Cesarione - DVD Rip ITA-eng by Ken avi.avi",Roma
"Roma 1x09 - Utica - DVD Rip ITA-eng by Ken avi.avi",Roma
"Roma 1x10 - Trionfo - DVD Rip ITA-eng by Ken avi.avi",Roma
"Roma 1x11 - I resti - DVD Rip ITA-eng by Ken avi.avi",Roma
"Roma 2x01 Passaggio DVDMux ITA by moll avi.avi",Roma
"Roma 2x02 Figlio di Ade DVDMux ITA by moll avi.avi",Roma
"Roma 2x03 Queste sono le parole di Marco Tullio Cicerone DVDMux ITA by moll avi.avi",Roma
"Roma 2x04 Testuggine e lepre DVDMux ITA by moll avi.avi",Roma
"Roma 2x05 Gli eroi della Repubblica DVDMux ITA by moll avi.avi",Roma
"Roma 2x06 Filippi DVDMux ITA by moll avi.avi",Roma
"Roma 2x07 La maschera funebre DVDMux ITA by moll avi.avi",Roma
"Roma 2x08 Una finzione necessaria DVDMux ITA by moll avi.avi",Roma
"Roma 2x09 Nemmeno un Dio puo fermare gli affamati DVDMux ITA by moll avi.avi",Roma
"Roma 2x10 Riguardo vostro padre DVDMux ITA by moll avi.avi",Roma
"Person Of Interest 1x02 Una voce dal passato iTALiAN BDMux XviD-DarkSideMux forced srt.srt","Person of Interest"
"Person Of Interest 1x06 Corruzione iTALiAN BDMux XviD-DarkSideMux forced srt.srt","Person of Interest"
"Person Of Interest 1x07 Il testimone iTALiAN BDMux XviD-DarkSideMux avi.avi","Person of Interest"
"Person Of Interest 1x08 Oltre il muro iTALiAN BDMux XviD-DarkSideMux avi.avi","Person of Interest"
"Person Of Interest 1x11 Super iTALiAN BDMux XviD-DarkSideMux forced srt.srt","Person of Interest"
"Person Of Interest 1x12 Il passato alle porte iTALiAN BDMux XviD-DarkSideMux forced srt.srt","Person of Interest"
"Person Of Interest 1x13 Il sistema violato iTALiAN BDMux XviD-DarkSideMux avi.avi","Person of Interest"
"Person Of Interest 1x14 Il lupo e l agnello iTALiAN BDMux XviD-DarkSideMux forced srt.srt","Person of Interest"
"Person Of Interest 1x17 La piccola Leila iTALiAN BDMux XviD-DarkSideMux avi.avi","Person of Interest"
"Person Of Interest 2x02 Cattivi Geni ITA DLMux x264-NovaRip mkv.mkv","Person of Interest"
"Person Of Interest 2x04 Il Killer ITA DLMux x264-NovaRip mkv.mkv","Person of Interest"
"Person Of Interest 2x20 In Extremis ITA DLMux x264-NovaRip mkv.mkv","Person of Interest"
"Person Of Interest 2x07 Momento Critico ITA DLMux x264-NovaRip mkv.mkv","Person of Interest"
"Person Of Interest 2x14 Uno Percento ITA DLMux x264-NovaRip mkv.mkv","Person of Interest"
"Person Of Interest 2x16 Morte Apparente ITA DLMux x264-NovaRip mkv.mkv","Person of Interest"
"Person Of Interest 2x17 Il Camaleonte ITA DLMux x264-NovaRip mkv.mkv","Person of Interest"
"Person Of Interest 3x12 La Verita ITA WEB-DLMux x264-iGM srt.srt","Person of Interest"
"Person Of Interest 3x17 Il Chip ITA WEB-DLMux x264-iGM srt.srt","Person of Interest"
"Person Of Interest 3x01 Libera Uscita ITA WEB-DLMux x264-iGM mp4.mp4","Person of Interest"
"Person Of Interest 3x12 La Verita ITA WEB-DLMux x264-iGM mp4.mp4","Person of Interest"
"Person Of Interest 3x14 Antiche Provenienze ITA WEB-DLMux x264-iGM mp4.mp4","Person of Interest"
"Person Of Interest 4x02 Nautilus ITA DLMux x264-NovaRip mkv.mkv","Person of Interest"
"Person Of Interest 4x06 L Armiere ITA DLMux x264-NovaRip mkv.mkv","Person of Interest"
"Person Of Interest 4x07 L Onore Dei Criminali ITA DLMux x264-NovaRip mkv.mkv","Person of Interest"
"Person Of Interest 4x08 Punto Di Origine ITA DLMux x264-NovaRip mkv.mkv","Person of Interest"
"Person Of Interest 4x11 L Opzione Giusta ITA DLMux x264-NovaRip mkv.mkv","Person of Interest"
"Person Of Interest 4x12 Control Alt Delete ITA DLMux x264-NovaRip mkv.mkv","Person of Interest"
"Person Of Interest 4x16 Il Dispensario ITA DLMux x264-NovaRip mkv.mkv","Person of Interest"
"Person Of Interest 4x18 Il Piano Di Finch ITA DLMux x264-NovaRip mkv.mkv","Person of Interest"
"Person Of Interest 4x20 Terra Incognita ITA DLMux x264-NovaRip mkv.mkv","Person of Interest"
"Person Of Interest 5x01 Morte Apparente ITA BDMux x264-NovaRip mkv.mkv","Person of Interest"
"Person Of Interest 5x03 La Verita Da Raccontare ITA BDMux x264-NovaRip mkv.mkv","Person of Interest"
"Person Of Interest 5x07 Il Codice ITA BDMux x264-NovaRip mkv.mkv","Person of Interest"
"Person Of Interest 1x21 Il rischio dei ricordi iTALiAN BDMux XviD-DarkSideMux avi.avi","Person of Interest"
"Person Of Interest 1x18 Crisi d identita iTALiAN BDMux XviD-DarkSideMux forced srt.srt","Person of Interest"
"Person Of Interest 1x12 Il passato alle porte iTALiAN BDMux XviD-DarkSideMux avi.avi","Person of Interest"
"Person Of Interest 1x16 Rischio iTALiAN BDMux XviD-DarkSideMux avi.avi","Person of Interest"
"Person Of Interest 1x15 Il codice blu iTALiAN BDMux XviD-DarkSideMux avi.avi","Person of Interest"
"Person Of Interest 1x08 Oltre il muro iTALiAN BDMux XviD-DarkSideMux forced srt.srt","Person of Interest"
"Person Of Interest 1x23 Apoteosi finale iTALiAN BDMux XviD-DarkSideMux avi.avi","Person of Interest"
"Person Of Interest 1x06 Corruzione iTALiAN BDMux XviD-DarkSideMux avi.avi","Person of Interest"
"Person Of Interest 1x04 Cura te ipsum iTALiAN BDMux XviD-DarkSideMux forced srt.srt","Person of Interest"
"Person Of Interest 1x13 Il sistema violato iTALiAN BDMux XviD-DarkSideMux forced srt.srt","Person of Interest"
"Person Of Interest 1x18 Crisi d identita iTALiAN BDMux XviD-DarkSideMux avi.avi","Person of Interest"
"Person Of Interest 2x11 Il Giorno Fatale ITA DLMux x264-NovaRip mkv.mkv","Person of Interest"
"Person Of Interest 2x15 Tutto Prenotato ITA DLMux x264-NovaRip mkv.mkv","Person of Interest"
"Person Of Interest 2x22 Fuori Tempo Massimo ITA DLMux x264-NovaRip mkv.mkv","Person of Interest"
"Person Of Interest 2x09 Taxi Driver ITA DLMux x264-NovaRip mkv.mkv","Person of Interest"
"Person Of Interest 2x10 Fine Del Gioco ITA DLMux x264-NovaRip mkv.mkv","Person of Interest"
"Person Of Interest 2x13 Calcolo Della Mortalita ITA DLMux x264-NovaRip mkv.mkv","Person of Interest"
"Person Of Interest 3x15 Ultima Chiamata ITA WEB-DLMux x264-iGM srt.srt","Person of Interest"
"Person Of Interest 3x16 Ram ITA WEB-DLMux x264-iGM srt.srt","Person of Interest"
"Person Of Interest 3x18 Il Diplomatico ITA WEB-DLMux x264-iGM srt.srt","Person of Interest"
"Person Of Interest 3x21 Beta ITA WEB-DLMux x264-iGM srt.srt","Person of Interest"
"Person of Interest 3x06 Mors Praematura ITA WEB-DLMux x264-iGM mp4.mp4","Person of Interest"
"Person Of Interest 3x07 L Ipnotizzatore ITA WEB-DLMux x264-iGM mp4.mp4","Person of Interest"
"Person Of Interest 3x09 L Ultima Notte ITA WEB-DLMux x264-iGM mp4.mp4","Person of Interest"
"Person Of Interest 3x10 La Paga Del Diavolo ITA WEB-DLMux x264-iGM mp4.mp4","Person of Interest"
"Person Of Interest 3x11 L Oblio ITA WEB-DLMux x264-iGM mp4.mp4","Person of Interest"
"Person Of Interest 3x16 Ram ITA WEB-DLMux x264-iGM mp4.mp4","Person of Interest"
"Person Of Interest 3x18 Il Diplomatico ITA WEB-DLMux x264-iGM mp4.mp4","Person of Interest"
"Person Of Interest 3x19 Ad Un Passo Dal Baratro ITA WEB-DLMux x264-iGM mp4.mp4","Person of Interest"
"Person Of Interest 4x01 Un Numero Nuovo ITA DLMux x264-NovaRip mkv.mkv","Person of Interest"
"Person Of Interest 4x04 La Fratellanza ITA DLMux x264-NovaRip mkv.mkv","Person of Interest"
"Person Of Interest 4x09 La Cassaforte ITA DLMux x264-NovaRip mkv.mkv","Person of Interest"
"Person Of Interest 4x10 Guerra Fredda ITA DLMux x264-NovaRip mkv.mkv","Person of Interest"
"Person Of Interest 4x14 Colpevole ITA DLMux x264-NovaRip mkv.mkv","Person of Interest"
"Person Of Interest 4x15 Domande E Risposte ITA DLMux x264-NovaRip mkv.mkv","Person of Interest"
"Person Of Interest 4x21 Il Manicomio ITA DLMux x264-NovaRip mkv.mkv","Person of Interest"
"Person Of Interest 4x22 L Ultima Sfida ITA DLMux x264-NovaRip mkv.mkv","Person of Interest"
"Person Of Interest 5x02 Informazioni Fallaci ITA BDMux x264-NovaRip mkv.mkv","Person of Interest"
"Person Of Interest 5x04 Simulazione 6 741 ITA BDMux x264-NovaRip mkv.mkv","Person of Interest"
"Person Of Interest 5x09 Sotto Voce ITA BDMux x264-NovaRip mkv.mkv","Person of Interest"
"Person Of Interest 5x10 Il Giorno In Cui Il Mondo Spari ITA BDMux x264-NovaRip mkv.mkv","Person of Interest"
"Person Of Interest 5x11 Attacco Al Presidente ITA BDMux x264-NovaRip mkv.mkv","Person of Interest"
"Person Of Interest 1x19 I capifamiglia iTALiAN BDMux XviD-DarkSideMux forced srt.srt","Person of Interest"
"Person Of Interest 1x04 Cura te ipsum iTALiAN BDMux XviD-DarkSideMux avi.avi","Person of Interest"
"Person Of Interest 3x13 Posto 4C ITA WEB-DLMux x264-iGM srt.srt","Person of Interest"
"Person Of Interest 1x23 Apoteosi finale iTALiAN BDMux XviD-DarkSideMux forced srt.srt","Person of Interest"
"Person Of Interest 2x01 Il Piano Di Emergenza ITA DLMux x264-NovaRip mkv.mkv","Person of Interest"
"Person Of Interest 3x08 Partita Finale ITA WEB-DLMux x264-iGM mp4.mp4","Person of Interest"
"Person of Interest 3x06 Mors Praematura ITA WEB-DLMux x264-iGM srt.srt","Person of Interest"
"Person Of Interest 3x04 Ragionevoli Dubbi ITA WEB-DLMux x264-iGM mp4.mp4","Person of Interest"
"Person Of Interest 1x01 La macchina della conoscenza iTALiAN BDMux XviD-DarkSideMux forced srt.srt","Person of Interest"
"Person Of Interest 3x11 L Oblio ITA WEB-DLMux x264-iGM srt.srt","Person of Interest"
"Person Of Interest 2x12 Il Dilemma Del Prigioniero ITA DLMux x264-NovaRip mkv.mkv","Person of Interest"
"Person Of Interest 3x02 Niente Da Nascondere ITA WEB-DLMux x264-iGM mp4.mp4","Person of Interest"
"Person Of Interest 2x21 Il Giorno Zero ITA DLMux x264-NovaRip mkv.mkv","Person of Interest"
"Person Of Interest 1x07 Il testimone iTALiAN BDMux XviD-DarkSideMux forced srt.srt","Person of Interest"
"Person Of Interest 2x05 Prima Pagina ITA DLMux x264-NovaRip mkv.mkv","Person of Interest"
"Person Of Interest 1x21 Il rischio dei ricordi iTALiAN BDMux XviD-DarkSideMux forced srt.srt","Person of Interest"
"Person Of Interest 1x05 Il giudizio iTALiAN BDMux XviD-DarkSideMux forced srt.srt","Person of Interest"
"Person Of Interest 3x03 Lady Killer ITA WEB-DLMux x264-iGM mp4.mp4","Person of Interest"
"Person Of Interest 1x20 La legge del piu forte iTALiAN BDMux XviD-DarkSideMux avi.avi","Person of Interest"
"Person Of Interest 2x18 All In ITA DLMux x264-NovaRip mkv.mkv","Person of Interest"
"Person Of Interest 1x03 Il reduce iTALiAN BDMux XviD-DarkSideMux forced srt.srt","Person of Interest"
"Person Of Interest 2x03 La Figlia Del Console ITA DLMux x264-NovaRip mkv.mkv","Person of Interest"
"Person Of Interest 1x16 Rischio iTALiAN BDMux XviD-DarkSideMux forced srt.srt","Person of Interest"
"Person Of Interest 1x05 Il giudizio iTALiAN BDMux XviD-DarkSideMux avi.avi","Person of Interest"
"Person Of Interest 3x19 Ad Un Passo Dal Baratro ITA WEB-DLMux x264-iGM srt.srt","Person of Interest"
"Person Of Interest 3x13 Posto 4C ITA WEB-DLMux x264-iGM mp4.mp4","Person of Interest"
"Person Of Interest 3x15 Ultima Chiamata ITA WEB-DLMux x264-iGM mp4.mp4","Person of Interest"
"Person Of Interest 3x17 Il Chip ITA WEB-DLMux x264-iGM mp4.mp4","Person of Interest"
"Person of Interest 3x23 Deus Ex Machina ITA WEB-DLMux x264-iGM mp4.mp4","Person of Interest"
"Person Of Interest 4x05 I Voti Spariti ITA DLMux x264-NovaRip mkv.mkv","Person of Interest"
"Person Of Interest 5x05 Rilevaspari ITA BDMux x264-NovaRip mkv.mkv","Person of Interest"
"Person Of Interest 5x06 Doping ITA BDMux x264-NovaRip mkv.mkv","Person of Interest"
"Person Of Interest 5x08 Epidemia ITA BDMux x264-NovaRip mkv.mkv","Person of Interest"
"Person Of Interest 3x21 Beta ITA WEB-DLMux x264-iGM mp4.mp4","Person of Interest"
"Person Of Interest 1x22 Niente buone azioni iTALiAN BDMux XviD-DarkSideMux avi.avi","Person of Interest"
"Person Of Interest 1x03 Il reduce iTALiAN BDMux XviD-DarkSideMux avi.avi","Person of Interest"
"Person Of Interest 1x02 Una voce dal passato iTALiAN Repack BDMux XviD-DarkSideMux avi.avi","Person of Interest"
"Person Of Interest 1x09 Gli occhi su Carter iTALiAN BDMux XviD-DarkSideMux forced srt.srt","Person of Interest"
"Person of Interest 3x05 La Conversazione ITA WEB-DLMux x264-iGM srt.srt","Person of Interest"
"Person Of Interest 2x06 Un Uomo Normale ITA DLMux x264-NovaRip mkv.mkv","Person of Interest"
"Person Of Interest 2x08 Fino Alla Morte ITA DLMux x264-NovaRip mkv.mkv","Person of Interest"
"Person Of Interest 3x20 Beneficio Mortale ITA WEB-DLMux x264-iGM mp4.mp4","Person of Interest"
"Person Of Interest 3x22 La Casa Divisa ITA WEB-DLMux x264-iGM srt.srt","Person of Interest"
"Person Of Interest 1x22 Niente buone azioni iTALiAN BDMux XviD-DarkSideMux forced srt.srt","Person of Interest"
"Person Of Interest 1x19 I capifamiglia iTALiAN BDMux XviD-DarkSideMux avi.avi","Person of Interest"
"Person of Interest 3x23 Deus Ex Machina ITA WEB-DLMux x264-iGM srt.srt","Person of Interest"
"Person Of Interest 1x11 Super iTALiAN BDMux XviD-DarkSideMux avi.avi","Person of Interest"
"Person Of Interest 1x09 Gli occhi su Carter iTALiAN BDMux XviD-DarkSideMux avi.avi","Person of Interest"
"Person Of Interest 4x03 L Esperto Di Donne ITA DLMux x264-NovaRip mkv.mkv","Person of Interest"
"Person Of Interest 1x17 La piccola Leila iTALiAN BDMux XviD-DarkSideMux forced srt.srt","Person of Interest"
"Person Of Interest 1x14 Il lupo e l agnello iTALiAN BDMux XviD-DarkSideMux avi.avi","Person of Interest"
"Person of Interest 3x05 La Conversazione ITA WEB-DLMux x264-iGM mp4.mp4","Person of Interest"
"Person Of Interest 3x22 La Casa Divisa ITA WEB-DLMux x264-iGM mp4.mp4","Person of Interest"
"Person Of Interest 3x01 Libera Uscita ITA WEB-DLMux x264-iGM srt.srt","Person of Interest"
"Person Of Interest 2x19 Cavallo Di Troia ITA DLMux x264-NovaRip mkv.mkv","Person of Interest"
"Person Of Interest 1x20 La legge del piu forte iTALiAN BDMux XviD-DarkSideMux forced srt.srt","Person of Interest"
"Person Of Interest 1x01 La macchina della conoscenza iTALiAN BDMux XviD-DarkSideMux avi.avi","Person of Interest"
"Person Of Interest 1x10 Quattro numeri iTALiAN BDMux XviD-DarkSideMux avi.avi","Person of Interest"
"Person Of Interest 4x13 Scomparsa ITA DLMux x264-NovaRip mkv.mkv","Person of Interest"
"Person Of Interest 4x17 Karma ITA DLMux x264-NovaRip mkv.mkv","Person of Interest"
"Person Of Interest 4x19 L Antivirus ITA DLMux x264-NovaRip mkv.mkv","Person of Interest"
"Person Of Interest 5x12 Sacrificio Estremo ITA BDMux x264-NovaRip mkv.mkv","Person of Interest"
"Person Of Interest 5x13 Fine Programma ITA BDMux x264-NovaRip mkv.mkv","Person of Interest"
"HDTVMUX x264 ITA-ENG-JAP AAC SUB ITA-ENG  Naruto Shippuden 168 - Il Quarto Hokage by danny11 & Summoner mkv.mkv","Naruto Shippuden"
"HDTVMUX x264 ITA-ENG-JAP AAC SUB ITA-ENG  Naruto Shippuden 167 - Chibaku Tensei by danny11 & Summoner mkv.mkv","Naruto Shippuden"
"HDTVMUX x264 ITA-ENG-JAP AAC SUB ITA-ENG  Naruto Shippuden 166 - Confessioni by danny11 & Summoner mkv.mkv","Naruto Shippuden"
"Naruto Shippuden 159 - Pain contro Kakashi by danny11 & LeBlanco mkv.mkv","Naruto Shippuden"
"HDTVMUX x264 ITA-ENG-JAP AAC SUB ITA-ENG  Naruto Shippuden 160 - Il mistero di Pain by danny11 & LeBlanco mkv.mkv","Naruto Shippuden"
"HDTVMUX x264 ITA-ENG-JAP AAC SUB ITA-ENG  Naruto Shippuden 155 - La prima sfida by danny11 & LeBlanco mkv.mkv","Naruto Shippuden"
"Naruto Shippuden 157 - Assalto a Konoha by danny11 & LeBlanco mkv.mkv","Naruto Shippuden"
"HDTVMUX x264 ITA-ENG-JAP AAC SUB ITA-ENG  Naruto Shippuden 161 - Cognome Sarutobi, nome Konohamaru by danny11 & LeBlanco V2 mkv.mkv","Naruto Shippuden"
"HDTVMUX x264 ITA-ENG-JAP AAC SUB ITA-ENG  Naruto Shippuden 152 - La triste notizia by danny11 & LeBlanco mkv.mkv","Naruto Shippuden"
"HDTVMUX x264 ITA-ENG-JAP AAC SUB ITA-ENG  Naruto Shippuden 175 - L'eroe della Foglia by danny11 & Summoner mkv.mkv","Naruto Shippuden"
"HDTVMUX x264 ITA-ENG-JAP AAC SUB ITA-ENG  Naruto Shippuden 174 - La storia di Naruto Uzumaki by danny11 & Summoner mkv.mkv","Naruto Shippuden"
"HDTVMUX x264 ITA-ENG-JAP AAC SUB ITA-ENG  Naruto Shippuden 173 - Le origini di Pain by danny11 & Summoner mkv.mkv","Naruto Shippuden"
"HDTVMUX x264 ITA-ENG-JAP AAC SUB ITA-ENG  Naruto Shippuden 172 - L'incontro by danny11 & Summoner mkv.mkv","Naruto Shippuden"
"HDTVMUX x264 ITA-ENG-JAP AAC SUB ITA-ENG  Naruto Shippuden 165 - Volpe a Nove Code, catturata! by danny11 & Summoner mkv.mkv","Naruto Shippuden"
"HDTVMUX x264 ITA-ENG-JAP AAC SUB ITA-ENG  Naruto Shippuden 169 - I due discepoli by danny11 & Summoner mkv.mkv","Naruto Shippuden"
"Naruto Shippuden 156 - L allievo supera il maestro by danny11 & LeBlanco mkv.mkv","Naruto Shippuden"
"HDTVMUX x264 ITA-ENG-JAP AAC SUB ITA-ENG  Naruto Shippuden 154 - Decriptato by danny11 & LeBlanco mkv.mkv","Naruto Shippuden"
"Naruto Shippuden 158 - Il potere di crederci by danny11 & LeBlanco mkv.mkv","Naruto Shippuden"
"HDTVMUX x264 ITA-ENG-JAP AAC SUB ITA-ENG  Naruto Shippuden 153 - All'ombra del maestro by danny11 & LeBlanco mkv.mkv","Naruto Shippuden"
"MacGyver 2016 5x07 Nella Tana Dei Serpenti ITA DLMux x264-UBi mkv.mkv","Mac Gyver"
"MacGyver 2016 5x02 Chi Offre Di Piu ITA DLMux x264-UBi mkv.mkv","Mac Gyver"
"MacGyver 2016 5x15 Per Sempre ITA DLMux x264-UBi mkv.mkv","Mac Gyver"
"MacGyver 2016 5x14 Arrivederci A Mission City ITA DLMux x264-UBi mkv.mkv","Mac Gyver"
"MacGyver 2016 5x13 Viaggio In Italia ITA DLMux x264-UBi mkv.mkv","Mac Gyver"
"MacGyver 2016 5x12 Nozze Pazze ITA DLMux x264-UBi mkv.mkv","Mac Gyver"
"MacGyver 2016 5x11 Il Grande Occhio ITA DLMux x264-UBi mkv.mkv","Mac Gyver"
"MacGyver 2016 5x10 Divide Et Impera ITA DLMux x264-UBi mkv.mkv","Mac Gyver"
"MacGyver 2016 5x09 Montagne Russe ITA DLMux x264-UBi mkv.mkv","Mac Gyver"
"MacGyver 2016 5x08 Mac E Jerry ITA DLMux x264-UBi mkv.mkv","Mac Gyver"
"MacGyver 2016 5x06 Chiusi In Casa ITA DLMux x264-UBi mkv.mkv","Mac Gyver"
"MacGyver 2016 5x05 L Eredita Di Dalton ITA DLMux x264-UBi mkv.mkv","Mac Gyver"
"MacGyver 2016 5x04 Un Altra Vita ITA DLMux x264-UBi mkv.mkv","Mac Gyver"
"MacGyver 2016 5x03 Il Generale Ma ITA DLMux x264-UBi mkv.mkv","Mac Gyver"
"MacGyver 2016 4x09 Cattive Ragazze ITA REPACK DLMux x264-UBi mkv.mkv","Mac Gyver"
"MacGyver 2016 4x06 Per Un Ottima Ragione ITA DLMux x264-UBi mkv.mkv","Mac Gyver"
"MacGyver 2016 4x07 Invito A Cena Con Sorpresa ITA REPACK DLMux x264-UBi mkv.mkv","Mac Gyver"
"MacGyver 2016 4x11 Preda E Predatore ITA DLMux x264-UBi mkv.mkv","Mac Gyver"
"MacGyver 2016 4x02 Il Quirk ITA DLMux x264-UBi mkv.mkv","Mac Gyver"
"MacGyver 2016 4x08 Affari Di Famiglia ITA DLMux x264-UBi mkv.mkv","Mac Gyver"
"MacGyver 2016 4x04 Corsa Contro Il Tempo ITA DLMux x264-UBi mkv.mkv","Mac Gyver"
"MacGyver 2016 4x12 Il Lato Oscuro ITA DLMux x264-UBi mkv.mkv","Mac Gyver"
"MacGyver 2016 4x03 Tra Cielo E Terra ITA DLMux x264-UBi mkv.mkv","Mac Gyver"
"MacGyver 2016 4x05 Undici Metri ITA DLMux x264-UBi mkv.mkv","Mac Gyver"
"MacGyver 2016 4x10 Sulle Spalle Dei Giganti ITA DLMux x264-UBi mkv.mkv","Mac Gyver"
"MacGyver 2016 4x13 Finale Di Partita ITA DLMux x264-UBi mkv.mkv","Mac Gyver"
"MacGyver 2016 4x01 Dalle Ceneri ITA DLMux x264-UBi mkv.mkv","Mac Gyver"
"Dexter New Blood S01E02 Tempesta di merda ITA ENG 1080p AMZN WEB-DLMux DD5 1 H 264-MeM GP mkv.mkv",Dexter
"Dexter New Blood 1x01 Ondata Di Freddo ITA DLMux x264-UBi mkv.mkv",Dexter
"Dexter New Blood 1x03 Segnali Di Fumo ITA DLMux x264-UBi mkv.mkv",Dexter
"Dexter New Blood 1x04 Miami ITA DLMux x264-UBi mkv.mkv",Dexter
"Dexter New Blood S01E07 La pelle sui suoi denti ITA ENG 1080p AMZN WEB-DLMux DD5 1 H 264-MeM GP mkv.mkv",Dexter
"Dexter - New Blood - 1x05 - In fuga WEBMux 720p x264 AC3 ITA E-AC3 ENG SUBS Tiger mkv.mkv",Dexter
"Dexter - New Blood - 1x06 - Troppi sandwich al tonno WEBMux 720p x264 AC3 ITA E-AC3 ENG SUBS Tiger mkv.mkv",Dexter
"The Good Wife - 6x20 - Demolizione DLMux ITA-ENG  Whitegandalf  mkv.mkv","The Good Wife"
"The Good Wife - 6x19 - Respinta DLMux ITA-ENG  Whitegandalf  mkv.mkv","The Good Wife"
"The Good Wife - 6x18 - Attacco Frontale DLMux ITA-ENG  Whitegandalf  mkv.mkv","The Good Wife"
"The Good Wife - 6x21 - Autostima DLMux ITA-ENG  Whitegandalf  mkv.mkv","The Good Wife"
"The Good Wife - 6x17 - Destinatari Ignoti DLMux ITA-ENG  Whitegandalf  mkv.mkv","The Good Wife"
"The Good Wife - 6x22 - Socio Cercasi DLMux ITA-ENG  Whitegandalf  mkv.mkv","The Good Wife"
"La Terra Dopo L'Uomo 1x02 La rivincita della natura  History Channel 2010  avi.avi","La terra Dopo L uomo"
"La Terra Dopo L'Uomo 1x10 Le acque della morte  History Channel 2010  avi.avi","La terra Dopo L uomo"
"La Terra Dopo L'Uomo 1x09 Senza via d'uscita  History Channel 2010  avi.avi","La terra Dopo L uomo"
"La Terra Dopo L'Uomo 1x08 A prova d'attacco  History Channel 2010  avi.avi","La terra Dopo L uomo"
"La Terra Dopo L'Uomo 1x07 Le citta del peccato  History Channel 2010  avi.avi","La terra Dopo L uomo"
"La Terra Dopo L'Uomo 1x03 Il declino dell'Impero Americano  History Channel 2010  avi.avi","La terra Dopo L uomo"
"La Terra Dopo L'Uomo 1x04 Trappole d'acciaio  History Channel 2010  avi.avi","La terra Dopo L uomo"
"La Terra Dopo L'Uomo 1x06 La fine della Gioconda  History Channel 2010  avi.avi","La terra Dopo L uomo"
"La Terra Dopo L'Uomo 1x05 L'alba dei predatori  History Channel 2010  avi.avi","La terra Dopo L uomo"
"Divx Doc Ita -La Terra Dopo L'uomo- History Channel SatRip  avi.avi","La terra Dopo L uomo"
"Gomorra La Serie 5x02 iTALiAN AC3 SatRip 1080p x264 by Alex69Picci mkv.mkv",Gomorra
"Gomorra S05E04 Episodio 4 1080p HMAX WEB-DL DD5 1 H 264-MeM GP mkv.mkv",Gomorra
"Gomorra S05E05 Episodio 5 1080p HMAX WEB-DL DD5 1 H 264-MeM GP mkv.mkv",Gomorra
"Gomorra La Serie 5x01 iTALiAN AC3 SatRip 1080p x264 by Alex69Picci mkv.mkv",Gomorra
"Gomorra La Serie 5x04 iTALiAN AC3 SatRip 1080p x264 by Alex69Picci mkv.mkv",Gomorra
"Gomorra La Serie 5x03 iTALiAN AC3 SatRip 1080p x264 by Alex69Picci mkv.mkv",Gomorra
"Gomorra S05E06 Episodio 6 1080p HMAX WEB-DL DD5 1 H264-MeM GP mkv.mkv",Gomorra
"Dexter - New Blood - 1x09 - L'attivita di famiglia  WEBMux 720p x264 AC3 ITA E-AC3 ENG SUBS  Tiger mkv.mkv",Dexter
"Dexter - New Blood - 1x08 - Gioco sleale  WEBMux 720p x264 AC3 ITA E-AC3 ENG SUBS  Tiger mkv.mkv",Dexter
"Dexter - New Blood - 1x10 - I peccati del padre  WEBMux 720p x264 AC3 ITA E-AC3 ENG SUBS  Tiger mkv.mkv",Dexter
"N C I S 18x01 La Stagione Dello Storione ITA DLMux x264-UBi mkv.mkv",NCIS
"Supernatural 15x20 Proseguire ITA BDMux x264-UBi mkv.mkv",Supernatural
"N C I S 18x06 1 Millimetro ITA DLMux x264-UBi mkv.mkv",NCIS
"N C I S 18x15 Spazzati Via ITA DLMux x264-UBi mkv.mkv",NCIS
"N C I S 18x11 Uno Strano Presentimento ITA DLMux x264-UBi mkv.mkv",NCIS
"Supernatural 15x09 La Trappola ITA BDMux x264-UBi mkv.mkv",Supernatural
"N C I S 18x07 Il Primo Giorno ITA DLMux x264-UBi mkv.mkv",NCIS
"N C I S 18x10 Lucy ITA DLMux x264-UBi mkv.mkv",NCIS
"Supernatural 15x05 Proverbi 17-3 ITA BDMux x264-UBi mkv.mkv",Supernatural
"Supernatural 15x08 Padre Nostro Che Non Sei Nei Cieli ITA BDMux x264-UBi mkv.mkv",Supernatural
"N C I S 18x03 Il Mio Tesoro ITA DLMux x264-UBi mkv.mkv",NCIS
"N C I S 18x09 Come stelle Nell Oscurita ITA DLMux x264-UBi mkv.mkv",NCIS
"Supernatural 15x01 Ritorno Al Futuro ITA BDMux x264-UBi mkv.mkv",Supernatural
"N C I S 18x14 Piccoli Cambiamenti ITA DLMux x264-UBi mkv.mkv",NCIS
"N C I S 18x12 Sangre ITA DLMux x264-UBi mkv.mkv",NCIS
"N C I S 18x02 Tutto Ha Un Inizio ITA DLMux x264-UBi mkv.mkv",NCIS
"N C I S 18x05 La Testa Del Serpente ITA DLMux x264-UBi mkv.mkv",NCIS
"N C I S 18x04 Avventura Ai Caraibi ITA DLMux x264-UBi mkv.mkv",NCIS
"N C I S 18x16 Regola 91 ITA DLMux x264-UBi mkv.mkv",NCIS
"N C I S 18x13 Cattiva Condotta ITA DLMux x264-UBi mkv.mkv",NCIS
"N C I S 18x08 Fedele A Chi ITA DLMux x264-UBi mkv.mkv",NCIS
"Supernatural 15x15 Gimme Shelter ITA BDMux x264-UBi mkv.mkv",Supernatural
"Supernatural 15x18 Disperazione ITA BDMux x264-UBi mkv.mkv",Supernatural
"Supernatural 15x12 Cervello Galattico ITA BDMux x264-UBi mkv.mkv",Supernatural
"Supernatural 15x14 Ultime Vacanze ITA BDMux x264-UBi mkv.mkv",Supernatural
"Supernatural 15x03 La Rottura ITA REPACK BDMux x264-UBi mkv.mkv",Supernatural
"Supernatural 15x10 Il Viaggio Degli Eroi ITA BDMux x264-UBi mkv.mkv",Supernatural
"Supernatural 15x00 The Long Road Home ITA DLMux x264-UBi mkv.mkv",Supernatural
"Supernatural 15x17 Unita ITA BDMux x264-UBi mkv.mkv",Supernatural
"Supernatural 15x06 Eta D Oro ITA BDMux x264-UBi mkv.mkv",Supernatural
"Supernatural 15x13 La Figlia Del Destino ITA BDMux x264-UBi mkv.mkv",Supernatural
"Supernatural 15x19 Eredita La Terra ITA BDMux x264-UBi mkv.mkv",Supernatural
"Supernatural 15x07 Ultima Chiamata ITA BDMux x264-UBi mkv.mkv",Supernatural
"Supernatural 15x11 I Giocatori D Azzardo ITA BDMux x264-UBi mkv.mkv",Supernatural
"Supernatural 15x04 Mostri Atomici ITA REPACK BDMux x264-UBi mkv.mkv",Supernatural
"Supernatural 15x02 Scatenando L Inferno ITA BDMux x264-UBi mkv.mkv",Supernatural
"Supernatural 15x16 Trascinami Via - Da Te ITA BDMux x264-UBi mkv.mkv",Supernatural
"Foundation 1x01 La Pace Dell Imperatore ITA DLMux x264-UBi mkv.mkv",Foundation
"Foundation 1x09 La Prima Crisi ITA DLMux x264-UBi mkv.mkv",Foundation
"Foundation 1x04 I Barbari Alle Porte ITA DLMux x264-UBi mkv.mkv",Foundation
"Foundation 1x03 Il Fantasma Del Matematico ITA DLMux x264-UBi mkv.mkv",Foundation
"Foundation 1x08 Il Pezzo Mancante ITA DLMux x264-UBi mkv.mkv",Foundation
"Dune 2021 DVD Rip AVC x264 AC3 ITA AAC ENG Subs MF mkv.mkv",Dexter
"Foundation 1x05 Al Suo Risveglio ITA DLMux x264-UBi mkv.mkv",Foundation
"Foundation 1x10 Il Salto ITA DLMux x264-UBi mkv.mkv",Foundation
"Foundation 1x06 Morte E Luna Vergine ITA DLMux x264-UBi mkv.mkv",Foundation
"Foundation 1x02 Prepararsi A Vivere ITA DLMux x264-UBi mkv.mkv",Foundation
"Foundation 1x07 Misteri E Martiri ITA DLMux x264-UBi mkv.mkv",Foundation
"NCIS Los Angeles 12x03 Karen La Belva ITA DLMux x264-UBi mkv.mkv","NCIS Los Angeles"
"NCIS Los Angeles 12x17 Attraverso Lo Specchio ITA DLMux x264-UBi mkv.mkv","NCIS Los Angeles"
"NCIS Los Angeles 12x16 Il Momento Di Cambiare ITA DLMux x264-UBi mkv.mkv","NCIS Los Angeles"
"NCIS Los Angeles 12x18 Igor Vs Igor ITA DLMux x264-UBi mkv.mkv","NCIS Los Angeles"
"CSI Vegas 1x03 Sotto La Pelle ITA DLMux x264-UBi mkv.mkv",CSI
"NCIS Los Angeles 12x05 Chi Non Muore ITA DLMux x264-UBi mkv.mkv","NCIS Los Angeles"
"CSI Vegas 1x02 Oggi Sposi ITA DLMux x264-UBi mkv.mkv",CSI
"NCIS Los Angeles 12x11 Russia Russia Russia ITA DLMux x264-UBi mkv.mkv","NCIS Los Angeles"
"CSI Vegas 1x01 Eredita ITA DLMux x264-UBi mkv.mkv",CSI
"CSI Vegas 1x04 Alla Brace ITA DLMux x264-UBi mkv.mkv",CSI
"NCIS Los Angeles 12x01 Nome In Codice Bear ITA DLMux x264-UBi mkv.mkv","NCIS Los Angeles"
"NCIS Los Angeles 12x12 Invisibile Agli Occhi ITA DLMux x264-UBi mkv.mkv","NCIS Los Angeles"
"NCIS Los Angeles 12x04 Soldi Soldi Soldi ITA DLMux x264-UBi mkv.mkv","NCIS Los Angeles"
"NCIS Los Angeles 12x07 A Voce Alta ITA DLMux x264-UBi mkv.mkv","NCIS Los Angeles"
"NCIS Los Angeles 12x10 Tale Padre Tale Figlia ITA DLMux x264-UBi mkv.mkv","NCIS Los Angeles"
"NCIS Los Angeles 12x02 Crimini Di Guerra ITA DLMux x264-UBi mkv.mkv","NCIS Los Angeles"
"NCIS Los Angeles 12x06 Se Il Destino Lo Vorra ITA DLMux x264-UBi mkv.mkv","NCIS Los Angeles"
"NCIS Los Angeles 12x09 Fatto Compiuto ITA DLMux x264-UBi mkv.mkv","NCIS Los Angeles"
"NCIS Los Angeles 12x08 L Amore Uccide ITA DLMux x264-UBi mkv.mkv","NCIS Los Angeles"
"NCIS Los Angeles 12x15 Identita Violate ITA DLMux x264-UBi mkv.mkv","NCIS Los Angeles"
"NCIS Los Angeles 12x13 Lo Scambio ITA DLMux x264-UBi mkv.mkv","NCIS Los Angeles"
"NCIS Los Angeles 12x14 Le Nobili Fanciulle ITA DLMux x264-UBi mkv.mkv","NCIS Los Angeles"
"Once upon a time 1x02 La cosa che piu ami ITA ENG DLmux-Pir8 srt.srt","Once Upon a Time"
"Once upon a time 1x02 La cosa che piu ami ITA ENG DLmux-Pir8 en srt.srt","Once Upon a Time"
"Once Upon A Time 1x01 Mai Piu Un Lieto Fine ITA ENG DLmux-Pir8 en srt.srt","Once Upon a Time"
"Once upon a time 1x05 La voce della coscienza ITA ENG DLmux-Pir8 srt.srt","Once Upon a Time"
"Once upon a time 1x04 Il Prezzo Della Magia ITA ENG DLmux-Pir8 en srt.srt","Once Upon a Time"
"Once upon a time 1x04 Il Prezzo Della Magia ITA ENG DLmux-Pir8 srt.srt","Once Upon a Time"
"Once Upon A Time 1x17 Il Trucco Del Cappello ITA ENG DLmux-Pir8 srt.srt","Once Upon a Time"
"Once Upon A Time 1x12 Belle ITA ENG DLmux-Pir8 srt.srt","Once Upon a Time"
"Once Upon A Time 1x22 Una Terra Senza Magia ITA ENG DLmux-Pir8 srt.srt","Once Upon a Time"
"Once Upon A Time 1x08 Anime Disperate ITA ENG DLmux-Pir8 srt.srt","Once Upon a Time"
"Once Upon A Time 1x06 Il Pastore ITA ENG DLmux-Pir8 en srt.srt","Once Upon a Time"
"Once upon A Time 1x11 Il Frutto dell Albero Avvelenato ITA ENG DLmux-Pir8 en srt.srt","Once Upon a Time"
"Once Upon A Time 1x09 La Bussola ITA ENG DLmux-Pir8 srt.srt","Once Upon a Time"
"CSI Vegas 1x05 Alta Quota ITA DLMux x264-UBi mkv.mkv",CSI
"Once Upon A Time 1x15 Mani Rosso Sangue ITA ENG DLmux-Pir8 avi.avi","Once Upon a Time"
"Once Upon A Time 1x18 Lo Stalliere ITA ENG DLmux-Pir8 forced srt.srt","Once Upon a Time"
"Once upon a time 1x05 La voce della coscienza ITA ENG DLmux-Pir8 avi.avi","Once Upon a Time"
"Once Upon A Time 1x20 Lo Sconosciuto ITA ENG DLmux-Pir8 en srt.srt","Once Upon a Time"
"Once Upon A Time 1x01 Mai Piu Un Lieto Fine ITA ENG DLmux-Pir8 forced srt.srt","Once Upon a Time"
"Once Upon A Time 1x22 Una Terra Senza Magia ITA ENG DLmux-Pir8 avi.avi","Once Upon a Time"
"Once Upon A Time 1x10 07 15 Del Mattino ITA ENG DLmux-Pir8 srt.srt","Once Upon a Time"
"Once Upon A Time 1x13 Che Cosa E Successo A Frederick ITA ENG DLmux-Pir8 srt.srt","Once Upon a Time"
"Once Upon A Time 1x18 Lo Stalliere ITA ENG DLmux-Pir8 avi.avi","Once Upon a Time"
"Once Upon A Time 1x09 La Bussola ITA ENG DLmux-Pir8 avi.avi","Once Upon a Time"
"Once upon a time 1x07 Il Cacciatore ITA-ENG DLMux XviD-Pir8 srt.srt","Once Upon a Time"
"Once upon a time 1x07 Il Cacciatore ITA-ENG DLMux XviD-Pir8 avi.avi","Once Upon a Time"
"Once Upon A Time 1x13 Che Cosa E Successo A Frederick ITA ENG DLmux-Pir8 avi.avi","Once Upon a Time"
"Once Upon A Time 1x16 Cuore Di Tenebra ITA ENG DLmux-Pir8 en srt.srt","Once Upon a Time"
"Once Upon A Time 1x08 Anime Disperate ITA ENG DLmux-Pir8 avi.avi","Once Upon a Time"
"Once Upon A Time 1x03 La Cosa Giusta Da Fare ITA ENG DLmux-Pir8 en srt.srt","Once Upon a Time"
"Once Upon A Time 1x10 07 15 Del Mattino ITA ENG DLmux-Pir8 avi.avi","Once Upon a Time"
"Once Upon A Time 1x18 Lo Stalliere ITA ENG DLmux-Pir8 en srt.srt","Once Upon a Time"
"Once Upon A Time 1x18 Lo Stalliere ITA ENG DLmux-Pir8 srt.srt","Once Upon a Time"
"Once Upon A Time 1x16 Cuore Di Tenebra ITA ENG DLmux-Pir8 avi.avi","Once Upon a Time"
"Once upon a time 1x04 Il Prezzo Della Magia ITA ENG DLmux-Pir8 avi.avi","Once Upon a Time"
"Once Upon A Time 1x01 Mai Piu Un Lieto Fine ITA ENG DLmux-Pir8 avi.avi","Once Upon a Time"
"Once Upon A Time 1x19 Il Ritorno ITA ENG DLmux-Pir8 avi.avi","Once Upon a Time"
"Once upon A Time 1x11 Il Frutto dell Albero Avvelenato ITA ENG DLmux-Pir8 avi.avi","Once Upon a Time"
"Once Upon A Time 1x21 Una Mela Rosso Sangue ITA ENG DLmux-Pir8 en srt.srt","Once Upon a Time"
"Once Upon A Time 1x14 Sognolo ITA ENG DLmux-Pir8 avi.avi","Once Upon a Time"
"Once Upon A Time 1x03 La Cosa Giusta Da Fare ITA ENG DLmux-Pir8 srt.srt","Once Upon a Time"
"Once Upon A Time 1x06 Il Pastore ITA ENG DLmux-Pir8 avi.avi","Once Upon a Time"
"Once Upon A Time 1x13 Che Cosa E Successo A Frederick ITA ENG DLmux-Pir8 en srt.srt","Once Upon a Time"
"Once Upon A Time 1x19 Il Ritorno ITA ENG DLmux-Pir8 en srt.srt","Once Upon a Time"
"Once Upon A Time 1x14 Sognolo ITA ENG DLmux-Pir8 srt.srt","Once Upon a Time"
"Once upon a time 1x05 La voce della coscienza ITA ENG DLmux-Pir8 en srt.srt","Once Upon a Time"
"Once Upon A Time 1x19 Il Ritorno ITA ENG DLmux-Pir8 srt.srt","Once Upon a Time"
"Once upon a time 1x07 Il Cacciatore ITA-ENG DLMux XviD-Pir8 en srt.srt","Once Upon a Time"
"Once Upon A Time 1x12 Belle ITA ENG DLmux-Pir8 en srt.srt","Once Upon a Time"
"Once Upon A Time 1x17 Il Trucco Del Cappello ITA ENG DLmux-Pir8 en srt.srt","Once Upon a Time"
"Once upon a time 1x02 La cosa che piu ami ITA ENG DLmux-Pir8 avi.avi","Once Upon a Time"
"Once Upon A Time 1x12 Belle ITA ENG DLmux-Pir8 avi.avi","Once Upon a Time"
"Once Upon A Time 1x15 Mani Rosso Sangue ITA ENG DLmux-Pir8 en srt.srt","Once Upon a Time"
"Once Upon A Time 1x17 Il Trucco Del Cappello ITA ENG DLmux-Pir8 avi.avi","Once Upon a Time"
"Once Upon A Time 1x15 Mani Rosso Sangue ITA ENG DLmux-Pir8 srt.srt","Once Upon a Time"
"Once Upon A Time 1x20 Lo Sconosciuto ITA ENG DLmux-Pir8 srt.srt","Once Upon a Time"
"Once Upon A Time 1x03 La Cosa Giusta Da Fare ITA ENG DLmux-Pir8 avi.avi","Once Upon a Time"
"Once Upon A Time 1x16 Cuore Di Tenebra ITA ENG DLmux-Pir8 srt.srt","Once Upon a Time"
"Once Upon A Time 1x21 Una Mela Rosso Sangue ITA ENG DLmux-Pir8 avi.avi","Once Upon a Time"
"Once Upon A Time 1x08 Anime Disperate ITA ENG DLmux-Pir8 en srt.srt","Once Upon a Time"
"Once upon A Time 1x11 Il Frutto dell Albero Avvelenato ITA ENG DLmux-Pir8 srt.srt","Once Upon a Time"
"Once Upon A Time 1x21 Una Mela Rosso Sangue ITA ENG DLmux-Pir8 srt.srt","Once Upon a Time"
"Once Upon A Time 1x09 La Bussola ITA ENG DLmux-Pir8 en srt.srt","Once Upon a Time"
"Once Upon A Time 1x06 Il Pastore ITA ENG DLmux-Pir8 srt.srt","Once Upon a Time"
"Once Upon A Time 1x10 07 15 Del Mattino ITA ENG DLmux-Pir8 en srt.srt","Once Upon a Time"
"Once Upon A Time 1x14 Sognolo ITA ENG DLmux-Pir8 en srt.srt","Once Upon a Time"
"Once Upon A Time 1x20 Lo Sconosciuto ITA ENG DLmux-Pir8 avi.avi","Once Upon a Time"
"Once Upon A Time 1x22 Una Terra Senza Magia ITA ENG DLmux-Pir8 en srt.srt","Once Upon a Time"
"Once Upon A Time 1x01 Mai Piu Un Lieto Fine ITA ENG DLmux-Pir8 srt.srt","Once Upon a Time"
"Once upon a time 1x05 La voce della coscienza ITA-ENG 720p DLMux DD5 1 h264-DarkSideMux mkv.mkv","Once Upon a Time"
"Once upon a time 1x03 La cosa giusta da fare ITA-ENG 720p DLMux DD5 1 h264-DarkSideMux mkv.mkv","Once Upon a Time"
"Once upon a time 1x02 La cosa che piu ami ITA-ENG 720p DLMux DD5 1 h264-DarkSideMux mkv.mkv","Once Upon a Time"
"Once upon a time 1x08 Anime disperate ITA-ENG 720p DLMux DD5 1 h264-DarkSideMux mkv.mkv","Once Upon a Time"
"Once upon a time 1x01 Mai piu un lieto fine ITA-ENG 720p DLMux DD5 1 h264-DarkSideMux mkv.mkv","Once Upon a Time"
"Once upon a time 1x04 Il prezzo della magia ITA-ENG 720p DLMux DD5 1 h264-DarkSideMux mkv.mkv","Once Upon a Time"
"Once upon a time 1x09 La bussola ITA-ENG 720p DLMux DD5 1 h264-DarkSideMux mkv.mkv","Once Upon a Time"
"Once upon a time 1x06 Il pastore ITA-ENG 720p DLMux DD5 1 h264-DarkSideMux mkv.mkv","Once Upon a Time"
"Once upon a time 1x13 Che cosa e successo a Frederick ITA-ENG 720p DLMux DD5 1 h264-DarkSideMux mkv.mkv","Once Upon a Time"
"Once upon a time 1x20 Lo sconosciuto ITA-ENG 720p DLMux DD5 1 h264-DarkSideMux mkv.mkv","Once Upon a Time"
"CSI Vegas 1x06 Morte Da Clown ITA DLMux x264-UBi mkv.mkv",CSI
"Once upon a time 1x10 07 15 del mattino ITA-ENG 720p DLMux DD5 1 h264-DarkSideMux mkv.mkv","Once Upon a Time"
"Once upon a time 1x07 Il cacciatore ITA-ENG 720p DLMux DD5 1 h264-DarkSideMux mkv.mkv","Once Upon a Time"
"Once upon a time 1x21 Una mela rosso sangue ITA-ENG 720p DLMux DD5 1 h264-DarkSideMux mkv.mkv","Once Upon a Time"
"Once upon a time 1x11 Il frutto dell albero avvelenato ITA-ENG 720p DLMux DD5 1 h264-DarkSideMux mkv.mkv","Once Upon a Time"
"Once upon a time 1x15 Mani rosso sangue ITA-ENG 720p DLMux DD5 1 h264-DarkSideMux mkv.mkv","Once Upon a Time"
"Once upon a time 1x14 Sognolo ITA-ENG 720p DLMux DD5 1 h264-DarkSideMux mkv.mkv","Once Upon a Time"
"Once upon a time 1x12 Belle ITA-ENG 720p DLMux DD5 1 h264-DarkSideMux mkv.mkv","Once Upon a Time"
"Once upon a time 1x16 Cuore di tenebra ITA-ENG 720p DLMux DD5 1 h264-DarkSideMux mkv.mkv","Once Upon a Time"
"Once upon a time 1x17 Il trucco del cappello ITA-ENG 720p DLMux DD5 1 h264-DarkSideMux mkv.mkv","Once Upon a Time"
"Once upon a time 1x19 The return ITA-ENG 720p DLMux DD5 1 h264-DarkSideMux mkv.mkv","Once Upon a Time"
"Once upon a time 1x22 Un mondo senza magia ITA-ENG 720p DLMux DD5 1 h264-DarkSideMux mkv.mkv","Once Upon a Time"
"Once upon a time 1x18 Lo stalliere ITA-ENG 720p DLMux DD5 1 h264-DarkSideMux mkv.mkv","Once Upon a Time"
"C Era Una Volta 2x01 Spezzato iTALiAN DLMux x264-UBi mp4.mp4","Once Upon a Time"
"C Era Una Volta 2x03 Il lago iTALiAN DLMux x264-UBi mp4.mp4","Once Upon a Time"
"C Era Una Volta 2x04 Il coccodrillo iTALiAN DLMux x264-UBi mp4.mp4","Once Upon a Time"
"C Era Una Volta 2x02 Chi scegliamo di essere iTALiAN DLMux x264-UBi mp4.mp4","Once Upon a Time"
"C Era Una Volta 2x13 Scricciolo iTALiAN DLMux x264-UBi forced srt.srt","Once Upon a Time"
"C Era Una Volta 2x15 La Regina E Morta iTALiAN DLMux x264-UBi mp4.mp4","Once Upon a Time"
"C Era Una Volta 2x17 Benvenuti A Storybrooke iTALiAN DLMux x264-UBi mp4.mp4","Once Upon a Time"
"C Era Una Volta 2x10 Il Gioco Del Grillo iTALiAN DLMux x264-UBi mp4.mp4","Once Upon a Time"
"C Era Una Volta 2x22 E Poi Dritto Fino Al Mattino ITA WEB-DLMux x264-UPZ mp4.mp4","Once Upon a Time"
"C Era Una Volta 2x13 Scricciolo iTALiAN DLMux x264-UBi mp4.mp4","Once Upon a Time"
"C Era Una Volta 2x14 Manhattan iTALiAN DLMux x264-UBi forced srt.srt","Once Upon a Time"
"C Era Una Volta 2x18 Impavido Sincero E Altruista iTALiAN DLMux x264-UBi srt.srt","Once Upon a Time"
"C Era Una Volta 2x07 Figlia della luna iTALiAN DLMux x264-UBi mp4.mp4","Once Upon a Time"
"C Era Una Volta 2x11 L Outsider iTALiAN DLMux x264-UBi mp4.mp4","Once Upon a Time"
"C Era Una Volta 2x19 Lacey iTALiAN DLMux x264-UBi mp4.mp4","Once Upon a Time"
"C Era Una Volta 2x21 Seconda Stella A Destra ITA WEB-DLMux x264-UPZ forced srt.srt","Once Upon a Time"
"C Era Una Volta 2x17 Benvenuti A Storybrooke iTALiAN DLMux x264-UBi srt.srt","Once Upon a Time"
"C Era Una Volta 2x06 Tallahassee iTALiAN DLMux x264-UBi mp4.mp4","Once Upon a Time"
"C Era Una Volta 2x05 Il dottore iTALiAN DLMux x264-UBi mp4.mp4","Once Upon a Time"
"C Era Una Volta 2x12 In Nome Del Fratello iTALiAN DLMux x264-UBi forced srt.srt","Once Upon a Time"
"C Era Una Volta 2x09 Regina Di Cuori iTALiAN DLMux x264-UBi forced srt.srt","Once Upon a Time"
"C Era Una Volta 2x12 In Nome Del Fratello iTALiAN DLMux x264-UBi mp4.mp4","Once Upon a Time"
"C Era Una Volta 2x11 L Outsider iTALiAN DLMux x264-UBi forced srt.srt","Once Upon a Time"
"C Era Una Volta 2x15 La Regina E Morta iTALiAN DLMux x264-UBi forced srt.srt","Once Upon a Time"
"C Era Una Volta 2x18 Impavido Sincero E Altruista iTALiAN DLMux x264-UBi mp4.mp4","Once Upon a Time"
"C Era Una Volta 2x16 La Figlia Del Mugnaio iTALiAN DLMux x264-UBi mp4.mp4","Once Upon a Time"
"C Era Una Volta 2x21 Seconda Stella A Destra ITA WEB-DLMux x264-UPZ mp4.mp4","Once Upon a Time"
"C Era Una Volta 2x09 Regina Di Cuori iTALiAN DLMux x264-UBi mp4.mp4","Once Upon a Time"
"C Era Una Volta 2x08 L Incantesimo Del Sonno iTALiAN DLMux x264-UBi mp4.mp4","Once Upon a Time"
"C Era Una Volta 2x14 Manhattan iTALiAN DLMux x264-UBi mp4.mp4","Once Upon a Time"
"C Era Una Volta 2x20 La Regina Cattiva iTALiAN DLMux x264-UBi mp4.mp4","Once Upon a Time"
"Moon Knight 1x01 Il Pesce Monopinna ITA DLMux x264-UBi mkv.mkv","Moon Knight"
"Halo 1x01 Contact ITA DLMux x264-UBi mkv.mkv",Halo
"Halo 1x02 Unbound ITA DLMux x264-UBi mkv.mkv",Halo
"Moon Knight 1x02 Evoca Il Costume ITA DLMux x264-UBi mkv.mkv","Moon Knight"
"Moon Knight 1x03 Un Tipo Amichevole ITA DLMux x264-UBi mkv.mkv","Moon Knight"
"Halo 1x03 Emergence ITA DLMux x264-UBi mkv.mkv",Halo
"N C I S 19x01 Acqua Rosso Sangue ITA DLMux x264-UBi mkv.mkv",NCIS
"N C I S 19x08 Il Pacificatore ITA DLMux x264-UBi mkv.mkv",NCIS
"N C I S 19x07 Crociera Di Morte ITA DLMux x264-UBi mkv.mkv",NCIS
"N C I S 19x04 Alaska ITA DLMux x264-UBi mkv.mkv",NCIS
"N C I S 19x05 Insoliti Sospetti ITA DLMux x264-UBi mkv.mkv",NCIS
"N C I S 19x02 Mezzo Morto ITA DLMux x264-UBi mkv.mkv",NCIS
"N C I S 19x06 Falsa Partenza ITA DLMux x264-UBi mkv.mkv",NCIS
"Moon Knight 1x04 La Tomba ITA DLMux x264-UBi mkv.mkv","Moon Knight"
"Once Upon A Time 3x07 Alla Ricerca Dell Ombra ITA DLMux x264-NovaRip mkv.mkv","Once Upon a Time"
"Once Upon A Time 3x15 Menti Silenziose ITA DLMux x264-NovaRip mkv.mkv","Once Upon a Time"
"Once Upon A Time 3x14 La Torre ITA DLMux x264-NovaRip mkv.mkv","Once Upon a Time"
"Once Upon A Time 3x17 La Jolly Roger ITA DLMux x264-NovaRip mkv.mkv","Once Upon a Time"
"Halo 1x04 Homecoming ITA DLMux x264-UBi mkv.mkv",Halo
"Once Upon A Time 3x12 Segui Il Tuo Istinto ITA DLMux x264-NovaRip mkv.mkv","Once Upon a Time"
"N C I S 19x03 L Anello Mancante ITA DLMux x264-UBi mkv.mkv",NCIS
"Once Upon A Time 3x18 Passato E Presente ITA DLMux x264-NovaRip mkv.mkv","Once Upon a Time"
"Once Upon A Time 3x21 Il Corso Degli Eventi ITA DLMux x264-NovaRip mkv.mkv","Once Upon a Time"
"Once Upon A Time 3x05 La Forma Corretta ITA DLMux x264-NovaRip mkv.mkv","Once Upon a Time"
"Once Upon A Time 3x06 Ariel ITA DLMux x264-NovaRip mkv.mkv","Once Upon a Time"
"Once Upon A Time 3x01 Il Cuore Del Vero Credente ITA DLMux x264-NovaRip mkv.mkv","Once Upon a Time"
"Once Upon A Time 3x13 Caccia Alla Strega ITA DLMux x264-NovaRip mkv.mkv","Once Upon a Time"
"Once Upon A Time 3x19 Una Cosa Curiosa ITA DLMux x264-NovaRip mkv.mkv","Once Upon a Time"
"Once Upon A Time 3x04 Cattive Abitudini ITA DLMux x264-NovaRip mkv.mkv","Once Upon a Time"
"Once Upon A Time 3x03 Una Fata Piuttosto Comune ITA DLMux x264-NovaRip mkv.mkv","Once Upon a Time"
"Once Upon A Time 3x22 Nessun Posto E Come Casa ITA DLMux x264-NovaRip mkv.mkv","Once Upon a Time"
"Once Upon A Time 3x10 La Nuova Isola Che Non C E ITA DLMux x264-NovaRip mkv.mkv","Once Upon a Time"
"Once Upon A Time 3x02 Ragazza Sperduta ITA DLMux x264-NovaRip mkv.mkv","Once Upon a Time"
"Once Upon A Time 3x08 Fai Pensieri Felici ITA DLMux x264-NovaRip mkv.mkv","Once Upon a Time"
"N C I S 19x09 Memoria Virtuale ITA DLMux x264-UBi mkv.mkv",NCIS
"The Batman 2022 iTALiAN LD WEBRip XviD-WRS avi.avi","Romanzo Criminale"
"Once Upon A Time 3x09 Salviamo Henry ITA DLMux x264-NovaRip mkv.mkv","Once Upon a Time"
"Once Upon A Time 3x20 Kansas ITA DLMux x264-NovaRip mkv.mkv","Once Upon a Time"
"Moon Knight 1x05 Asylum ITA DLMux x264-UBi mkv.mkv","Moon Knight"
"Halo 1x05 Reckoning ITA DLMux x264-UBi mkv.mkv",Halo
"Once Upon A Time 3x11 Si Torna A Casa ITA DLMux x264-NovaRip mkv.mkv","Once Upon a Time"
"Once Upon A Time 3x16 Essere Verdi Non E Facile ITA DLMux x264-NovaRip mkv.mkv","Once Upon a Time"
"N C I S 19x10 Giuramento Di Fedelta ITA DLMux x264-UBi mkv.mkv",NCIS
"Moon Knight 1x06 Dei E Mostri ITA DLMux x264-UBi mkv.mkv","Moon Knight"
"Halo 1x06 Solace ITA DLMux x264-UBi mkv.mkv",Halo
"Halo 1x07 Inheritance ITA DLMux x264-UBi mkv.mkv",Halo
"The Good Doctor 5x02 Una Fetta Di Torta ITA DLMux x264-UBi mkv.mkv","The Good Doctor"
"The Good Doctor 5x11 La Famiglia ITA DLMux x264-UBi mkv.mkv","The Good Doctor"
"The Good Doctor 5x07 Solo Bugie ITA DLMux x264-UBi mkv.mkv","The Good Doctor"
"The Good Doctor 5x03 Tempo Di Cambiamenti ITA DLMux x264-UBi mkv.mkv","The Good Doctor"
"The Good Doctor 5x10 La Rinascita ITA DLMux x264-UBi mkv.mkv","The Good Doctor"
"The Good Doctor 5x06 Un Cuore ITA DLMux x264-UBi mkv.mkv","The Good Doctor"
"N C I S 19x11 Lunga Vita E Prosperita ITA DLMux x264-UBi mkv.mkv",NCIS
"The Good Doctor 5x09 Cambiamenti In Arrivo ITA DLMux x264-UBi mkv.mkv","The Good Doctor"
"N C I S 19x12 Occhio Per Occhio ITA DLMux x264-UBi mkv.mkv",NCIS
"Halo 1x08 Allegiance ITA DLMux x264-UBi mkv.mkv",Halo
"The Good Doctor 5x05 Strategie Di Gradimento ITA DLMux x264-UBi mkv.mkv","The Good Doctor"
"The Good Doctor 5x08 Ribellione ITA DLMux x264-UBi mkv.mkv","The Good Doctor"
"The Good Doctor 5x01 La Festa Di Lea E Shaun ITA DLMux x264-UBi mkv.mkv","The Good Doctor"
"The Good Doctor 5x04 Razionalita ITA DLMux x264-UBi mkv.mkv","The Good Doctor"
"N C I S 19x13 Corsa Contro Il Tempo ITA DLMux x264-UBi mkv.mkv",NCIS
"Once Upon A Time 4x07 La Regina Delle Nevi ITA DLMux x264-NovaRip mkv.mkv","Once Upon a Time"
"Once Upon A Time 4x05 Lo Specchio Rotto ITA DLMux x264-NovaRip mkv.mkv","Once Upon a Time"
"Halo 1x09 Transcendence ITA DLMux x264-UBi mkv.mkv",Halo
"Obi-Wan Kenobi 1x01 Parte I ITA DLMux x264-UBi mkv.mkv","OBI ONE"
"Obi-Wan Kenobi 1x02 Parte II ITA DLMux x264-UBi mkv.mkv","OBI ONE"
"Once Upon A Time 4x09 Frammenti Di Specchio Seconda Parte ITA DLMux x264-NovaRip mkv.mkv","Once Upon a Time"
"Once Upon A Time 4x21 Madre ITA DLMux x264-NovaRip mkv.mkv","Once Upon a Time"
"Once Upon A Time 4x02 Black Out ITA DLMux x264-NovaRip mkv.mkv","Once Upon a Time"
"Once Upon A Time 4x23 Operazione Mangusta Seconda Parte ITA DLMux x264-NovaRip mkv.mkv","Once Upon a Time"
"Once Upon A Time 4x20 Lily ITA DLMux x264-NovaRip mkv.mkv","Once Upon a Time"
"Once Upon A Time 4x17 Azioni E Reazioni ITA DLMux x264-NovaRip mkv.mkv","Once Upon a Time"
"Once Upon A Time 4x19 In Bianco E Nero ITA DLMux x264-NovaRip mkv.mkv","Once Upon a Time"
"Once Upon A Time 4x22 Operazione Mangusta Prima Parte ITA DLMux x264-NovaRip mkv.mkv","Once Upon a Time"
"Once Upon A Time 4x18 Il Cuore Di Gold ITA DLMux x264-NovaRip mkv.mkv","Once Upon a Time"
"Once Upon A Time 4x06 Affari Di Famiglia ITA DLMux x264-NovaRip mkv.mkv","Once Upon a Time"
"Once Upon A Time 4x08 Frammenti Di Specchio Prima Parte ITA DLMux x264-NovaRip mkv.mkv","Once Upon a Time"
"Once Upon A Time 4x13 L Oscurita Bussa Alla Porta ITA DLMux x264-NovaRip mkv.mkv","Once Upon a Time"
"Once Upon A Time 4x10 Il Crollo ITA DLMux x264-NovaRip mkv.mkv","Once Upon a Time"
"Once Upon A Time 4x01 Storia Di Due Sorelle ITA DLMux x264-NovaRip mkv.mkv","Once Upon a Time"
"Once Upon A Time 4x11 Sguardi Infranti ITA DLMux x264-NovaRip mkv.mkv","Once Upon a Time"
"Once Upon A Time 4x04 L Apprendista ITA DLMux x264-NovaRip mkv.mkv","Once Upon a Time"
"Once Upon A Time 4x15 Il Ritorno Del Drago ITA DLMux x264-NovaRip mkv.mkv","Once Upon a Time"
"Once Upon A Time 4x12 Eroi E Cattivi ITA DLMux x264-NovaRip mkv.mkv","Once Upon a Time"
"Once Upon A Time 4x03 Un Sentiero Gelato ITA DLMux x264-NovaRip mkv.mkv","Once Upon a Time"
"Once Upon A Time 4x14 Imperdonabile ITA DLMux x264-NovaRip mkv.mkv","Once Upon a Time"
"Once Upon A Time 4x16 La Storia Di Ursula ITA DLMux x264-NovaRip mkv.mkv","Once Upon a Time"
"Obi-Wan Kenobi 1x03 Parte III ITA DLMux x264-UBi mkv.mkv","OBI ONE"
"The Good Doctor 5x13 Troppo Dolore ITA DLMux x264-UBi mkv.mkv","The Good Doctor"
"The Good Doctor 5x12 Periodo Di Siccita ITA DLMux x264-UBi mkv.mkv","The Good Doctor"
"The Good Doctor 5x14 Il Rinfresco ITA DLMux x264-UBi mkv.mkv","The Good Doctor"
"Doctor Strange Nel Multiverso Della Follia 2022 iTALiAN MD HDTS x264-PZZ8 mkv.mkv","Trono di Spade"
"N C I S 19x15 Il Lato Buono ITA DLMux x264-UBi mkv.mkv",NCIS
"N C I S 19x14 Primi Passi ITA DLMux x264-UBi mkv.mkv",NCIS
"Obi-Wan Kenobi 1x04 Parte IV ITA DLMux x264-UBi mkv.mkv","OBI ONE"
"N C I S 19x16 La Veglia ITA DLMux x264-UBi mkv.mkv",NCIS
"The Northman 2022 iTALiAN MD WEBDL XviD-WRS avi.avi","Romanzo Criminale"
"The Good Doctor 5x16 Lo Show Di Shaun ITA DLMux x264-UBi mkv.mkv","The Good Doctor"
"The Good Doctor 5x18 Figli ITA DLMux x264-UBi mkv.mkv","The Good Doctor"
"Obi-Wan Kenobi 1x05 Parte V ITA DLMux x264-UBi mkv.mkv","OBI ONE"
"The Good Doctor 5x17 Lo Show Di Lea ITA DLMux x264-UBi mkv.mkv","The Good Doctor"
"Tsunami  My Hero Academia - 3x21 - Cosa state facendo  DVD RIP 720x576i 25 fps H264  by user-id mkv.mkv","My Hero Academia"
"Tsunami  My Hero Academia - 3x10 - Il simbolo della pace  DVD RIP 720x576i 25 fps H264  by user-id mkv.mkv","My Hero Academia"
"Tsunami  My Hero Academia - 3x11 - One For All  DVD RIP 720x576i 25 fps H264  by user-id mkv.mkv","My Hero Academia"
"Tsunami  My Hero Academia - 3x14 - Tecniche speciali  DVD RIP 720x576i 25 fps H264  by user-id mkv.mkv","My Hero Academia"
"Tsunami  My Hero Academia - 3x04 - Il mio eroe  DVD RIP 720x576i 25 fps H264  by user-id mkv.mkv","My Hero Academia"
"Tsunami  My Hero Academia - 3x09 - All For One  DVD RIP 720x576i 25 fps H264  by user-id mkv.mkv","My Hero Academia"
"Tsunami  My Hero Academia - 3x02 - Wild Wild Pussycats  DVD RIP 720x576i 25 fps H264  by user-id mkv.mkv","My Hero Academia"
"Tsunami  My Hero Academia - 3x18 - RUSH!  DVD RIP 720x576i 25 fps H264  by user-id mkv.mkv","My Hero Academia"
"Tsunami  My Hero Academia - 3x07 - Una svolta dietro l'altra!  DVD RIP 720x576i 25 fps H264  by user-id mkv.mkv","My Hero Academia"
"Tsunami  My Hero Academia - 3x01 - Inizia la partita  DVD RIP 720x576i 25 fps H264  by user-id mkv.mkv","My Hero Academia"
"Tsunami  My Hero Academia - 3x08 - Alla ricerca di Bakugo  DVD RIP 720x576i 25 fps H264  by user-id mkv.mkv","My Hero Academia"
"Tsunami  My Hero Academia - 3x13 - Il dormitorio della Yuuei  DVD RIP 720x576i 25 fps H264  by user-id mkv.mkv","My Hero Academia"
"Tsunami  My Hero Academia - 3x25 - L'imbattibile  DVD RIP 720x576i 25 fps H264  by user-id mkv.mkv","My Hero Academia"
"Tsunami  My Hero Academia - 3x06 - Il vortice del caos  DVD RIP 720x576i 25 fps H264  by user-id mkv.mkv","My Hero Academia"
"Tsunami  My Hero Academia - 3x05 - Falli a pezzi, pugno d'acciaio!  DVD RIP 720x576i 25 fps H264  by user-id mkv.mkv","My Hero Academia"
"Tsunami  My Hero Academia - 3x16 - Il liceo Shiketsu si avvicina di soppiatto  DVD RIP 720x576i 25 fps H264  by user-id mkv.mkv","My Hero Academia"
"Tsunami  My Hero Academia - 3x15 - L'esame  DVD RIP 720x576i 25 fps H264  by user-id mkv.mkv","My Hero Academia"
"Tsunami  My Hero Academia - 3x17 - La classe 1-A  DVD RIP 720x576i 25 fps H264  by user-id mkv.mkv","My Hero Academia"
"Tsunami  My Hero Academia - 3x20 - Episodio Speciale - Salva la Terra con l'amore!  DVD RIP 720x576i 25 fps H264  by user-id mkv.mkv","My Hero Academia"
"Tsunami  My Hero Academia - 3x24 - La stagione degli incontri  DVD RIP 720x576i 25 fps H264  by user-id mkv.mkv","My Hero Academia"
"Tsunami  My Hero Academia - 0x14 - Sigla di testa stagione 3#1  Vers senza crediti   DVD RIP 720x576i 25 fps H264  by user-id mkv.mkv","My Hero Academia"
"Tsunami  My Hero Academia - 0x15 - Sigla di testa stagione 3#2  Vers senza crediti   DVD RIP 720x576i 25 fps H264  by user-id mkv.mkv","My Hero Academia"
"Tsunami  My Hero Academia - 0x16 - Sigla di coda stagione 3#1  Vers senza crediti   DVD RIP 720x576i 25 fps H264  by user-id mkv.mkv","My Hero Academia"
"Tsunami  My Hero Academia - 3x12 - La fine dell'inizio, l'inizio della fine  DVD RIP 720x576i 25 fps H264  by user-id mkv.mkv","My Hero Academia"
"Tsunami  My Hero Academia - 3x23 - Deku vs Kacchan 2  DVD RIP 720x576i 25 fps H264  by user-id mkv.mkv","My Hero Academia"
"Tsunami  My Hero Academia - 3x19 - Missione di salvataggio  DVD RIP 720x576i 25 fps H264  by user-id mkv.mkv","My Hero Academia"
"Tsunami  My Hero Academia - 0x17 - Sigla di coda stagione 3#2  Vers senza crediti   DVD RIP 720x576i 25 fps H264  by user-id mkv.mkv","My Hero Academia"
"Tsunami  My Hero Academia - 3x22 - Parliamo della tua Unicita  DVD RIP 720x576i 25 fps H264  by user-id mkv.mkv","My Hero Academia"
"Tsunami  My Hero Academia - 3x03 - Ti salvero, Kota!  DVD RIP 720x576i 25 fps H264  by user-id mkv.mkv","My Hero Academia"
"See 1x05 Il Terzo Figlio ITA DLMux x264-UBi mkv.mkv",See
"See 1x08 La Casa Del Chiarore ITA DLMux x264-UBi mkv.mkv",See
"See 1x07 La Via Della Lavanda ITA DLMux x264-UBi mkv.mkv",See
"See 1x06 I Mostri ITA DLMux x264-UBi mkv.mkv",See
"See 1x01 La Terra Promessa ITA DLMux x264-UBi mkv.mkv",See
"See 1x04 Lungo Il Fiume ITA DLMux x264-UBi mkv.mkv",See
"See 1x02 Il Baule Della Conoscenza ITA DLMux x264-UBi mkv.mkv",See
"See 1x03 Il Tempo Della Verita ITA DLMux x264-UBi mkv.mkv",See
"House of the Dragon S01E01 Episode 1 ITA ENG 1080p HMAX WEB-DLMux DD5 1 H 264-MeM GP mkv.mkv","Once Upon a Time"
"House Of The Dragon 1x01 Gli Eredi Del Drago ITA Repack DLMux x264-UBi mkv.mkv","House of Dragon"
"See 2x04 Il Cacciatore Di Streghe ITA DLMux x264-UBi mkv.mkv",See
"See 2x08 Dormi Bene ITA DLMux x264-UBi mkv.mkv",See
"See 2x03 Il Compasso ITA DLMux x264-UBi mkv.mkv",See
"See 2x01 Fratelli E Sorelle ITA DLMux x264-UBi mkv.mkv",See
"See 2x05 Il Ricevimento ITA DLMux x264-UBi mkv.mkv",See
"See 2x07 Il Discorso Della Regina ITA DLMux x264-UBi mkv.mkv",See
"See 2x06 La Verita Sugli Unicorni ITA DLMux x264-UBi mkv.mkv",See
"See 2x02 Per Sempre ITA DLMux x264-UBi mkv.mkv",See
"House Of The Dragon 1x02 Il Principe Canaglia ITA DLMux x264-UBi mkv.mkv","House of Dragon"
"Once Upon A Time 5x10 Cuore Spezzato ITA DLMux x264-NovaRip mkv.mkv","Once Upon a Time"
"Once Upon A Time 5x22 Solo Tu ITA DLMux x264-NovaRip mkv.mkv","Once Upon a Time"
"Once Upon A Time 5x21 Gli Ultimi Riti ITA DLMux x264-NovaRip mkv.mkv","Once Upon a Time"
"Once Upon A Time 5x17 Il Suo Aitante Eroe ITA DLMux x264-NovaRip mkv.mkv","Once Upon a Time"
"Once Upon A Time 5x13 Fatiche D Amore ITA DLMux x264-NovaRip mkv.mkv","Once Upon a Time"
"Once Upon A Time 5x07 Nimue ITA DLMux x264-NovaRip mkv.mkv","Once Upon a Time"
"Once Upon A Time 5x01 La Signora Oscura ITA DLMux x264-NovaRip mkv.mkv","Once Upon a Time"
"Once Upon A Time 5x06 L Orso E L Arco ITA DLMux x264-NovaRip mkv.mkv","Once Upon a Time"
"Once Upon A Time 5x02 Il Prezzo ITA DLMux x264-NovaRip mkv.mkv","Once Upon a Time"
"Once Upon A Time 5x20 Il Vero Amore ITA DLMux x264-NovaRip mkv.mkv","Once Upon a Time"
"Once Upon A Time 5x05 Acchiappasogni ITA DLMux x264-NovaRip mkv.mkv","Once Upon a Time"
"Once Upon A Time 5x14 Debito Con Il Diavolo ITA DLMux x264-NovaRip mkv.mkv","Once Upon a Time"
"Once Upon A Time 5x23 Una Storia Mai Raccontata ITA DLMux x264-NovaRip mkv.mkv","Once Upon a Time"
"Once Upon A Time 5x12 Le Anime Dei Defunti ITA DLMux x264-NovaRip mkv.mkv","Once Upon a Time"
"Once Upon A Time 5x11 Un Uomo Migliore ITA DLMux x264-NovaRip mkv.mkv","Once Upon a Time"
"Once Upon A Time 5x19 Sorelle ITA DLMux x264-NovaRip mkv.mkv","Once Upon a Time"
"Once Upon A Time 5x15 I Fratelli Jones ITA DLMux x264-NovaRip mkv.mkv","Once Upon a Time"
"Once Upon A Time 5x16 Le Nostre Rovine ITA DLMux x264-NovaRip mkv.mkv","Once Upon a Time"
"Once Upon A Time 5x09 Il Re Orso ITA DLMux x264-NovaRip mkv.mkv","Once Upon a Time"
"Once Upon A Time 5x18 Le Scarpette Di Ruby ITA DLMux x264-NovaRip mkv.mkv","Once Upon a Time"
"Once Upon A Time 5x03 Il Seggio Periglioso ITA DLMux x264-NovaRip mkv.mkv","Once Upon a Time"
"Once Upon A Time 5x04 Il Regno Spezzato ITA DLMux x264-NovaRip mkv.mkv","Once Upon a Time"
"Once Upon A Time 5x08 Nascita ITA DLMux x264-NovaRip mkv.mkv","Once Upon a Time"
"House Of The Dragon 1x03 Secondo Del Suo Nome ITA DLMux x264-UBi mkv.mkv","House of Dragon"
"House Of The Dragon 1x04 Re Del Mare Stretto ITA DLMux x264-UBi mkv.mkv","House of Dragon"
"House Of The Dragon 1x05 Noi Illuminiamo La Via ITA DLMux x264-UBi mkv.mkv","House of Dragon"
"NCIS Los Angeles 13x05 Verita Apparente ITA DLMux x264-UBi mkv.mkv","NCIS Los Angeles"
"N C I S 19x21 Ex ITA DLMux x264-UBi mkv.mkv",NCIS
"NCIS Los Angeles 13x01 Soggetto 17 ITA DLMux x264-UBi mkv.mkv","NCIS Los Angeles"
"N C I S 19x17 Bugie ITA DLMux x264-UBi mkv.mkv",NCIS
"N C I S 19x20 Tutto O Niente ITA DLMux x264-UBi mkv.mkv",NCIS
"NCIS Los Angeles 13x06 Al Calar Del Sole ITA DLMux x264-UBi mkv.mkv","NCIS Los Angeles"
"NCIS Los Angeles 13x02 La Via Del Guerriero ITA DLMux x264-UBi mkv.mkv","NCIS Los Angeles"
"N C I S 19x19 L Eta Difficile ITA DLMux x264-UBi mkv.mkv",NCIS
"NCIS Los Angeles 13x07 Storia Di Un Marinaio ITA DLMux x264-UBi mkv.mkv","NCIS Los Angeles"
"NCIS Los Angeles 13x03 Fiducia ITA DLMux x264-UBi mkv.mkv","NCIS Los Angeles"
"NCIS Los Angeles 13x04 Il Caro Estinto ITA DLMux x264-UBi mkv.mkv","NCIS Los Angeles"
"N C I S 19x18 Una Vita Fa ITA DLMux x264-UBi mkv.mkv",NCIS
"House Of The Dragon 1x06 La Principessa E La Regina ITA DLMux x264-UBi mkv.mkv","House of Dragon"
"House Of The Dragon 1x07 Driftmark ITA DLMux x264-UBi mkv.mkv","House of Dragon"
"NCIS Los Angeles 13x08 Terra Di Confine ITA DLMux x264-UBi mkv.mkv","NCIS Los Angeles"
"The Shield 2x04 Il Treno Dei Soldi ITA DVDRip XviD-NovaRip avi.avi",Shield
"The Shield 2x11 Caccia Grossa ITA DVDRip XviD-NovaRip avi.avi",Shield
"The Shield 2x02 La Resa Dei Conti ITA DVDRip XviD-NovaRip avi.avi",Shield
"The Shield 2x10 La Spia ITA DVDRip XviD-NovaRip avi.avi",Shield
"The Shield 2x01 Oltre Il Confine ITA DVDRip XviD-NovaRip avi.avi",Shield
"The Shield 2x13 Il Giorno Cruciale ITA DVDRip XviD-NovaRip avi.avi",Shield
"The Shield 2x06 Nemico Delle Donne ITA DVDRip XviD-NovaRip avi.avi",Shield
"The Shield 2x05 Luce Verde ITA DVDRip XviD-NovaRip avi.avi",Shield
"The Shield 2x07 La Vendetta Di Armadillo ITA DVDRip XviD-NovaRip avi.avi",Shield
"The Shield 2x08 Sfregio Per Sfregio ITA DVDRip XviD-NovaRip avi.avi",Shield
"The Shield 2x12 Problemi Per Vic ITA DVDRip XviD-NovaRip avi.avi",Shield
"The Shield 2x03 Un Vecchio Collega ITA DVDRip XviD-NovaRip avi.avi",Shield
"The Shield 2x09 Uno Sguardo Al Passato ITA DVDRip XviD-NovaRip avi.avi",Shield
"House Of The Dragon 1x08 Il Lord Delle Maree ITA DLMux x264-UBi mkv.mkv","House of Dragon"
"NCIS Los Angeles 13x09 Influencer ITA DLMux x264-UBi mkv.mkv","NCIS Los Angeles"
"NCIS Los Angeles 13x10 Lealta Vendesi ITA DLMux x264-UBi mkv.mkv","NCIS Los Angeles"
"Romulus 1x03 Imperio ITA WEBMux x264-UBi mkv.mkv",Romulus
"Romulus 1x01 Tu ITA WEBMux x264-UBi mkv.mkv",Romulus
"Romulus 1x02 Regere ITA WEBMux x264-UBi mkv.mkv",Romulus
"Romulus 1x08 Subiectis ITA WEBMux x264-UBi mkv.mkv",Romulus
"Romulus 1x09 Debellare ITA WEBMux x264-UBi mkv.mkv",Romulus
"Romulus 1x05 Memento ITA WEBMux x264-UBi mkv.mkv",Romulus
"Romulus 1x06 Romane ITA WEBMux x264-UBi mkv.mkv",Romulus
"Romulus 1x07 Parcere ITA WEBMux x264-UBi mkv.mkv",Romulus
"Romulus 1x10 Superbos ITA WEBMux x264-UBi mkv.mkv",Romulus
"Romulus 1x04 Populus ITA WEBMux x264-UBi mkv.mkv",Romulus
"House Of The Dragon 1x09 Il Concilio Verde ITA DLMux x264-UBi mkv.mkv","House of Dragon"
"Black Adam 2022 iTALiAN MD TS XviD-WRS avi.avi","Romanzo Criminale"
"Black Adam 2022 iTALiAN MD TS XviD-WRS mp4.mp4","Once Upon a Time"
"NCIS Los Angeles 13x11 Una Somma Di Piccole Cose ITA DLMux x264-UBi mkv.mkv","NCIS Los Angeles"
"NCIS Los Angeles 13x12 Lo Sciame ITA DLMux x264-UBi mkv.mkv","NCIS Los Angeles"
"NCIS New Orleans 5x24 Missione Recupero Seconda Parte ITA DLMux x264-UBi mkv.mkv","NCIS New Orleans"
"NCIS New Orleans 6x11 Sotto Una Cattiva Luna ITA DLMux x264-UBi mkv.mkv","NCIS New Orleans"
"NCIS New Orleans 6x20 Predatori ITA DLMux x264-UBi mkv.mkv","NCIS New Orleans"
"NCIS New Orleans 5x14 Delitto Per Delitto ITA DLMux x264-UBi mkv.mkv","NCIS New Orleans"
"NCIS New Orleans 5x15 Sabotaggio ITA DLMux x264-UBi mkv.mkv","NCIS New Orleans"
"NCIS New Orleans 5x04 Di Padre In Figlio ITA DLMux x264-UBi mkv.mkv","NCIS New Orleans"
"NCIS New Orleans 5x02 False Apparenze ITA DLMux x264-UBi mkv.mkv","NCIS New Orleans"
"NCIS New Orleans 5x06 Una Libbra Di Carne ITA DLMux x264-UBi mkv.mkv","NCIS New Orleans"
"NCIS New Orleans 5x10 Tic Tac ITA DLMux x264-UBi mkv.mkv","NCIS New Orleans"
"NCIS New Orleans 5x13 Virus X ITA DLMux x264-UBi mkv.mkv","NCIS New Orleans"
"NCIS New Orleans 6x01 Mosse False ITA DLMux x264-UBi mkv.mkv","NCIS New Orleans"
"NCIS New Orleans 5x08 I Re Aztechi ITA DLMux x264-UBi mkv.mkv","NCIS New Orleans"
"NCIS New Orleans 5x09 Partita Doppia ITA DLMux x264-UBi mkv.mkv","NCIS New Orleans"
"NCIS New Orleans 6x18 Un Altra Donna ITA DLMux x264-UBi mkv.mkv","NCIS New Orleans"
"NCIS New Orleans 6x17 L Arco Dell Universo ITA DLMux x264-UBi mkv.mkv","NCIS New Orleans"
"NCIS New Orleans 5x07 Cani Da Pastore ITA DLMux x264-UBi mkv.mkv","NCIS New Orleans"
"NCIS New Orleans 5x23 Missione Recupero Prima Parte ITA DLMux x264-UBi mkv.mkv","NCIS New Orleans"
"NCIS New Orleans 5x22 La Teoria Del Caos ITA DLMux x264-UBi mkv.mkv","NCIS New Orleans"
"NCIS New Orleans 6x07 Bum ITA DLMux x264-UBi mkv.mkv","NCIS New Orleans"
"NCIS New Orleans 6x05 Spie E Bugie ITA DLMux x264-UBi mkv.mkv","NCIS New Orleans"
"NCIS New Orleans-04x23-24-Scacco Matto- SERIE TV  SATRip Storm-AsTrA avi.avi","NCIS New Orleans"
"NCIS New Orleans 6x14 L Uomo In Rosso ITA DLMux x264-UBi mkv.mkv","NCIS New Orleans"
"NCIS New Orleans 6x04 Un conto In Sospeso ITA DLMux x264-UBi mkv.mkv","NCIS New Orleans"
"NCIS New Orleans 6x13 La Radice Di Tutti I Mali ITA DLMux x264-UBi mkv.mkv","NCIS New Orleans"
"NCIS New Orleans 6x10 Occhio Per Occhio ITA DLMux x264-UBi mkv.mkv","NCIS New Orleans"
"NCIS New Orleans 6x03 Dentro La Grande Mela ITA DLMux x264-UBi mkv.mkv","NCIS New Orleans"
"NCIS New Orleans 5x11 Castigo ITA DLMux x264-UBi mkv.mkv","NCIS New Orleans"
"NCIS New Orleans 6x02 Il Dilemma Terminator ITA DLMux x264-UBi mkv.mkv","NCIS New Orleans"
"NCIS New Orleans 5x19 Una Famiglia Perfetta ITA DLMux x264-UBi mkv.mkv","NCIS New Orleans"
"NCIS New Orleans 6x19 L Inganno Perfetto ITA DLMux x264-UBi mkv.mkv","NCIS New Orleans"
"NCIS New Orleans 6x15 Imprevisti E Probabilita ITA DLMux x264-UBi mkv.mkv","NCIS New Orleans"
"NCIS New Orleans 5x18 Alla Luce Del Sole ITA DLMux x264-UBi mkv.mkv","NCIS New Orleans"
"NCIS New Orleans 5x01 A Presto ITA DLMux x264-UBi mkv.mkv","NCIS New Orleans"
"NCIS New Orleans 6x16 Piano C ITA DLMux x264-UBi mkv.mkv","NCIS New Orleans"
"NCIS New Orleans 5x12 Le Mogli Della Marina ITA DLMux x264-UBi mkv.mkv","NCIS New Orleans"
"NCIS New Orleans 5x20 Jackpot ITA DLMux x264-UBi mkv.mkv","NCIS New Orleans"
"NCIS New Orleans 5x21 Fidati Di Me ITA DLMux x264-UBi mkv.mkv","NCIS New Orleans"
"NCIS New Orleans 5x16 Sopravvissuto ITA DLMux x264-UBi mkv.mkv","NCIS New Orleans"
"NCIS New Orleans 6x06 Matteo 5 9 ITA DLMux x264-UBi mkv.mkv","NCIS New Orleans"
"NCIS New Orleans 5x05 Sangue Del Mio Sangue ITA DLMux x264-UBi mkv.mkv","NCIS New Orleans"
"NCIS New Orleans 5x03 Immunita Diplomatica ITA DLMux x264-UBi mkv.mkv","NCIS New Orleans"
"NCIS New Orleans 5x17 Resa Dei Conti ITA DLMux x264-UBi mkv.mkv","NCIS New Orleans"
"NCIS New Orleans 6x12 Madame X ITA DLMux x264-UBi mkv.mkv","NCIS New Orleans"
"NCIS New Orleans 6x09 L Altro Colpevole ITA DLMux x264-UBi mkv.mkv","NCIS New Orleans"
"NCIS New Orleans 6x08 L Ordine Delle Manguste ITA DLMux x264-UBi mkv.mkv","NCIS New Orleans"
"NCIS Los Angeles 13x13 Un Inganno Quasi Perfetto ITA DLMux x264-UBi mkv.mkv","NCIS Los Angeles"
"House Of The Dragon 1x10 La Regina Nera ITA DLMux x264-UBi mkv.mkv","House of Dragon"
"NCIS Los Angeles 13x14 A Regola D Arte ITA DLMux x264-UBi mkv.mkv","NCIS Los Angeles"
"NCIS Los Angeles 13x16 Sergente Capo Boomer ITA DLMux x264-UBi mkv.mkv","NCIS Los Angeles"
"NCIS Los Angeles 13x15 Ultimo Scatto ITA DLMux x264-UBi mkv.mkv","NCIS Los Angeles"
"NCIS Los Angeles 13x18 Qualcosa Da Nascondere ITA DLMux x264-UBi mkv.mkv","NCIS Los Angeles"
"NCIS Los Angeles 13x17 Genesi ITA DLMux x264-UBi mkv.mkv","NCIS Los Angeles"
"NCIS Los Angeles 13x19 A Prova Di Proiettile ITA DLMux x264-UBi mkv.mkv","NCIS Los Angeles"
"NCIS Los Angeles 13x20 Lavoro E Famiglia ITA DLMux x264-UBi mkv.mkv","NCIS Los Angeles"
"Anime BDmux ITA-JAP  ONE PIECE 579 - Pronti Allo Sbarco  Punk Hazard Arc   Baroque Works  mkv.mkv","One Piece"
"Anime BDmux ITA-JAP  ONE PIECE 584 - Duello di Spade  Punk Hazard Arc   Baroque Works  mkv.mkv","One Piece"
"NCIS Los Angeles 13x21 Nella Tana Del Coniglio ITA DLMux x264-UBi mkv.mkv","NCIS Los Angeles"
"Anime BDmux ITA-JAP  ONE PIECE 582 - Incredibile ! Il Segreto di Punk Hazard  Punk Hazard Arc   Baroque Works  mkv.mkv","One Piece"
"Anime BDmux ITA-JAP  ONE PIECE 586 - Situazione Pericolosa Battaglia su due Fronti  Punk Hazard Arc   Baroque Works  mkv.mkv","One Piece"
"Anime BDmux ITA-JAP  ONE PIECE 585 - La Flotta dei Sette Trafalgar Law  Punk Hazard Arc   Baroque Works  mkv.mkv","One Piece"
"Anime BDmux ITA-JAP  ONE PIECE 587 - Duello Law Contro Smoker  Punk Hazard Arc   Baroque Works  mkv.mkv","One Piece"
"NCIS Los Angeles 13x22 Insieme ITA DLMux x264-UBi mkv.mkv","NCIS Los Angeles"
"Anime BDmux ITA-JAP  ONE PIECE 588 - 2 Anni Dopo L ' Incontro fra Luffy e Law  Punk Hazard Arc   Baroque Works  mkv.mkv","One Piece"
"Anime BDmux ITA-JAP  ONE PIECE 581 - Stupefacente Incontro  Punk Hazard Arc   Baroque Works  mkv.mkv","One Piece"
"Anime BDmux ITA-JAP  ONE PIECE 583 - Salvare i Bambini  Punk Hazard Arc   Baroque Works  mkv.mkv","One Piece"
"Anime BDmux ITA-JAP  ONE PIECE 580 - Battaglia Incandescente  Punk Hazard Arc   Baroque Works  mkv.mkv","One Piece"
"Anime BDmux ITA-JAP  ONE PIECE 594 - Luffy e Law ! Alleanza fra pirati  Punk Hazard Arc   Baroque Works  mkv.mkv","One Piece"
"Anime BDmux ITA-JAP  ONE PIECE 625 - Scontro ad Alta Tensione ! Aokiji Contro Doflamingo  Punk Hazard Arc   Baroque Works  mkv.mkv","One Piece"
"Anime BDmux ITA-JAP  ONE PIECE 593 - Salvare Nami Luffy Contro i Sicari delle Montagne Innevate  Punk Hazard Arc   Baroque Works  mkv.mkv","One Piece"
"Anime BDmux ITA-JAP  ONE PIECE 626 - Il Rapimento di Caesar ! L ' Irruzione dell ' Alleanza Pirata  Punk Hazard Arc   Baroque Works  mkv.mkv","One Piece"
"Anime BDmux ITA-JAP  ONE PIECE 628 - La Disfatta di Breed ! Il Contrattacco dell ' Alleanza Pirata  Punk Hazard Arc   Baroque Works  mkv.mkv","One Piece"
"Anime BDmux ITA-JAP  ONE PIECE 607 - Si Accende lo Scontro Luffy Contro Caesar  Punk Hazard Arc   Baroque Works  mkv.mkv","One Piece"
"Anime BDmux ITA-JAP  ONE PIECE 610 - Scontro-nel G - 5 ! Smokerr Contro Vergo  Punk Hazard Arc   Baroque Works  mkv.mkv","One Piece"
"Anime BDmux ITA-JAP  ONE PIECE 618 - Buffalo e Baby 5 ! I Combattenti Venuti da Dressrosa  Punk Hazard Arc   Baroque Works  mkv.mkv","One Piece"
"Anime BDmux ITA-JAP  ONE PIECE 602 - La Perfetta Arma di Distruzione di Massa ! Regno di Morte  Punk Hazard Arc   Baroque Works  mkv.mkv","One Piece"
"Anime BDmux ITA-JAP  ONE PIECE 608 - Doflamingo ! L' Uomo che Trama nell' Ombra!  Punk Hazard Arc   Baroque Works  mkv.mkv","One Piece"
"Anime BDmux ITA-JAP  ONE PIECE 589 - Caesar Clown Lo Scienziato Malvagio  Punk Hazard Arc   Baroque Works  mkv.mkv","One Piece"
"Anime BDmux ITA-JAP  ONE PIECE 627 - La Sconfitta dell ' Alleanza Pirata ! Luffy in Pericolo  Punk Hazard Arc   Baroque Works  mkv.mkv","One Piece"
"Anime BDmux ITA-JAP  ONE PIECE 597 - Sfida-Pericolosa ! Il Vero Potere di Caesar Clown  Punk Hazard Arc   Baroque Works  mkv.mkv","One Piece"
"Anime BDmux ITA-JAP  ONE PIECE 591 - La Furia di Chopper I Terribili Esperimenti del Master  Punk Hazard Arc   Baroque Works  mkv.mkv","One Piece"
"Anime BDmux ITA-JAP  ONE PIECE 611 - Entra in Scena Momonosuke ! Il Piccolo Drago  Punk Hazard Arc   Baroque Works  mkv.mkv","One Piece"
"Anime BDmux ITA-JAP  ONE PIECE 600 - Bambini in Pericolo ! Il Malefico Piano del Master  Punk Hazard Arc   Baroque Works  mkv.mkv","One Piece"
"Anime BDmux ITA-JAP  ONE PIECE 601 - Il Nuovo Mondo Trema Il Malefico Esperimento di Caesar Clown  Punk Hazard Arc   Baroque Works  mkv.mkv","One Piece"
"Anime BDmux ITA-JAP  ONE PIECE 598 - Kin'emon Il Samurai che Taglia il Fuoco !  Punk Hazard Arc   Baroque Works  mkv.mkv","One Piece"
"Anime BDmux ITA-JAP  ONE PIECE 592 - Attacco alla Ciurma ! Gli Yeti Cool Brothers  Punk Hazard Arc   Baroque Works  mkv.mkv","One Piece"
"Anime BDmux ITA-JAP  ONE PIECE 616 - Imprevedibile Finale ! Smoker Contro Vergo !  Punk Hazard Arc   Baroque Works  mkv.mkv","One Piece"
"Anime BDmux ITA-JAP  ONE PIECE 595 - Catturare il Master ! Il Primo Obiettivo dell ' Alleanza Pirata  Punk Hazard Arc   Baroque Works  mkv.mkv","One Piece"
"Anime BDmux ITA-JAP  ONE PIECE 622 - Momonosuke e Kin'emon ! Di Nuovo Insieme  Punk Hazard Arc   Baroque Works  mkv.mkv","One Piece"
"Anime BDmux ITA-JAP  ONE PIECE 609 - Luffy in Difficolta ! La Gelida Morsa di Monet !  Punk Hazard Arc   Baroque Works  mkv.mkv","One Piece"
"Anime BDmux ITA-JAP  ONE PIECE 613 - Colpo Inaspettato ! Zoro la Tecnica ad una Spada !  Punk Hazard Arc   Baroque Works  mkv.mkv","One Piece"
"Anime BDmux ITA-JAP  ONE PIECE 620 - Situazione Disperata ! Fuga da Punk Hazard !  Punk Hazard Arc   Baroque Works  mkv.mkv","One Piece"
"Anime BDmux ITA-JAP  ONE PIECE 612 - Bufera di Neve La Ciurma di Cappello di Paglia Contro Monet  Punk Hazard Arc   Baroque Works  mkv.mkv","One Piece"
"Anime BDmux ITA-JAP  ONE PIECE 596 - Pericolo in Arrivo ! Il Mostro di Caesar Clown  Punk Hazard Arc   Baroque Works  mkv.mkv","One Piece"
"Anime BDmux ITA-JAP  ONE PIECE 604 - Tutti al Settore R ! Il Grande Assalto dell ' Alleanza Pirata !  Punk Hazard Arc   Baroque Works  mkv.mkv","One Piece"
"Anime BDmux ITA-JAP  ONE PIECE 605 - Le Lacrime di Tashigi Il Sacrificio degli Uomini del G-5  Punk Hazard Arc   Baroque Works  mkv.mkv","One Piece"
"Anime BDmux ITA-JAP  ONE PIECE 621 - Buffalo e Baby 5 in Azione ! Recuperare Caesar  Punk Hazard Arc   Baroque Works  mkv.mkv","One Piece"
"Anime BDmux ITA-JAP  ONE PIECE 623 - La Separazione Addio Punk Hazard !  Punk Hazard Arc   Baroque Works  mkv.mkv","One Piece"
"Anime BDmux ITA-JAP  ONE PIECE 599 - Incredibile ! Il Segreto di Vergo !  Punk Hazard Arc   Baroque Works  mkv.mkv","One Piece"
"Anime BDmux ITA-JAP  ONE PIECE 603 - Pirati alla Riscossa ! Luffy e Law Passano al Contrattacco  Punk Hazard Arc   Baroque Works  mkv.mkv","One Piece"
"Anime BDmux ITA-JAP  ONE PIECE 617 - Grizzly Magnum! ! La Fine di Caesar  Punk Hazard Arc   Baroque Works  mkv.mkv","One Piece"
"Anime BDmux ITA-JAP  ONE PIECE 619 - Grande Scontro ! General Franky il Robot Invincibile  Punk Hazard Arc   Baroque Works  mkv.mkv","One Piece"
"Anime BDmux ITA-JAP  ONE PIECE 614 - Proteggere gli Amici ! Il Sacrificio di Mocha  Punk Hazard Arc   Baroque Works  mkv.mkv","One Piece"
"Anime BDmux ITA-JAP  ONE PIECE 615 - Il Dramma di Barbabruna ! Furioso Attacco di Luffy  Punk Hazard Arc   Baroque Works  mkv.mkv","One Piece"
"Anime BDmux ITA-JAP  ONE PIECE 624 - La Sconfitta del G-5 ! L ' assalto di Doflamingo !  Punk Hazard Arc   Baroque Works  mkv.mkv","One Piece"
"Tulsa King 1x01 Vai A Ovest Vecchio Mio ITA DLMux x264-UBi mkv.mkv",Tulsa
"Tulsa King 1x02 Il Centro Dell Universo ITA DLMux x264-UBi mkv.mkv",Tulsa
"Tulsa King 1x03 La Caprice Blu ITA DLMux x264-UBi mkv.mkv",Tulsa
"Tulsa King 1x04 L Arte Della Guerra ITA DLMux x264-UBi mkv.mkv",Tulsa
"NCIS Los Angeles 14x01 Il Seme Del Dubbio ITA DLMux x264-UBi mkv.mkv","NCIS Los Angeles"
"Forever 1x01 Una Lunga Storia ITA DLMux x264-NovaRip mkv.mkv",Forever
"Forever 1x02 Guarda Prima Di Saltare ITA DLMux x264-NovaRip mkv.mkv",Forever
"Tulsa King 1x05 Joe Gettone ITA DLMux x264-UBi mkv.mkv",Tulsa
"Forever 1x09 6 AM ITA DLMux x264-NovaRip mkv.mkv",Forever
"Forever 1x10 L Uomo Vestito Da Killer ITA DLMux x264-NovaRip mkv.mkv",Forever
"NCIS Los Angeles 14x02 Rapimento Blindato ITA DLMux x264-UBi mkv.mkv","NCIS Los Angeles"
"Forever 1x12 I Lupi Dei Bassifondi Di Brooklyn ITA DLMux x264-NovaRip mkv.mkv",Forever
"Forever 1x21 Quella Sera ITA DLMux x264-NovaRip mkv.mkv",Forever
"Forever 1x07 I Ragazzi Di New York ITA DLMux x264-NovaRip mkv.mkv",Forever
"Forever 1x20 Partire Col Piede Giusto ITA DLMux x264-NovaRip mkv.mkv",Forever
"Forever 1x17 I Segreti Restano Sepolti ITA DLMux x264-NovaRip mkv.mkv",Forever
"Forever 1x11 Il Bagnante Nudo ITA DLMux x264-NovaRip mkv.mkv",Forever
"Forever 1x14 Espiazione ITA DLMux x264-NovaRip mkv.mkv",Forever
"Forever 1x03 La Fonte Della Giovinezza ITA DLMux x264-NovaRip mkv.mkv",Forever
"Forever 1x15 Destino Di Un Re ITA DLMux x264-NovaRip mkv.mkv",Forever
"Forever 1x19 Il Punk E Morto ITA DLMux x264-NovaRip mkv.mkv",Forever
"Forever 1x16 Ricordi Omicidi ITA DLMux x264-NovaRip mkv.mkv",Forever
"Forever 1x06 L Aspetto Frustrante Degli Psicopatici ITA DLMux x264-NovaRip mkv.mkv",Forever
"Forever 1x04 L Arte Del Delitto ITA DLMux x264-NovaRip mkv.mkv",Forever
"Forever 1x13 I Diamanti Sono Per Sempre ITA DLMux x264-NovaRip mkv.mkv",Forever
"Forever 1x18 I Morti Raccontano ITA DLMux x264-NovaRip mkv.mkv",Forever
"Forever 1x05 La Frattura Del Pugile ITA DLMux x264-NovaRip mkv.mkv",Forever
"Forever 1x08 L Estasi Dell Agonia ITA DLMux x264-NovaRip mkv.mkv",Forever
"Forever 1x22 L Ultima Morte Di Henry Morgan ITA DLMux x264-NovaRip mkv.mkv",Forever
"Tulsa King 1x06 Vecchio E Testardo ITA DLMux x264-UBi mkv.mkv",Tulsa
"Anime BDmux ITA-JAP  ONE PIECE 629 - Sconvolgente! Incredibili Notizie Scuotono il Nuovo Mondo  Dressrosa Arc   Baroque Works  mkv.mkv","One Piece"
"Willow La Serie 1x01 I Flagelli ITA DLMux x264-UBi mkv.mkv",Willow
"NCIS Los Angeles 14x03 Arte Macabra ITA DLMux x264-UBi mkv.mkv","NCIS Los Angeles"
"Willow La Serie 1x02 Il Saggio Aldwyn ITA DLMux x264-UBi mkv.mkv",Willow
"Anime BDmux ITA-JAP  ONE PIECE 638 - Colpo Mortale ! Il Portentoso King Punch  Dressrosa Arc   Baroque Works  mkv.mkv","One Piece"
"Anime BDmux ITA-JAP  ONE PIECE 630 - Dressrosa! Il Paese dell ' Amore e della Passione  Dressrosa Arc   Baroque Works  mkv.mkv","One Piece"
"Anime BDmux ITA-JAP  ONE PIECE 654 - Una Spada Atraordinaria ! Cavendish il Cavallo Bianco !  Dressrosa Arc   Baroque Works  mkv.mkv","One Piece"
"Anime BDmux ITA-JAP  ONE PIECE 639 - L' Attacco dei Pesci Guerriero !IlMortale Ponte di Ferro  Dressrosa Arc   Baroque Works  mkv.mkv","One Piece"
"Anime BDmux ITA-JAP  ONE PIECE 644 - Scontro Violento ! Il Gigante Contro Lucy  Dressrosa Arc   Baroque Works  mkv.mkv","One Piece"
"Anime BDmux ITA-JAP  ONE PIECE 631 - Un Vortice di Avventure - Il Colosseo delle Corride  Dressrosa Arc   Baroque Works  mkv.mkv","One Piece"
"Anime BDmux ITA-JAP  ONE PIECE 656 - La Tecnica di Rebecca ! La Danza della Spada a Picco sull ' Acqua  Dressrosa Arc   Baroque Works  mkv.mkv","One Piece"
"Anime BDmux ITA-JAP  ONE PIECE 635 - Iena Bellamy - Un Incontro Voluto dal Destino  Dressrosa Arc   Baroque Works  mkv.mkv","One Piece"
"Anime BDmux ITA-JAP  ONE PIECE 646 - Don Chinjao - Il Pirata Leggendario !  Dressrosa Arc   Baroque Works  mkv.mkv","One Piece"
"Anime BDmux ITA-JAP  ONE PIECE 648 - All ' Attacco ! - Il Leggendario Eroe Usoland  Dressrosa Arc   Baroque Works  mkv.mkv","One Piece"
"Anime BDmux ITA-JAP  ONE PIECE 643 - Cielo e Terra Tremano ! Il Vero Potere dell ' Ammiraglio Fujitora  Dressrosa Arc   Baroque Works  mkv.mkv","One Piece"
"Anime BDmux ITA-JAP  ONE PIECE 647 - Luci e Ombre - Il Lato Oscuro di Dressrosa !  Dressrosa Arc   Baroque Works  mkv.mkv","One Piece"
"Anime BDmux ITA-JAP  ONE PIECE 652 - Una Battaglia Fpietata - Inizia lo Scontro del blocco D  Dressrosa Arc   Baroque Works  mkv.mkv","One Piece"
"Anime BDmux ITA-JAP  ONE PIECE 653 - Scontro Decisivo ! Jora VS la Ciurma di Cappello di Paglia  Dressrosa Arc   Baroque Works  mkv.mkv","One Piece"
"Anime BDmux ITA-JAP  ONE PIECE 640 - All' Avventura ! Green Bit L'isola dei Folletti  Dressrosa Arc   Baroque Works  mkv.mkv","One Piece"
"Anime BDmux ITA-JAP  ONE PIECE 632 - Un Amore Pericoloso Violet, la Ballerina  Dressrosa Arc   Baroque Works  mkv.mkv","One Piece"
"Willow La Serie 1x03 La Battaglia Dell Agnello Sgozzato ITA DLMux x264-UBi mkv.mkv",Willow
"Anime BDmux ITA-JAP  ONE PIECE 633 - Lucy! Il Guerriero Sconosciuto  Dressrosa Arc   Baroque Works  mkv.mkv","One Piece"
"Anime BDmux ITA-JAP  ONE PIECE 641 - Un Mondo Sconosciuto Il Regno di Tontatta  Dressrosa Arc   Baroque Works  mkv.mkv","One Piece"
"Anime BDmux ITA-JAP  ONE PIECE 645 - Il Cannone Distruttore ! Lucy in Pericolo  Dressrosa Arc   Baroque Works  mkv.mkv","One Piece"
"Anime BDmux ITA-JAP  ONE PIECE 655 - Un Grande Guello ! Sanji,VS Doflamingo  Dressrosa Arc   Baroque Works  mkv.mkv","One Piece"
"Willow La Serie 1x04 Nockmaar ITA DLMux x264-UBi mkv.mkv",Willow
"Anime BDmux ITA-JAP  ONE PIECE 636 - Una Supernova ! Bartolomeo il cannibale  Dressrosa Arc   Baroque Works  mkv.mkv","One Piece"
"Anime BDmux ITA-JAP  ONE PIECE 649 - Fine di una Feroce Battaglia - Lucy VS Chinjao  Dressrosa Arc   Baroque Works  mkv.mkv","One Piece"
"Anime BDmux ITA-JAP  ONE PIECE 634 - Il Lord Pirata Cavendish  Dressrosa Arc   Baroque Works  mkv.mkv","One Piece"
"Anime BDmux ITA-JAP  ONE PIECE 642 - La Mossa di Doflamingo L ' Inganno del Secolo !  Dressrosa Arc   Baroque Works  mkv.mkv","One Piece"
"Anime BDmux ITA-JAP  ONE PIECE 650 - Rebecca la Predestinata  Dressrosa Arc   Baroque Works  V2 mkv.mkv","One Piece"
"Tulsa King 1x07 La Morte Del Padre ITA DLMux x264-UBi mkv.mkv",Tulsa
"Willow La Serie 1x06 Prigionieri Di Skellin ITA DLMux x264-UBi mkv.mkv",Willow
"Willow La Serie 1x05 Boscotetro ITA DLMux x264-UBi mkv.mkv",Willow
"NCIS Los Angeles 14x04 Fuori Uso ITA DLMux x264-UBi mkv.mkv","NCIS Los Angeles"
"Willow La Serie 1x07 Al Di La Del Mare Infranto ITA DLMux x264-UBi mkv.mkv",Willow
"Willow La Serie 1x08 Figli Del Wyrm ITA DLMux x264-UBi mkv.mkv",Willow
"The Last of Us 1x01 Quando Sei Perso Nell Oscurita ITA DLMux x264-UBi mkv.mkv","The last of us"
"The Last of Us 1x02 Gli Infetti ITA DLMux x264-UBi mkv.mkv","The last of us"
"Tulsa King 1x08 Adobe Walls ITA DLMux x264-UBi mkv.mkv",Tulsa
"NCIS Los Angeles 14x05 I Segni Del Tempo ITA DLMux x264-UBi mkv.mkv","NCIS Los Angeles"
"The Last of Us 1x03 Molto Molto Tempo ITA DLMux x264-UBi mkv.mkv","The last of us"
"Anime BDmux ITA-JAP  ONE PIECE 657 - Il Guerriero piu Spietato ! Logan VS Rebecca  Dressrosa Arc   Baroque Works  mkv.mkv","One Piece"
"Anime BDmux ITA-JAP  ONE PIECE 658 - Sconvolgente ! La Vera Identita del Soldatino Giocattolo  Dressrosa Arc   Baroque Works  mkv.mkv","One Piece"
"Anime BDmux ITA-JAP  ONE PIECE 606 - Il Tradimento di Vergo ! Il Mostro del Bambu  Punk Hazard Arc   Baroque Works  mkv.mkv","One Piece"
"Anime BDmux ITA-JAP  ONE PIECE 651 - Ti Proteggero per Sempre - Rebecca e il Soldatino  Dressrosa Arc   Baroque Works  mkv.mkv","One Piece"
"Anime BDmux ITA-JAP  ONE PIECE 637 - Rivalita tra Guerrieri ! Blocco B ad Alta Tensione!  Dressrosa Arc   Baroque Works  mkv.mkv","One Piece"
"Anime BDmux ITA-JAP  ONE PIECE 590 - Il Torneo Mondiale di Abbuffate Il piu Ghiotto dei Mari  Special Ccrossover   Baroque Works  mkv.mkv","One Piece"
"Tulsa King 1x09 Happy Trails ITA DLMux x264-UBi mkv.mkv",Tulsa
"The Last of Us 1x04 Ti Prego Tienimi Per Mano ITA DLMux x264-UBi mkv.mkv","The last of us"
"Anime BDmux ITA-JAP  ONE PIECE 664 - L ' Operazione S o p ha Inizio - Usoland all ' Attacco  Dressrosa Arc   Baroque Works  mkv.mkv","One Piece"
"Anime BDmux ITA-JAP  ONE PIECE 665 - Forti Emozioni - Rebecca VS Suleiman  Dressrosa Arc   Baroque Works  mkv.mkv","One Piece"
"Anime BDmux ITA-JAP  ONE PIECE 661 - Scontro Nella Flotta dei sette ! Law VS Doflamingo  Dressrosa Arc   Baroque Works  mkv.mkv","One Piece"
"Anime BDmux ITA-JAP  ONE PIECE 659 - Un Terribile Passato ! Il Segreto di Dressrosa  Dressrosa Arc   Baroque Works  mkv.mkv","One Piece"
"Anime BDmux ITA-JAP  ONE PIECE 660 - Incubo ! La Tragica Notte di Dressrosa  Dressrosa Arc   Baroque Works  mkv.mkv","One Piece"
"NCIS Los Angeles 14x06 Caccia Al Tesoro ITA DLMux x264-UBi mkv.mkv","NCIS Los Angeles"
"Anime BDmux ITA-JAP  ONE PIECE 667 - La Decisione dell ' Ammiraglio - Fujitora VS Doflamingo  Dressrosa Arc   Baroque Works  mkv.mkv","One Piece"
"Anime BDmux ITA-JAP  ONE PIECE 662 - Incontro tra Grandi Rivali ! Cappello di Paglia e il Demone Celeste  Dressrosa Arc   Baroque Works  mkv.mkv","One Piece"
"Anime BDmux ITA-JAP  ONE PIECE 663 - Una Grande Sorpresa per Luffy - L ' Uomo che Vuole Perseguire la Volonta di Ace  Dressrosa Arc   Baroque Works  mkv.mkv","One Piece"
"Anime BDmux ITA-JAP  ONE PIECE 666 - Chi Sara il Vincitore L ' Esito del Blocco D  Dressrosa Arc   Baroque Works  mkv.mkv","One Piece"
"The Last of Us 1x05 Resistere E Sopravvivere ITA DLMux x264-UBi mkv.mkv","The last of us"
"NCIS Los Angeles 14x07 Selezione Innaturale ITA DLMux x264-UBi mkv.mkv","NCIS Los Angeles"
"Anime BDmux ITA-JAP  ONE PIECE 670 - Artiglio Uncinato del Drago ! L Attacco di Lucy !  Dressrosa Arc   Baroque Works  mkv.mkv","One Piece"
"Anime BDmux ITA-JAP  ONE PIECE 668 - Inizia la Finale - Entra in Scena eroe mkv.mkv","One Piece"
"Anime BDmux ITA-JAP  ONE PIECE 669 - Il Palazzo Reale si Muove ! Pica Alto Ufficiale !  Dressrosa Arc   Baroque Works  mkv.mkv","One Piece"
"The Last of Us 1x06 Famiglia ITA DLMux x264-UBi mkv.mkv","The last of us"
"NCIS Los Angeles 14x08 Brucia La Citta ITA DLMux x264-UBi mkv.mkv","NCIS Los Angeles"
"N C I S 20x01 Una Questione Di Famiglia ITA DLMux x264-UBi mkv.mkv",NCIS
"N C I S 20x04 Senza Lasciare Traccia ITA DLMux x264-UBi mkv.mkv",NCIS
"N C I S 20x05 Operazione Festung ITA DLMux x264-UBi mkv.mkv",NCIS
"N C I S 20x02 Cose Da Padri ITA DLMux x264-UBi mkv.mkv",NCIS
"N C I S 20x03 Oro E Pietra ITA DLMux x264-UBi mkv.mkv",NCIS
"N C I S 20x06 Guerriera ITA DLMux x264-UBi mkv.mkv",NCIS
"The Mandalorian 3x01 Capitolo Diciassette L Apostata ITA DLMux x264-UBi mkv.mkv","The Mandalorian"
"Anime BDmux ITA-JAP  ONE PIECE 671 - Sconfiggere Sugar - I Nani all Attacco !  Dressrosa Arc   Baroque Works  mkv.mkv","One Piece"
"Anime BDmux ITA-JAP  ONE PIECE 672 - L Ultima Speranza - Il Segreto del Comandante !  Dressrosa Arc   Baroque Works  mkv.mkv","One Piece"
"Anime BDmux ITA-JAP  ONE PIECE 673 - L Uomo-Bomba - Gladius in Azione !  Dressrosa Arc   Baroque Works  mkv.mkv","One Piece"
"Forever 1x23 L an ITA DLMux x264-NovaRip mkv.mkv",Forever
"N C I S 20x07 Amor Perduto ITA DLMux x264-UBi mkv.mkv",NCIS
"Bones - 1x01 - Testimone dal passato  DVDRip x264 AC3 ITA-ENG SUBS  Tiger mkv.mkv",Bones
"Bones - 1x19 - Dopo Katrina  DVDRip x264 AC3 ITA-ENG SUBS  Tiger mkv.mkv",Bones
"Bones - 1x21 - Il reduce sulla tomba  DVDRip x264 AC3 ITA-ENG SUBS  Tiger mkv.mkv",Bones
"Bones - 1x20 - Senza speranza  DVDRip x264 AC3 ITA-ENG SUBS  Tiger mkv.mkv",Bones
"Bones - 1x12 - Morte di un supereroe  DVDRip x264 AC3 ITA-ENG SUBS  Tiger mkv.mkv",Bones
"Bones - 1x07 - Condannato a morte  DVDRip x264 AC3 ITA-ENG SUBS  Tiger mkv.mkv",Bones
"Bones - 1x13 - Doppio delitto  DVDRip x264 AC3 ITA-ENG SUBS  Tiger mkv.mkv",Bones
"Bones - 1x06 - La mummia  DVDRip x264 AC3 ITA-ENG SUBS  Tiger mkv.mkv",Bones
"Bones - 1x04 - La mano  DVDRip x264 AC3 ITA-ENG SUBS  Tiger mkv.mkv",Bones
"NCIS Los Angeles 14x09 Una Vecchia Storia ITA DLMux x264-UBi mkv.mkv","NCIS Los Angeles"
"Bones - 1x18 - La maledizione dei pirati  DVDRip x264 AC3 ITA-ENG SUBS  Tiger mkv.mkv",Bones
"Bones - 1x02 - L'attentato  DVDRip x264 AC3 ITA-ENG SUBS  Tiger mkv.mkv",Bones
"Bones - 1x22 - Un volto per l'assassino  DVDRip x264 AC3 ITA-ENG SUBS  Tiger mkv.mkv",Bones
"Bones - 1x03 - Al di sopra di ogni sospetto  DVDRip x264 AC3 ITA-ENG SUBS  Tiger mkv.mkv",Bones
"The Mandalorian 3x02 Capitolo Diciotto Le Miniere Di Mandalore ITA DLMux x264-UBi mkv.mkv","The Mandalorian"
"Bones - 1x11 - Rapimento e riscatto  DVDRip x264 AC3 ITA-ENG SUBS  Tiger mkv.mkv",Bones
"Bones - 1x10 - La donna dell'aeroporto  DVDRip x264 AC3 ITA-ENG SUBS  Tiger mkv.mkv",Bones
"Bones - 1x14 - Scomparsi  DVDRip x264 AC3 ITA-ENG SUBS  Tiger mkv.mkv",Bones
"Bones - 1x05 - Il bambino nel prato  DVDRip x264 AC3 ITA-ENG SUBS  Tiger mkv.mkv",Bones
"Bones - 1x08 - Il gioco dell'ex  DVDRip x264 AC3 ITA-ENG SUBS  Tiger mkv.mkv",Bones
"Bones - 1x15 - Due corpi sotto esame  DVDRip x264 AC3 ITA-ENG SUBS  Tiger mkv.mkv",Bones
"Bones - 1x17 - Il teschio nel deserto  DVDRip x264 AC3 ITA-ENG SUBS  Tiger mkv.mkv",Bones
"NCIS Los Angeles 14x11 Best Seller ITA DLMux x264-UBi mkv.mkv","NCIS Los Angeles"
"N C I S 20x08 Bersaglio Mancato ITA DLMux x264-UBi mkv.mkv",NCIS
"Bones - 1x16 - Sotto la citta  DVDRip x264 AC3 ITA-ENG SUBS  Tiger mkv.mkv",Bones
"Bones - 1x09 - Il piu bel regalo di Natale  DVDRip x264 AC3 ITA-ENG SUBS  Tiger mkv.mkv",Bones
"The Mandalorian 3x03 Capitolo Diciannove Il Convertito ITA DLMux x264-UBi mkv.mkv","The Mandalorian"
"The Last of Us 1x07 Abbandonata ITA DLMux x264-UBi mkv.mkv","The last of us"
"The Last of Us 1x09 Cerca La Luce ITA DLMux x264-UBi mkv.mkv","The last of us"
"The Last of Us 1x08 Quando Sei In Difficolta ITA DLMux x264-UBi mkv.mkv","The last of us"
"Bones - 2x16 - La sposa nel fiume  DVDRip x264 AC3 ITA-ENG SUBS  Tiger mkv.mkv",Bones
"Bones - 2x20 - Ossa luminescenti  DVDRip x264 AC3 ITA-ENG SUBS  Tiger mkv.mkv",Bones
"Bones - 2x04 - Il gioco del serial killer  DVDRip x264 AC3 ITA-ENG SUBS  Tiger mkv.mkv",Bones
"Bones - 2x14 - Manomissione di prove  DVDRip x264 AC3 ITA-ENG SUBS  Tiger mkv.mkv",Bones
"Bones - 2x07 - Piccole miss  DVDRip x264 AC3 ITA-ENG SUBS  Tiger mkv.mkv",Bones
"Bones - 2x02 - Due scheletri nell'acqua  DVDRip x264 AC3 ITA-ENG SUBS  Tiger mkv.mkv",Bones
"Bones - 2x05 - Un marito perfetto  DVDRip x264 AC3 ITA-ENG SUBS  Tiger mkv.mkv",Bones
"Bones - 2x09 - Sepolti vivi  DVDRip x264 AC3 ITA-ENG SUBS  Tiger mkv.mkv",Bones
"Bones - 2x03 - La rosa di Romeo e Giulietta  DVDRip x264 AC3 ITA-ENG SUBS  Tiger mkv.mkv",Bones
"Bones - 2x19 - Mal di spazio  DVDRip x264 AC3 ITA-ENG SUBS  Tiger mkv.mkv",Bones
"Bones - 2x19 - Mal di spazio  DVDRip x264 AC3 ITA-ENG SUBS  Tiger 0  mkv.mkv",Bones
"Bones - 2x12 - Gli enigmi  DVDRip x264 AC3 ITA-ENG SUBS  Tiger mkv.mkv",Bones
"Bones - 2x08 - La donna nel deserto  DVDRip x264 AC3 ITA-ENG SUBS  Tiger mkv.mkv",Bones
"Bones - 2x15 - Delitto per delitto  DVDRip x264 AC3 ITA-ENG SUBS  Tiger mkv.mkv",Bones
"Bones - 2x17 - Devozione cieca  DVDRip x264 AC3 ITA-ENG SUBS  Tiger mkv.mkv",Bones
"Bones - 2x21 - Solo per amore  DVDRip x264 AC3 ITA-ENG SUBS  Tiger mkv.mkv",Bones
"Bones - 2x11 - Il doppio volto della Fede  DVDRip x264 AC3 ITA-ENG SUBS  Tiger mkv.mkv",Bones
"Bones - 2x10 - Il mistero del bosco  DVDRip x264 AC3 ITA-ENG SUBS  Tiger mkv.mkv",Bones
"Bones - 2x13 - Pausa di primavera  DVDRip x264 AC3 ITA-ENG SUBS  Tiger mkv.mkv",Bones
"Bones - 2x18 - Sotto tortura  DVDRip x264 AC3 ITA-ENG SUBS  Tiger mkv.mkv",Bones
"L Attacco Dei Giganti 3x02 Pain iTA AC3 WEBMux x264-ADE CreW mkv.mkv","Attacco dei Giaganti"
"L Attacco Dei Giganti 3x14 Le Lance Fulmine iTA AC3 WEBMux x264-ADE CreW mkv.mkv","Attacco dei Giaganti"
"L Attacco Dei Giganti 3x19 La Cantina iTA AC3 WEBMux x264-ADE CreW mkv.mkv","Attacco dei Giaganti"
"L Attacco Dei Giganti 3x04 Trust iTA AC3 WEBMux x264-ADE CreW mkv.mkv","Attacco dei Giaganti"
"L Attacco Dei Giganti 3x21 Il Gigante D Attacco iTA AC3 WEBMux x264-ADE CreW mkv.mkv","Attacco dei Giaganti"
"L Attacco Dei Giganti 3x15 La Venuta iTA AC3 WEBMux x264-ADE CreW mkv.mkv","Attacco dei Giaganti"
"L Attacco Dei Giganti 3x22 Al Di La Delle Mura iTA AC3 WEBMux x264-ADE CreW mkv.mkv","Attacco dei Giaganti"
"L Attacco Dei Giganti 3x01 Smoke Signal iTA AC3 WEBMux x264-ADE CreW mkv.mkv","Attacco dei Giaganti"
"L Attacco Dei Giganti 3x20 Quel Giorno iTA AC3 WEBMux x264-ADE CreW mkv.mkv","Attacco dei Giaganti"
"L Attacco Dei Giganti 3x13 La Citta Dove Tutto Inizio iTA AC3 WEBMux x264-ADE CreW mkv.mkv","Attacco dei Giaganti"
"L Attacco Dei Giganti 3x06 Sin iTA AC3 WEBMux x264-ADE CreW mkv.mkv","Attacco dei Giaganti"
"L Attacco Dei Giganti 3x07 Wish iTA AC3 WEBMux x264-ADE CreW mkv.mkv","Attacco dei Giaganti"
"L Attacco Dei Giganti 3x09 Ruler Of The Walls iTA AC3 WEBMux x264-ADE CreW mkv.mkv","Attacco dei Giaganti"
"L Attacco Dei Giganti 3x17 Il Coraggioso iTA AC3 WEBMux x264-ADE CreW mkv.mkv","Attacco dei Giaganti"
"L Attacco Dei Giganti 3x05 Reply iTA AC3 WEBMux x264-ADE CreW mkv.mkv","Attacco dei Giaganti"
"L Attacco Dei Giganti 3x08 Outside The Walls Of Orvud District iTA AC3 WEBMux x264-ADE CreW mkv.mkv","Attacco dei Giaganti"
"L Attacco Dei Giganti 3x11 Bystander iTA AC3 WEBMux x264-ADE CreW mkv.mkv","Attacco dei Giaganti"
"L Attacco Dei Giganti 3x18 Sole Di Mezzanotte iTA AC3 WEBMux x264-ADE CreW mkv.mkv","Attacco dei Giaganti"
"L Attacco Dei Giganti 3x16 Partita Perfetta iTA AC3 WEBMux x264-ADE CreW mkv.mkv","Attacco dei Giaganti"
"L Attacco Dei Giganti 3x12 Night Of The Battle To Retake The Wall iTA AC3 WEBMux x264-ADE CreW mkv.mkv","Attacco dei Giaganti"
"L Attacco Dei Giganti 3x03 Old Story iTA AC3 WEBMux x264-ADE CreW mkv.mkv","Attacco dei Giaganti"
"L Attacco Dei Giganti 3x10 Friends iTA AC3 WEBMux x264-ADE CreW mkv.mkv","Attacco dei Giaganti"
"Bones - 2x06 - Immunita diplomatica  DVDRip x264 AC3 ITA-ENG SUBS  Tiger mkv.mkv",Bones
"Bones - 2x01 - Scambio di identita  DVDRip x264 AC3 ITA-ENG SUBS  Tiger mkv.mkv",Bones
"L Attacco Dei Giganti 4x09 Volontari iTA AC3 WEBMux x264-ADE CreW mkv.mkv","Attacco dei Giaganti"
"L Attacco Dei Giganti 4x26 Traditore iTA AC3 WEBMux x264-ADE CreW mkv.mkv","Attacco dei Giaganti"
"L Attacco Dei Giganti 4x03 La Porta Della Speranza iTA AC3 WEBMux x264-ADE CreW mkv.mkv","Attacco dei Giaganti"
"L Attacco Dei Giganti 4x08 Proiettile Assassino iTA AC3 WEBMux x264-ADE CreW mkv.mkv","Attacco dei Giaganti"
"L Attacco Dei Giganti 4x19 Fratelli Maggiori E Fratelli Minori iTA AC3 WEBMux x264-ADE CreW mkv.mkv","Attacco dei Giaganti"
"L Attacco Dei Giganti 4x07 Assalto iTA AC3 WEBMux x264-ADE CreW mkv.mkv","Attacco dei Giaganti"
"L Attacco Dei Giganti 4x10 Buoni Argomenti iTA AC3 WEBMux x264-ADE CreW mkv.mkv","Attacco dei Giaganti"
"L Attacco Dei Giganti 4x18 Attacco A Tradimento iTA AC3 WEBMux x264-ADE CreW mkv.mkv","Attacco dei Giaganti"
"L Attacco Dei Giganti 4x20 Ricordi Del Futuro iTA AC3 WEBMux x264-ADE CreW mkv.mkv","Attacco dei Giaganti"
"L Attacco Dei Giganti 4x24 Orgoglio iTA AC3 WEBMux x264-ADE CreW mkv.mkv","Attacco dei Giaganti"
"L Attacco Dei Giganti 4x25 La Notte della Fine iTA AC3 WEBMux x264-ADE CreW mkv.mkv","Attacco dei Giaganti"
"L Attacco Dei Giganti 4x12 Guide iTA AC3 WEBMux x264-ADE CreW mkv.mkv","Attacco dei Giaganti"
"L Attacco Dei Giganti 4x11 Impostori iTA AC3 WEBMux x264-ADE CreW mkv.mkv","Attacco dei Giaganti"
"L Attacco Dei Giganti 4x04 Da Mano A Mano iTA AC3 WEBMux x264-ADE CreW mkv.mkv","Attacco dei Giaganti"
"L Attacco Dei Giganti 4x27 Retrospettiva iTA AC3 WEBMux x264-ADE CreW mkv.mkv","Attacco dei Giaganti"
"L Attacco Dei Giganti 4x13 I Bambini Della Foresta iTA AC3 WEBMux x264-ADE CreW mkv.mkv","Attacco dei Giaganti"
"L Attacco Dei Giganti 4x05 Dichiarazione Di Guerra iTA AC3 WEBMux x264-ADE CreW mkv.mkv","Attacco dei Giaganti"
"L Attacco Dei Giganti 4x06 Il Gigante Martello iTA AC3 WEBMux x264-ADE CreW mkv.mkv","Attacco dei Giaganti"
"L Attacco Dei Giganti 4x16 Cielo E Terra iTA AC3 WEBMux x264-ADE CreW mkv.mkv","Attacco dei Giaganti"
"L Attacco Dei Giganti 4x23 Tramonto iTA AC3 WEBMux x264-ADE CreW mkv.mkv","Attacco dei Giaganti"
"L Attacco Dei Giganti 4x01 Al Di La Del Mare iTA AC3 WEBMux x264-ADE CreW mkv.mkv","Attacco dei Giaganti"
"The Mandalorian 3x04 Capitolo Venti Il Trovatello ITA DLMux x264-UBi mkv.mkv","The Mandalorian"
"L Attacco Dei Giganti 4x15 L Unica Salvezza iTA AC3 WEBMux x264-ADE CreW mkv.mkv","Attacco dei Giaganti"
"L Attacco Dei Giganti 4x17 Giudizio iTA AC3 WEBMux x264-ADE CreW mkv.mkv","Attacco dei Giaganti"
"L Attacco Dei Giganti 4x02 Il Treno Di Mezzanotte iTA AC3 WEBMux x264-ADE CreW mkv.mkv","Attacco dei Giaganti"
"L Attacco Dei Giganti 4x14 Violenza Efferata iTA AC3 WEBMux x264-ADE CreW mkv.mkv","Attacco dei Giaganti"
"L Attacco Dei Giganti 4x22 Disgelo iTA AC3 WEBMux x264-ADE CreW mkv.mkv","Attacco dei Giaganti"
"L Attacco Dei Giganti 4x21 Da Te Duemila Anni Fa iTA AC3 WEBMux x264-ADE CreW mkv.mkv","Attacco dei Giaganti"
"The Mandalorian 3x05 Capitolo Ventuno Il Pirata ITA DLMux x264-UBi mkv.mkv","The Mandalorian"
"Bones 3x10 L Uomo Nel Fango ITA DVDMux XviD-Novarip avi.avi",Bones
"Bones 3x06 Chiunque Ma Non Uno Di Noi ITA DVDMux XviD-Novarip avi.avi",Bones
"Bones 3x07 Il Ragazzo Della Capsula Del Tempo ITA DVDMux XviD-Novarip avi.avi",Bones
"Bones 3x15 L Ultimo Discepolo ITA DVDMux XviD-Novarip avi.avi",Bones
"Bones 3x08 I Cavalieri Di Colombo ITA DVDMux XviD-Novarip avi.avi",Bones
"Bones 3x01 Un Collega Insostituibile ITA DVDMux XviD-Novarip avi.avi",Bones
"Bones 3x04 Il Segreto Del Suolo ITA DVDMux XviD-Novarip avi.avi",Bones
"Bones 3x09 Un Babbo Natale Insanguinato ITA DVDMux XviD-Novarip avi.avi",Bones
"Bones 3x14 Voglia Di Cantare ITA DVDMux REPACK XviD-Novarip avi.avi",Bones
"Bones 3x11 Lo Sport Fa Male ITA DVDMux XviD-Novarip avi.avi",Bones
"Bones Stagione 3 Cover DVD ita uto bmp jpg.jpg",Bones
"Bones 3x05 La Mummia Nel Labirinto ITA DVDMux XviD-Novarip avi.avi",Bones
"Bones 3x02 Un Mondo Piu Giusto ITA DVDMux XviD-Novarip avi.avi",Bones
"Bones 3x03 Amore Sbagliato ITA DVDMux XviD-Novarip avi.avi",Bones
"Bones 3x13 L Uomo Nero ITA DVDMux XviD-Novarip avi.avi",Bones
"Bones 3x12 Ricominciare Da Un Ponte ITA DVDMux XviD-Novarip avi.avi",Bones
"NCIS Los Angeles 14x12 Una Questione D Onore ITA DLMux x264-UBi mkv.mkv","NCIS Los Angeles"
"The Mandalorian 3x06 Capitolo Ventidue Mercenari ITA DLMux x264-UBi mkv.mkv","The Mandalorian"
"N C I S 20x11 Ponti ITA DLMux x264-UBi mkv.mkv",NCIS
"N C I S 20x12 Sotto Copertura ITA DLMux x264-UBi mkv.mkv",NCIS
"N C I S 20x10 Gioco Di Squadra Parte 1 ITA DLMux x264-UBi mkv.mkv",NCIS
"NCIS Los Angeles 14x10 Gioco Di Squadra Parte 3 ITA DLMux x264-UBi mkv.mkv","NCIS Los Angeles"
"N C I S 20x09 Morte Nel Campus ITA DLMux x264-UBi mkv.mkv",NCIS
"N C I S 20x13 Gli Occhi Del Male ITA DLMux x264-UBi mkv.mkv",NCIS
"The Mandalorian 3x07 Capitolo Ventitre Le Spie ITA DLMux x264-UBi mkv.mkv","The Mandalorian"
"Bones 4x10-Il Passeggero nel Forno ITA BDMux XviD-NovaRip srt.srt",Bones
"Bones 4x04 Il Dito nel Nido ITA BDMux XviD-NovaRip srt.srt",Bones
"Bones 4x21 L Aquila Di Sangue ITA BDMux XviD-NovaRip avi.avi",Bones
"Bones 4x18 Una Donna Coraggiosa ITA BDMux XviD-NovaRip srt.srt",Bones
"Bones 4x05 Perdere La Testa ITA BDMux XviD-NovaRip srt.srt",Bones
"Bones 4x17 Amiche Per La Pelle ITA BDMux XviD-NovaRip srt.srt",Bones
"Bones 4x07 Non Fermarsi Alle Apparenze ITA BDMux XviD-NovaRip avi.avi",Bones
"Bones 4x16-Schiuma ITA BDMux XviD-NovaRip srt.srt",Bones
"Bones 4x06 Un Capo Troppo Esigente ITA BDMux XviD-NovaRip avi.avi",Bones
"Bones 4x26 Sogno E Realta ITA BDMux XviD-NovaRip avi.avi",Bones
"Bones 4x05 Perdere La Testa ITA BDMux XviD-NovaRip avi.avi",Bones
"Bones 4x19 La Banda Dei Cervelli ITA BDMux XviD-NovaRip avi.avi",Bones
"Bones 4x18 Una Donna Coraggiosa ITA BDMux XviD-NovaRip avi.avi",Bones
"Bones 4x03 Poligamia ITA BDMux XviD-NovaRip avi.avi",Bones
"Bones 4x11 Genitori E Figli ITA BDMux XviD-NovaRip avi.avi",Bones
"Bones 4x24 Morte Di Una Mascotte ITA BDMux XviD-NovaRip avi.avi",Bones
"Bones 4x25 Voglia Di Maternita ITA BDMux XviD-NovaRip avi.avi",Bones
"Bones 4x13-Scontro sul Ghiaccio ITA BDMux XviD-NovaRip srt.srt",Bones
"Bones S04 rar.rar",Bones
"Bones 4x23 La Maschera Della Morte REPACK ITA BDMux XviD-NovaRip avi.avi",Bones
"Bones 4x22 La Doppia Morte Del Caro Estinto ITA BDMux XviD-NovaRip avi.avi",Bones
"Bones 4x16 Schiuma ITA BDMux XviD-NovaRip avi.avi",Bones
"Bones 4x17 Amiche Per La Pelle ITA BDMux XviD-NovaRip avi.avi",Bones
"Bones 4x09 Scambio D Identita ITA BDMux XviD-NovaRip avi.avi",Bones
"Bones 4x12 Ossa Siamesi ITA BDMux XviD-NovaRip avi.avi",Bones
"Bones 4x01 4x02 Due Americani A Londra ITA BDMux XviD-NovaRip avi.avi",Bones
"Bones 4x10 Il Passeggero Nel Forno ITA BDMux XviD-NovaRip avi.avi",Bones
"Bones 4x14 Un Fantasma Del Passato ITA BDMux XviD-NovaRip avi.avi",Bones
"Bones 4x13 Scontro Sul Ghiaccio ITA BDMux XviD-NovaRip avi.avi",Bones
"Bones 4x04 Il Dito Nel Nido ITA BDMux XviD-NovaRip avi.avi",Bones
"Bones 4x20 La Cenerentola Nel Cartone ITA BDMux XviD-NovaRip avi.avi",Bones
"Bones 4x15 Il Cavaliere Misterioso ITA BDMux XviD-NovaRip avi.avi",Bones
"Bones 4x08 Morte In Scatola ITA BDMux XviD-NovaRip avi.avi",Bones
"The Mandalorian 3x08 Capitolo Ventiquattro Il Ritorno ITA DLMux x264-UBi mkv.mkv","The Mandalorian"
"L Attacco Dei Giganti 4x28 L Alba dell Umanita iTA AC3 WEBMux x264-ADE CreW mkv.mkv","Attacco dei Giaganti"
"Bones 5x22 Una Nuova Vita ITA WEB-DL Mux XviD-NovaRip avi.avi",Bones
"Bones 5x02 La Spia Nel Bagagliaio REPACK ITA WEB-DL Mux XviD-NovaRip srt.srt",Bones
"Bones 5x14 Un Caso Diabolico ITA WEB-DL Mux XviD-NovaRip avi.avi",Bones
"Bones 5x21 Magistrato Sotto Processo ITA WEB-DL Mux XviD-NovaRip srt.srt",Bones
"Bones 5x04 Il Teschio Con Le Lenti A Specchio ITA WEB-DL Mux XviD-NovaRip avi.avi",Bones
"Bones 5x09 Il Giocatore Sott Olio ITA WEB-DL Mux XviD-NovaRip avi.avi",Bones
"Bones 5x05 Una Notte Al Museo Delle Mummie ITA WEB-DL Mux XviD-NovaRip srt.srt",Bones
"Bones 5x18 Predatori E Prede ITA WEB-DL Mux XviD-NovaRip avi.avi",Bones
"Bones 5x10 Babbo Natale E La Bomba ITA WEB-DL Mux XviD-NovaRip avi.avi",Bones
"Bones 5x12 La Prova Nel Budino ITA WEB-DL Mux XviD-NovaRip avi.avi",Bones
"Bones 5x08 La Mano Di Cenere ITA WEB-DL Mux XviD-NovaRip avi.avi",Bones
"Bones 5x15 Delitto Nella Metropolitana ITA WEB-DL Mux XviD-NovaRip avi.avi",Bones
"Bones 5x07 Uno Strano Chef ITA WEB-DL Mux XviD-NovaRip avi.avi",Bones
"Bones 5x20 La Strega Nell Armadio ITA WEB-DL Mux XviD-NovaRip avi.avi",Bones
"Bones 5x16 Le Parti Nella Somma Del Tutto ITA WEB-DL Mux XviD-NovaRip avi.avi",Bones
"Bones 5x06 L Uomo Pollo ITA WEB-DL Mux XviD-NovaRip avi.avi",Bones
"Bones 5x11 Alieni Di Flanella ITA WEB-DL Mux XviD-NovaRip avi.avi",Bones
"Bones 5x21 Magistrato Sotto Processo ITA WEB-DL Mux XviD-NovaRip avi.avi",Bones
"Bones 5x17 Morte Di Una Reginetta ITA WEB-DL Mux XviD-NovaRip avi.avi",Bones
"Bones 5x03 Sospesa Tra Due Mondi ITA WEB-DL Mux XviD-NovaRip avi.avi",Bones
"Bones 5x05 Una Notte Al Museo Delle Mummie ITA WEB-DL Mux XviD-NovaRip avi.avi",Bones
"Bones 5x13 Il Dentista Nel Fossato ITA WEB-DL Mux XviD-NovaRip avi.avi",Bones
"Bones 5x19 L Ultima Passione ITA WEB-DL Mux XviD-NovaRip avi.avi",Bones
"Bones 5x02 La Spia Nel Bagagliaio REPACK ITA WEB-DL Mux XviD-NovaRip avi.avi",Bones
"Bones 5x01 La Voce Dei Tarocchi ITA WEB-DL Mux XviD-NovaRip avi.avi",Bones
"Bones 6x05 Lo Scheletro Scomparso ITA DLMux XviD-NovaRip avi.avi",Bones
"Bones 6x11 Un Proiettile Nel Cervello ITA DLMux XviD-NovaRip avi.avi",Bones
"Bones 6x02 La Coppia Nella Caverna ITA DLMux XviD-NovaRip avi.avi",Bones
"Bones 6x06 Un Alieno In Fondo Al Mare ITA DLMux XviD-NovaRip avi.avi",Bones
"Bones 6x03 La Tribu Dei Guido ITA REAL REPACK DLMux XviD-NovaRip avi.avi",Bones
"Bones 6x16 Il Blackout Nella Tempesta ITA DLMux XviD-NovaRip avi.avi",Bones
"Bones 6x22 Dritto Al Cuore ITA DLMux XviD-NovaRip avi.avi",Bones
"Bones 6x01 Ritorno A Casa ITA DLMux XviD-NovaRip avi.avi",Bones
"Bones 6x13 Per Amore Del Rischio ITA DLMux XviD-NovaRip avi.avi",Bones
"Bones 6x23 Cambio Di Gioco ITA DLMux XviD-NovaRip avi.avi",Bones
"Bones 6x08 Le Ossa Non Mentono Mai ITA DLMux XviD-NovaRip avi.avi",Bones
"Bones 6x10 Il Racket Dei Falsi ITA DLMux XviD-NovaRip avi.avi",Bones
"Bones 6x04 Il Cacciatore Di Taglie ITA DLMux XviD-NovaRip avi.avi",Bones
"Bones 6x20 Sincerita Radicale ITA DLMux XviD-NovaRip avi.avi",Bones
"Bones 6x12 L Amore Ha Un Cuore Solo ITA DLMux XviD-NovaRip avi.avi",Bones
"Bones 6x15 Il Killer Nel Mirino ITA DLMux XviD-NovaRip avi.avi",Bones
"Bones 6x14 Omicidio A S Valentino ITA DLMux XviD-NovaRip avi.avi",Bones
"Bones 6x07 Cioccolato E Bugie ITA DLMux XviD-NovaRip avi.avi",Bones
"Bones 6x17 I Piedi Sulla Spiaggia ITA DLMux XviD-NovaRip avi.avi",Bones
"Bones 6x19 La Mappa Del Tesoro ITA DLMux XviD-NovaRip avi.avi",Bones
"Bones 6x09 Vite Parallele ITA DLMux XviD-NovaRip avi.avi",Bones
"Bones 6x18 La Verita Nel Mito ITA DLMux XviD-NovaRip avi.avi",Bones
"Bones 6x21 Sola Contro Tutti ITA DLMux XviD-NovaRip avi.avi",Bones
"Rabbit Hole 1x01 Pilot ITA DLMux x264-UBi mkv.mkv","Rabbit Hole"
"Rabbit Hole 1x02 In Qualunque Momento ITA DLMux x264-UBi mkv.mkv","Rabbit Hole"
"Rabbit Hole 1x08 Asso Nella Manica ITA DLMux x264-UBi mkv.mkv","Rabbit Hole"
"Rabbit Hole 1x06 La Guida Strategica ITA DLMux x264-UBi mkv.mkv","Rabbit Hole"
"Rabbit Hole 1x05 Tom ITA DLMux x264-UBi mkv.mkv","Rabbit Hole"
"Rabbit Hole 1x04 La Persona Nel Tuo Orecchio ITA DLMux x264-UBi mkv.mkv","Rabbit Hole"
"Rabbit Hole 1x07 Gilgamesh ITA DLMux x264-UBi mkv.mkv","Rabbit Hole"
"Rabbit Hole 1x03 Gli Algoritmi Del Controllo ITA DLMux x264-UBi mkv.mkv","Rabbit Hole"
"Bones 7x07 Un cadavere nello scarico iTALiAN BDMux XviD-DarkSideMux forced srt.srt",Bones
"Bones 7x01 Senza memoria iTALiAN BDMux x264-DarkSideMux mp4.mp4",Bones
"Bones 7x10 Una vita di umiliazioni iTALiAN BDMux x264-DarkSideMux mp4.mp4",Bones
"Bones 7x06 L enigma delle vertebre iTALiAN BDMux x264-DarkSideMux mp4.mp4",Bones
"Bones 7x05 Cacciatori di tempeste iTALiAN BDMux x264-DarkSideMux mp4.mp4",Bones
"Bones 7x03 Giocattoli preziosi iTALiAN BDMux x264-DarkSideMux mp4.mp4",Bones
"Bones 7x04 L ultima spedizione iTALiAN BDMux x264-DarkSideMux mp4.mp4",Bones
"Bones 7x07 Un cadavere nello scarico iTALiAN BDMux x264-DarkSideMux mp4.mp4",Bones
"Bones 7x13 La vendetta del genio iTALiAN BDMux x264-DarkSideMux mp4.mp4",Bones
"Bones 7x11 Faida familiare iTALiAN BDMux x264-DarkSideMux mp4.mp4",Bones
"Bones 7x08 La testa sotto il camion iTALiAN BDMux x264-DarkSideMux mp4.mp4",Bones
"Bones 7x09 Un cadavere in blu iTALiAN BDMux x264-DarkSideMux mp4.mp4",Bones
"Bones 7x02 La gara di cibo iTALiAN BDMux x264-DarkSideMux mp4.mp4",Bones
"Bones 7x12 Delitto sul set iTALiAN BDMux x264-DarkSideMux mp4.mp4",Bones
"Bones 8x05 La Bottega Delle Mele ITA BDMux x264-iGM mp4.mp4",Bones
"I Cavalieri Dello Zodiaco 2023 iTALiAN WEBRiP XviD-PRiME avi.avi","Romanzo Criminale"
"I Cavalieri Dello Zodiaco 2023 iTALiAN WEBRiP XviD-PRiME mp4.mp4","Romanzo Criminale"
"Bones 9x24 Il Cadavere In Poltrona ITA DLMux x264-NovaRip mkv.mkv",Bones
"Bones 9x09 L Ostacolo In Giuria ITA DLMux x264-NovaRip mkv.mkv",Bones
"Bones 9x01 Il Corpo Nel Condizionatore ITA DLMux x264-NovaRip mkv.mkv",Bones
"Bones 9x13 La Tomba Nell Aiuola ITA DLMux x264-NovaRip mkv.mkv",Bones
"Bones 9x17 Il Corpo Nella Cisterna ITA DLMux x264-NovaRip mkv.mkv",Bones
"Bones 9x22 L Unghia Nella Bara ITA REPACK DLMux x264-NovaRip mkv.mkv",Bones
"Bones 9x04 L Ultima Sfida ITA DLMux x264-NovaRip mkv.mkv",Bones
"Bones 9x21 Un Caso Ghiacciato ITA DLMux x264-NovaRip mkv.mkv",Bones
"Bones 9x23 Il Segreto Dell Atleta ITA DLMux x264-NovaRip mkv.mkv",Bones
"Bones 9x10 Il Sapore Della Morte ITA DLMux x264-NovaRip mkv.mkv",Bones
"Bones 9x20 La Ragazza Nel Bosco ITA DLMux x264-NovaRip mkv.mkv",Bones
"Bones 9x19 Chi C E Nell Urna ITA DLMux x264-NovaRip mkv.mkv",Bones
"Bones 9x16 Il Cadavere In Riva Al Lago ITA REPACK DLMux x264-NovaRip mkv.mkv",Bones
"Bones 9x06 Forse Oggi Sposi ITA DLMux x264-NovaRip mkv.mkv",Bones
"Bones 9x14 Il Maestro Di Scacchi ITA DLMux x264-NovaRip mkv.mkv",Bones
"Bones 9x15 La Ragazza Nella Terra ITA DLMux x264-NovaRip mkv.mkv",Bones
"Bones 9x18 Il Cuore Della Carota ITA DLMux x264-NovaRip mkv.mkv",Bones
"Bones 9x05 La Lista Dei Desideri ITA DLMux x264-NovaRip mkv.mkv",Bones
"Bones 9x11 Il Fulmine Nel Parco ITA DLMux x264-NovaRip mkv.mkv",Bones
"Bones 9x07 Il Cadavere Di Buenos Aires ITA DLMux x264-NovaRip mkv.mkv",Bones
"Bones 9x03 Il Macellaio Carbonizzato ITA DLMux x264-NovaRip mkv.mkv",Bones
"Bones 9x12 Il Fantasma Di Un Assassina ITA DLMux x264-NovaRip mkv.mkv",Bones
"Bones 9x02 Terapia Di Coppia ITA DLMux x264-NovaRip mkv.mkv",Bones
"Bones 9x08 Il Corpo Nella Diga ITA DLMux x264-NovaRip mkv.mkv",Bones
"I Cavalieri Dello Zodiaco - 056 - Una Lotta Impari  540p   D^2C  mkv.mkv","Cavalieri dello Zodiaco"
"I Cavalieri Dello Zodiaco - 067 - Battaglia Senza Vincitori  540p   D^2C  mkv.mkv","Cavalieri dello Zodiaco"
"I Cavalieri Dello Zodiaco - 064 - Il Ritorno Di Micene  540p   D^2C  mkv.mkv","Cavalieri dello Zodiaco"
"I Cavalieri Dello Zodiaco - 062 - Quale Destino Per Crystal  540p   D^2C  mkv.mkv","Cavalieri dello Zodiaco"
"I Cavalieri Dello Zodiaco - 057 - Ritorno Dall'Ade  540p   D^2C  mkv.mkv","Cavalieri dello Zodiaco"
"I Cavalieri Dello Zodiaco - 063 - Eufonia  540p   D^2C  mkv.mkv","Cavalieri dello Zodiaco"
"I Cavalieri Dello Zodiaco - 066 - La Pienezza Del Dragone  540p   D^2C  mkv.mkv","Cavalieri dello Zodiaco"
"I Cavalieri Dello Zodiaco - 061 - Un Aiuto Inaspettato  540p   D^2C  mkv.mkv","Cavalieri dello Zodiaco"
"I Cavalieri Dello Zodiaco - 060 - La Cuspide Scarlatta  540p   D^2C  mkv.mkv","Cavalieri dello Zodiaco"
"I Cavalieri Dello Zodiaco - 065 - Excalibur  540p   D^2C  mkv.mkv","Cavalieri dello Zodiaco"
"I Cavalieri Dello Zodiaco - 058 - Addio Fratello  540p   D^2C  mkv.mkv","Cavalieri dello Zodiaco"
"I Cavalieri Dello Zodiaco - 059 - Speranza Nella Settima Casa  540p   D^2C  mkv.mkv","Cavalieri dello Zodiaco"
"Foundation 2x01 All Ombra Di Seldon ITA DLMux x264-WRM mkv.mkv",Foundation
"Foundation 2x02 Uno Scorcio Di Oscurita ITA DLMux x264-WRM mkv.mkv",Foundation
"Foundation 2x03 Re E Plebei ITA DLMux x264-WRM mkv.mkv",Foundation
"Foundation 2x04 Dove Le Stelle Sono Sparpagliate ITA DLMux x264-WRM mkv.mkv",Foundation
"Bones 10x02 Il Cuore Di Sweets ITA DLMux x264-UBi mkv.mkv",Bones
"Bones 10x06 La Tratta ITA DLMux x264-UBi mkv.mkv",Bones
"SAINT SEIYA The HADES Chapter Sanctuary 01  Blu-ray Mux 1080p x264 AAC Ita-AC3 Jap Sub Ita  Dohko D G   mkv.mkv","Cavalieri dello Zodiaco"
"Bones 10x04 Game Over ITA DLMux x264-UBi mkv.mkv",Bones
"Bones 10x14 Delitto Al Minigolf ITA DLMux x264-UBi mkv.mkv",Bones
"Bones 10x22 L Ultimo Caso ITA DLMux x264-UBi mkv.mkv",Bones
"Bones 10x16 Cibo Cucina E Morte ITA DLMux x264-UBi mkv.mkv",Bones
"Bones 10x05 Convegno Con Il Morto ITA DLMux x264-UBi mkv.mkv",Bones
"SAINT SEIYA The HADES Chapter Sanctuary 04  Blu-ray Mux 1080p x264 AAC Ita-AC3 Jap Sub Ita  Dohko D G   mkv.mkv","Cavalieri dello Zodiaco"
"SAINT SEIYA The HADES Chapter Sanctuary 02  Blu-ray Mux 1080p x264 AAC Ita-AC3 Jap Sub Ita  Dohko D G   mkv.mkv","Cavalieri dello Zodiaco"
"Bones 10x09 Obbedienza Cieca ITA DLMux x264-UBi mkv.mkv",Bones
"Bones 10x07 Orrore Al Parco Giochi ITA DLMux x264-UBi mkv.mkv",Bones
"Bones 10x19 Omicidio In Medio Oriente ITA DLMux x264-UBi mkv.mkv",Bones
"Bones 10x11 Spezzatino Di Cadavere ITA DLMux x264-UBi mkv.mkv",Bones
"SAINT SEIYA The HADES Chapter Sanctuary 03  Blu-ray Mux 1080p x264 AAC Ita-AC3 Jap Sub Ita  Dohko D G   mkv.mkv","Cavalieri dello Zodiaco"
"Bones 10x15 Occhio Dal Cielo ITA DLMux x264-UBi mkv.mkv",Bones
"Bones 10x01 Le Rivelazioni Del Cadavere ITA DLMux x264-UBi mkv.mkv",Bones
"Bones 10x21 Il Cammino Verso La Luce ITA DLMux x264-UBi mkv.mkv",Bones
"Bones 10x20 La Donna Nel Vortice ITA DLMux x264-UBi mkv.mkv",Bones
"Bones 10x12 Il Cadavere Sotto I Libri ITA DLMux x264-UBi mkv.mkv",Bones
"Bones 10x03 La Voce Dell Intolleranza ITA DLMux x264-UBi mkv.mkv",Bones
"Bones 10x13 Il Pasticcere In Briciole ITA DLMux x264-UBi mkv.mkv",Bones
"Bones 10x08 L Enigma Del Cadavere ITA DLMux x264-UBi mkv.mkv",Bones
"Bones 10x10 200 Candeline ITA DLMux x264-UBi mkv.mkv",Bones
"Tsunami  I Cavalieri dello zodiaco - 4x06 - L'Antico Guerriero  BD 576p 59,94 fps H264 8 bit AC3 ITA-JAP SUB ITA  by user-id mkv.mkv","Cavalieri dello Zodiaco"
"Tsunami  I Cavalieri dello zodiaco - 4x07 - Oscura Adunanza  BD 576p 59,94 fps H264 8 bit AC3 ITA-JAP SUB ITA  by user-id mkv.mkv","Cavalieri dello Zodiaco"
"Bones 10x18 All Ultimo Istante ITA DLMux x264-UBi mkv.mkv",Bones
"Tsunami  I Cavalieri dello zodiaco - 4x05 - Un fugace incontro  BD 576p 59,94 fps H264 8 bit AC3 ITA-JAP SUB ITA  by user-id mkv.mkv","Cavalieri dello Zodiaco"
"Bones 10x17 La Studentessa Triste ITA DLMux x264-UBi mkv.mkv",Bones
"Tsunami  I Cavalieri dello zodiaco - 4x09 - Orgoglio e infamia  BD 576p 59,94 fps H264 8 bit AC3 ITA-JAP SUB ITA  by user-id mkv.mkv","Cavalieri dello Zodiaco"
"Tsunami  I Cavalieri dello zodiaco - 4x12 - L'Armatura di Atena  BD 576p 59,94 fps H264 8 bit AC3 ITA-JAP SUB ITA  by user-id mkv.mkv","Cavalieri dello Zodiaco"
"Tsunami  I Cavalieri dello zodiaco - 4x10 - Il colpo proibito  BD 576p 59,94 fps H264 8 bit AC3 ITA-JAP SUB ITA  by user-id mkv.mkv","Cavalieri dello Zodiaco"
"Tsunami  I Cavalieri dello zodiaco - 4x13 - L'alba della decisione finale  BD 576p 59,94 fps H264 8 bit AC3 ITA-JAP SUB ITA  by user-id mkv.mkv","Cavalieri dello Zodiaco"
"Tsunami  I Cavalieri dello zodiaco - 4x08 - Un attimo di esitazione  BD 576p 59,94 fps H264 8 bit AC3 ITA-JAP SUB ITA  by user-id mkv.mkv","Cavalieri dello Zodiaco"
"Tsunami  I Cavalieri dello zodiaco - 4x11 - Il Santuario del terrore  BD 576p 59,94 fps H264 8 bit AC3 ITA-JAP SUB ITA  by user-id mkv.mkv","Cavalieri dello Zodiaco"
"Foundation 2x05 I Vedenti E I Visti ITA DLMux x264-WRM mkv.mkv",Foundation
"Foundation 2x06 Perche Gli Dei Hanno Creato Il Vino ITA DLMux x264-WRM mkv.mkv",Foundation
"Bones 11x01 Somiglianze ITA DLMux x264-UBi mkv.mkv",Bones
"Bones 11x08 Alto Tradimento ITA DLMux x264-UBi mkv.mkv",Bones
"Bones 11x16 Note Stonate ITA DLMux x264-UBi mkv.mkv",Bones
"Bones 11x20 Il Cadavere Nel Crepaccio ITA DLMux x264-UBi mkv.mkv",Bones
"Bones 11x21 I Gioielli Della Corona ITA DLMux x264-UBi mkv.mkv",Bones
"Bones 11x09 Cowboy Contemporanei ITA DLMux x264-UBi mkv.mkv",Bones
"Bones 11x18 In Primo Piano ITA DLMux x264-UBi mkv.mkv",Bones
"Bones 11x05 Esperimenti Mortali ITA DLMux x264-UBi mkv.mkv",Bones
"Bones 11x12 Superstizioni Sessiste ITA DLMux x264-UBi mkv.mkv",Bones
"Bones 11x10 Un Esplosione Di Paura ITA DLMux x264-UBi mkv.mkv",Bones
"Bones 11x14 Una Seconda Occasione ITA DLMux x264-UBi mkv.mkv",Bones
"Bones 11x13 La Madre Ideale ITA DLMux x264-UBi mkv.mkv",Bones
"Bones 11x15 Non Tutto E Come Sembra ITA DLMux x264-UBi mkv.mkv",Bones
"Bones 11x04 Il Pasto Dei Lupi ITA DLMux x264-UBi mkv.mkv",Bones
"Bones 11x19 Omicidio Sul Ghiaccio ITA DLMux x264-UBi mkv.mkv",Bones
"Bones 11x03 Le Ceneri Scomparse ITA DLMux x264-UBi mkv.mkv",Bones
"Bones 11x07 La Scimmia Ubriaca ITA DLMux x264-UBi mkv.mkv",Bones
"Bones 11x11 Difesa D Ufficio ITA DLMux x264-UBi mkv.mkv",Bones
"Bones 11x06 Il Senatore Nella Spazzatura ITA DLMux x264-UBi mkv.mkv",Bones
"Bones 11x22 Incubi ITA DLMux x264-UBi mkv.mkv",Bones
"Bones 11x02 Ritorno Al Jeffersonian ITA DLMux x264-UBi mkv.mkv",Bones
"Bones 11x17 Servizi Segreti ITA DLMux x264-UBi mkv.mkv",Bones
"SAINT SEIYA The HADES Chapter-Inferno 01  Blu-ray Mux 1080p x264 AAC Ita-AC3 Jap Sub-Ita  Dohko D G   mkv.mkv","Cavalieri dello Zodiaco"
"SAINT SEIYA The HADES Chapter-Inferno 02  Blu-ray Mux 1080p x264 AAC Ita-AC3 Jap Sub-Ita  Dohko D G   mkv.mkv","Cavalieri dello Zodiaco"
"SAINT SEIYA The HADES Chapter-Inferno 09  Blu-ray Mux 1080p x264 AAC Ita-AC3 Jap Sub-Ita  Dohko D G   mkv.mkv","Cavalieri dello Zodiaco"
"SAINT SEIYA The HADES Chapter-Inferno 11  Blu-ray Mux 1080p x264 AAC Ita-AC3 Jap Sub-Ita  Dohko D G   mkv.mkv","Cavalieri dello Zodiaco"
"SAINT SEIYA The HADES Chapter-Inferno 04  Blu-ray Mux 1080p x264 AAC Ita-AC3 Jap Sub-Ita  Dohko D G   mkv.mkv","Cavalieri dello Zodiaco"
"SAINT SEIYA The HADES Chapter-Inferno 07  Blu-ray Mux 1080p x264 AAC Ita-AC3 Jap Sub-Ita  Dohko D G   mkv.mkv","Cavalieri dello Zodiaco"
"SAINT SEIYA The HADES Chapter-Inferno 10  Blu-ray Mux 1080p x264 AAC Ita-AC3 Jap Sub-Ita  Dohko D G   mkv.mkv","Cavalieri dello Zodiaco"
"SAINT SEIYA The HADES Chapter-Inferno 03  Blu-ray Mux 1080p x264 AAC Ita-AC3 Jap Sub-Ita  Dohko D G   mkv.mkv","Cavalieri dello Zodiaco"
"SAINT SEIYA The HADES Chapter-Inferno 12  Blu-ray Mux 1080p x264 AAC Ita-AC3 Jap Sub-Ita  Dohko D G   mkv.mkv","Cavalieri dello Zodiaco"
"SAINT SEIYA The HADES Chapter-Inferno 06  Blu-ray Mux 1080p x264 AAC Ita-AC3 Jap Sub-Ita  Dohko D G   mkv.mkv","Cavalieri dello Zodiaco"
"SAINT SEIYA The HADES Chapter-Inferno 05  Blu-ray Mux 1080p x264 AAC Ita-AC3 Jap Sub-Ita  Dohko D G   mkv.mkv","Cavalieri dello Zodiaco"
"SAINT SEIYA The HADES Chapter-Inferno 08  Blu-ray Mux 1080p x264 AAC Ita-AC3 Jap Sub-Ita  Dohko D G   mkv.mkv","Cavalieri dello Zodiaco"
"Foundation 2x07 Una Morte Necessaria ITA DLMux x264-WRM mkv.mkv",Foundation
"Foundation 2x08 L Ultima Imperatrice ITA DLMux x264-WRM mkv.mkv",Foundation
"SAINT SEIYA The HADES Chapter-Elysion 04  Blu-ray Mux 1080p x264 AAC Ita-AC3 Jap Sub-Ita  Dohko D G   mkv.mkv","Cavalieri dello Zodiaco"
"SAINT SEIYA The HADES Chapter-Elysion 03  Blu-ray Mux 1080p x264 AAC Ita-AC3 Jap Sub-Ita  Dohko D G   mkv.mkv","Cavalieri dello Zodiaco"
"SAINT SEIYA The HADES Chapter-Elysion 06  Blu-ray Mux 1080p x264 AAC Ita-AC3 Jap Sub-Ita  Dohko D G   mkv.mkv","Cavalieri dello Zodiaco"
"SAINT SEIYA The HADES Chapter-Elysion 02  Blu-ray Mux 1080p x264 AAC Ita-AC3 Jap Sub-Ita  Dohko D G   mkv.mkv","Cavalieri dello Zodiaco"
"SAINT SEIYA The HADES Chapter-Elysion 05  Blu-ray Mux 1080p x264 AAC Ita-AC3 Jap Sub-Ita  Dohko D G   mkv.mkv","Cavalieri dello Zodiaco"
"SAINT SEIYA The HADES Chapter-Elysion 01  Blu-ray Mux 1080p x264 AAC Ita-AC3 Jap Sub-Ita  Dohko D G   mkv.mkv","Cavalieri dello Zodiaco"
"Bones 12x04 Il Prezzo Del Passato ITA DLMux x264-UBi mkv.mkv",Bones
"Bones 12x10 Pantere Da Party ITA DLMux x264-UBi mkv.mkv",Bones
"Bones 12x07 Troppo Tardi ITA DLMux x264-UBi mkv.mkv",Bones
"Bones 12x01 La Speranza Nell Orrore ITA DLMux x264-UBi mkv.mkv",Bones
"Bones 12x02 Intelligenza Artificiale ITA DLMux x264-UBi mkv.mkv",Bones
"Bones 12x03 Vecchie Abitudini ITA DLMux x264-UBi mkv.mkv",Bones
"Bones 12x12 Capitolo Finale ITA DLMux x264-UBi mkv.mkv",Bones
"Bones 12x05 Lotta Per Il Tutor ITA DLMux x264-UBi mkv.mkv",Bones
"Bones 12x08 Addio Papa ITA DLMux x264-UBi mkv.mkv",Bones
"Bones 12x06 La Sega Difettosa ITA DLMux x264-UBi mkv.mkv",Bones
"Bones 12x09 Un Tentativo Disperato ITA DLMux x264-UBi mkv.mkv",Bones
"Bones 12x11 Un Giorno Da Ricordare ITA DLMux x264-UBi mkv.mkv",Bones
"Foundation 2x09 Molto Tempo Fa Non Troppo Lontano ITA DLMux x264-WRM mkv.mkv",Foundation
"Anime BDmux ITA-JAP  ONE PIECE 675 - Un Incontro Voluto dal Gestino - Kyros e-Re Riku  Dressrosa Arc   Baroque Works  mkv.mkv","One Piece"
"Anime BDmux ITA-JAP  ONE PIECE 677 - Rinasce la Leggenda! La Furia di Kyros  Dressrosa Arc   Baroque Works  mkv.mkv","One Piece"
"Anime BDmux ITA-JAP  ONE PIECE 674 - L Inganno - Usoland in Fuga !  Dressrosa Arc   Baroque Works  mkv.mkv","One Piece"
"Foundation 2x10 Miti Della Creazione ITA DLMux x264-WRM mkv.mkv",Foundation
"N C I S 20x14 Vecchie Ferite ITA DLMux x264-UBi mkv.mkv",NCIS
"NCIS Los Angeles 14x14 Vergogna ITA DLMux x264-UBi mkv.mkv","NCIS Los Angeles"
"NCIS Los Angeles 14x13 Il Socio ITA DLMux x264-UBi mkv.mkv","NCIS Los Angeles"
"NCIS Los Angeles 14x20 Un Nuovo Inizio Prima Parte ITA DLMux x264-UBi mkv.mkv","NCIS Los Angeles"
"NCIS Los Angeles 14x17 Ieri Oggi Domani ITA DLMux x264-UBi mkv.mkv","NCIS Los Angeles"
"NCIS Los Angeles 14x16 Drona ITA DLMux x264-UBi mkv.mkv","NCIS Los Angeles"
"NCIS Los Angeles 14x18 Falene ITA DLMux x264-UBi mkv.mkv","NCIS Los Angeles"
"N C I S 20x15 La Curva Dei Tuoi Giorni ITA DLMux x264-UBi mkv.mkv",NCIS
"NCIS Los Angeles 14x15 In Trappola ITA DLMux x264-UBi mkv.mkv","NCIS Los Angeles"
"NCIS Los Angeles 14x19 Resa Dei Conti ITA DLMux x264-UBi mkv.mkv","NCIS Los Angeles"
"NCIS Los Angeles 14x21 Un Nuovo Inizio Seconda Parte ITA DLMux x264-UBi mkv.mkv","NCIS Los Angeles"
"Anime BDmux ITA-JAP  ONE PIECE 676 - Problemi con l Operazione S O P! L Eroe Usoland ce la Fara !  Dressrosa Arc   Baroque Works  mkv.mkv","One Piece"
"Anime BDmux ITA-JAP  ONE PIECE 678 - Pugno di Fuoco! Il Potere del Frutto Foco Foco e Tornato  Dressrosa Arc   Baroque Works  mkv.mkv","One Piece"
"NCIS Hawaii 2x10 Gioco Di Squadra Parte 2 ITA DLMux x264-UBi mkv.mkv","NCIS New Orleans"
"N C I S 20x16 Effetto Farfalla ITA DLMux x264-UBi mkv.mkv",NCIS
"Anime BDmux ITA-JAP  ONE PIECE 679 - Arriva Sabo! Il Capo di Stato Maggiore dell ' Armata Rivoluzionaria  Baroque Works  mkv.mkv","One Piece"
"Anime BDmux ITA-JAP  ONE PIECE 680 - La Trappola di DoFlamingo - Sterminare il Popolo di Dressrosa  Dressrosa Arc   Baroque Works  mkv.mkv","One Piece"
"Anime BDmux ITA-JAP  ONE PIECE 681 - Una Taglia da Cinquecento Milioni-di-Berry---Obiettivo--Usoland-!  Dressrosa Arc   Baroque Works  mkv.mkv","One Piece"
"Anime BDmux ITA-JAP  ONE PIECE 683 - La Terra Trema - Pica , il Gigante della Distruzione  Dressrosa Arc   Baroque Works  mkv.mkv","One Piece"
"Anime BDmux ITA-JAP  ONE PIECE 682 - Sfondare-le-Linee Nemiche - Luffy e Zoro al Contrattacco  Dressrosa Arc   Baroque Works  mkv.mkv","One Piece"
"Anime BDmux ITA-JAP  ONE PIECE 684 - Tutti Verso il Palazzo Reale ! Luffy e la Grande Armata  Baroque Works  mkv.mkv","One Piece"
"Anime BDmux ITA-JAP  ONE PIECE 686 - Clamorosa Rivelazione ! Il Solenne Giuramento di Law !  Dressrosa Arc   Baroque Works  mkv.mkv","One Piece"
"Anime BDmux ITA-JAP  ONE PIECE 687 - Grande Scontro ! Sabo vs Fujitora  Dressrosa Arc   Baroque Works  mkv.mkv","One Piece"
"Anime BDmux ITA-JAP  ONE PIECE 688 - Situazione Disperata - Luffy in Trappola !  Dressrosa Arc   Baroque Works  mkv.mkv","One Piece"
"Anime BDmux ITA-JAP  ONE PIECE 685 - Inarrestabile-Avanzata ! L Armata di Luffy vs Pica !  Dressrosa Arc   Baroque Works  mkv.mkv","One Piece"
"Bosch 1x05 Cocco Di Mamma ITA WEBMux x264-NovaRip mkv.mkv",Bosch
"Bosch 1x02 Segreti Sepolti ITA WEBMux x264-NovaRip mkv.mkv",Bosch
"Bosch 1x06 Natale In Famiglia ITA WEBMux x264-NovaRip mkv.mkv",Bosch
"Bosch 1x01 Un Poliziotto Scomodo ITA WEBMux x264-NovaRip mkv.mkv",Bosch
"Bosch 1x09 Il Castello Magico ITA WEBMux x264-NovaRip mkv.mkv",Bosch
"N C I S 20x17 Straniero In Terra Straniera ITA DLMux x264-UBi mkv.mkv",NCIS
"Bosch 1x03 Indagine Compromessa ITA WEBMux x264-NovaRip mkv.mkv",Bosch
"Bosch 1x08 Alti E Bassi ITA WEBMux x264-NovaRip mkv.mkv",Bosch
"Bosch 1x10 Noi E Loro ITA WEBMux x264-NovaRip mkv.mkv",Bosch
"Bosch 1x07 La Casa Rifugio ITA WEBMux x264-NovaRip mkv.mkv",Bosch
"Bosch 1x04 Prigioniero In Fuga ITA WEBMux x264-NovaRip mkv.mkv",Bosch
"N C I S 20x18 Fuori Di Testa ITA DLMux x264-UBi mkv.mkv",NCIS
"Anime BDmux ITA-JAP  ONE PIECE 691 - Kanjuro - La Tempesta Vespertina  Dressrosa Arc   Baroque Works  mkv.mkv","One Piece"
"Anime BDmux ITA-JAP  ONE PIECE 692 - Duro Scontro con Pica - Il Colpo Letale di Zoro!  Dressrosa Arc   Baroque Works  mkv.mkv","One Piece"
"Anime BDmux ITA-JAP  ONE PIECE 689 - Grande Fuga ! L Elephant Gun di Luffy  Baroque Works  mkv.mkv","One Piece"
"Anime BDmux ITA-JAP  ONE PIECE 690 - Fronte Compatto - Luffy Verso la Vittoria  Dressrosa Arc   Baroque Works  mkv.mkv","One Piece"
"Bosch 2x01 Episodio 1 ITA WEBMUX x264-NST mkv.mkv",Bosch
"Bosch 2x04 Episodio 4 ITA WEBMUX x264-NST mkv.mkv",Bosch
"Bosch 2x05 Episodio 5 ITA WEBMUX x264-NST mkv.mkv",Bosch
"Bosch 2x02 Episodio 2 ITA WEBMUX x264-NST mkv.mkv",Bosch
"Bosch 2x09 Episodio 9 ITA WEBMUX x264-NST mkv.mkv",Bosch
"Bosch 2x07 Episodio 7 ITA WEBMUX x264-NST mkv.mkv",Bosch
"Bosch 2x06 Episodio 6 ITA WEBMUX x264-NST mkv.mkv",Bosch
"Bosch 2x10 Episodio 10 ITA WEBMUX x264-NST mkv.mkv",Bosch
"Bosch 2x08 Episodio 8 ITA WEBMUX x264-NST mkv.mkv",Bosch
"Bosch 2x03 Episodio 3 ITA WEBMUX x264-NST mkv.mkv",Bosch
"Anime BDmux ITA-JAP  ONE PIECE 693 - Manshelly - La Principessa Prigioniera  Dressrosa Arc   Baroque Works  mkv.mkv","One Piece"
"Anime BDmux ITA-JAP  ONE PIECE 694 - Gli Immortali ! L Armata dei Soldati Schiaccianoci  Dressrosa Arc   Baroque Works  mkv.mkv","One Piece"
"Anime BDmux ITA-JAP  ONE PIECE 695 - Costi Quel che Costi ! Luffy la Carta Vincente  Dressrosa Arc   Baroque Works  mkv.mkv","One Piece"
"Bosch 3x02 The Four Last Things iTA AAC WEBRip x264-ADE CreW mkv.mkv",Bosch
"Anime BDmux ITA-JAP  ONE PIECE 698 - Esplode la Rabbia - Il Piano Segreto di Luffy e Law  Dressrosa Arc   Baroque Works  mkv.mkv","One Piece"
"Anime BDmux ITA-JAP  ONE PIECE 697 - Un Colpo da Cecchino - L Uomo che Salvera Dressrosa  Dressrosa Arc   Baroque Works  mkv.mkv","One Piece"
"Bosch 3x07 Right Play iTA AAC WEBRip x264-ADE CreW mkv.mkv",Bosch
"Anime BDmux ITA-JAP  ONE PIECE 696 - Rebecca e Kyros - Finalmente Insieme !  Dressrosa Arc   Baroque Works  mkv.mkv","One Piece"
"Bosch 3x09 Clear Shot iTA AAC WEBRip x264-ADE CreW mkv.mkv",Bosch
"Bosch 3x04 El Compadre iTA AAC WEBRip x264-ADE CreW mkv.mkv",Bosch
"Bosch 3x05 Blood Under The Bridge iTA AAC WEBRip x264-ADE CreW mkv.mkv",Bosch
"Bosch 3x10 The Sea King iTA AAC WEBRip x264-ADE CreW mkv.mkv",Bosch
"Bosch 3x08 Aye Papi iTA AAC WEBRip x264-ADE CreW mkv.mkv",Bosch
"Bosch 3x06 Birdland iTA AAC WEBRip x264-ADE CreW mkv.mkv",Bosch
"Bosch 3x03 Good Sees iTA AAC WEBRip x264-ADE CreW mkv.mkv",Bosch
"Bosch 3x01 The Smog Cutter iTA AAC REPACK WEBRip x264-ADE CreW mkv.mkv",Bosch
"Anime BDmux ITA-JAP  ONE PIECE 700 - Ope Ope - Il Segreto del Frutto del Diavolo Definitivo!  Dressrosa Arc   Baroque Works  mkv.mkv","One Piece"
"Anime BDmux ITA-JAP  ONE PIECE 699 - Una Nobile Stirpe - La Vera Storia di Doflamingo !  Dressrosa Arc   Baroque Works  mkv.mkv","One Piece"
"Bosch 4x02 Sogni Di Bunker Hill iTA AC3 WEBMux x264-ADE CreW mkv.mkv",Bosch
"Bosch 4x09 Rojo Profundo iTA AC3 WEBMux x264-ADE CreW mkv.mkv",Bosch
"Bosch 4x01 Chiedilo Alla Polvere iTA AC3 WEBMux x264-ADE CreW mkv.mkv",Bosch
"Bosch 4x07 Connessioni Perse iTA AC3 WEBMux x264-ADE CreW mkv.mkv",Bosch
"Bosch 4x08 Cielo Nero iTA AC3 WEBMux x264-ADE CreW mkv.mkv",Bosch
"Bosch 4x04 Vite Passate iTA AC3 WEBMux x264-ADE CreW mkv.mkv",Bosch
"Bosch 4x05 Reagire iTA AC3 WEBMux x264-ADE CreW mkv.mkv",Bosch
"Bosch 4x03 Il Diavolo In Casa iTA AC3 WEBMux x264-ADE CreW mkv.mkv",Bosch
"Bosch 4x06 Il Dolce Vino Della Giovinezza iTA AC3 WEBMux x264-ADE CreW mkv.mkv",Bosch
"Bosch 4x10 Il Libro Delle Morti Anonime iTA AC3 WEBMux x264-ADE CreW mkv.mkv",Bosch
"Bosch 5x01 Doppia Verita iTA AC3 DLMux x264-ADE CreW mkv.mkv",Bosch
"Bosch 5x08 Salvation Mountain iTA AC3 DLMux x264-ADE CreW mkv.mkv",Bosch
"Bosch 5x06 Lo Spazio Tra Le Stelle iTA AC3 DLMux x264-ADE CreW mkv.mkv",Bosch
"Bosch 5x09 Fermare La Notte iTA AC3 DLMux x264-ADE CreW mkv.mkv",Bosch
"Bosch 5x02 Pillole Esca iTA AC3 DLMux x264-ADE CreW mkv.mkv",Bosch
"Bosch 5x07 La Saggezza Del Deserto iTA AC3 DLMux x264-ADE CreW mkv.mkv",Bosch
"Bosch 5x04 Risorgere Dalla Morte iTA AC3 DLMux x264-ADE CreW mkv.mkv",Bosch
"Bosch 5x10 Il Verme Ha Macchiato La Sua Vittima iTA AC3 DLMux x264-ADE CreW mkv.mkv",Bosch
"Bosch 5x05 Paraocchi iTA AC3 DLMux x264-ADE CreW mkv.mkv",Bosch
"Bosch 5x03 L Ultima Prescrizione iTA AC3 DLMux x264-ADE CreW mkv.mkv",Bosch
"Bosch 6x01 Il Belvedere iTA AC3 WEBMux x264-ADE CreW mkv.mkv",Bosch
"Bosch 6x10 L Uomo Giusto iTA AC3 WEBMux x264-ADE CreW mkv.mkv",Bosch
"Bosch 6x05 Soldi Amore iTA AC3 WEBMux x264-ADE CreW mkv.mkv",Bosch
"Bosch 6x09 La Notte Piu Lunga iTA AC3 WEBMux x264-ADE CreW mkv.mkv",Bosch
"Anime BDmux ITA-JAP  ONE PIECE 702 - Doflamingo ! Il Tragico Passato del Drago Celeste  Dressrosa Arc   Baroque Works  mkv.mkv","One Piece"
"Bosch 6x02 Brava Gente Da Entrambe Le Parti iTA AC3 WEBMux x264-ADE CreW mkv.mkv",Bosch
"Bosch 6x03 Tre Vedove iTA AC3 WEBMux x264-ADE CreW mkv.mkv",Bosch
"Bosch 6x08 L Emulatore iTA AC3 WEBMux x264-ADE CreW mkv.mkv",Bosch
"Bosch 6x07 Rancori iTA AC3 WEBMux x264-ADE CreW mkv.mkv",Bosch
"Anime BDmux ITA-JAP  ONE PIECE 703 - Law e Corazon - Storia di un Lungo Viaggio  Dressrosa Arc   Baroque Works  mkv.mkv","One Piece"
"Anime BDmux ITA-JAP  ONE PIECE 704 - Un Solo Obiettivo ! Rubare il FRrutto Ope Ope !  Dressrosa Arc   Baroque Works  mkv.mkv","One Piece"
"Bosch 6x04 Parte Dell Accordo iTA AC3 WEBMux x264-ADE CreW mkv.mkv",Bosch
"Bosch 6x06 L Ace Hotel iTA AC3 WEBMux x264-ADE CreW mkv.mkv",Bosch
"Anime BDmux ITA-JAP  ONE PIECE 701 - Tristi Rricordi - Law il Ragazzo della Citta Bianca !  Dressrosa Arc   Baroque Works  mkv.mkv","One Piece"
"Anime BDmux ITA-JAP  ONE PIECE 709 - Hajrudin - L Orgoglio del Gigante  Dressrosa Arc   Baroque Works  mkv.mkv","One Piece"
"Anime BDmux ITA-JAP  ONE PIECE 710 - Scontro d Amore - Sai vs Baby 5  Dressrosa Arc   Baroque Works  mkv.mkv","One Piece"
"Anime BDmux ITA-JAP  ONE PIECE 706 - Corazon - Il Sacrificio di un Uomo Gentile !  Dressrosa Arc   Baroque Works  mkv.mkv","One Piece"
"Anime BDmux ITA-JAP  ONE PIECE 708 - Scontro Furioso - Law vs Doflamingo  Dressrosa Arc   Baroque Works  mkv.mkv","One Piece"
"Anime BDmux ITA-JAP  ONE PIECE 707 - Injection Shot ! Verso la Liberta  Dressrosa Arc   Baroque Works  mkv.mkv","One Piece"
"Bosch 7x04 Triplo Gioco ITA DLMux x264-UBi mkv.mkv",Bosch
"Bosch 7x06 Il Bene Maggiore ITA DLMux x264-UBi mkv.mkv",Bosch
"Bosch 7x03 Sabes Demasiado ITA DLMux x264-UBi mkv.mkv",Bosch
"Bosch 7x08 Por Sonia ITA DLMux x264-UBi mkv.mkv",Bosch
"Bosch 7x07 Un Sistema ITA DLMux x264-UBi mkv.mkv",Bosch
"Bosch 7x02 Il Cane Che Nutri ITA DLMux x264-UBi mkv.mkv",Bosch
"Bosch 7x01 Faccia Tosta ITA REPACK DLMux x264-UBi mkv.mkv",Bosch
"Bosch 7x05 Il Verdetto ITA DLMux x264-UBi mkv.mkv",Bosch
"N C I S 20x22 Anastasia ITA DLMux x264-UBi mkv.mkv",NCIS
"N C I S 20x21 Merce Di Scambio ITA DLMux x264-UBi mkv.mkv",NCIS
"N C I S 20x20 Perfetti Disaccordi ITA DLMux x264-UBi mkv.mkv",NCIS
"N C I S 20x19 Supereroi ITA DLMux x264-UBi mkv.mkv",NCIS
"Bosch Legacy 1x01 Il Lato Oscuro Dell Addio iTA AC3 WEBMux x264-ADE CreW mkv.mkv",Bosch
"Bosch Legacy 1x09 Ha Un Nome iTA AC3 WEBMux x264-ADE CreW mkv.mkv",Bosch
"Bosch Legacy 1x05 Piano B iTA AC3 WEBMux x264-ADE CreW mkv.mkv",Bosch
"Bosch Legacy 1x06 Concatenazione Di Autenticita iTA AC3 WEBMux x264-ADE CreW mkv.mkv",Bosch
"Bosch Legacy 1x08 Linea Di Sangue iTA AC3 WEBMux x264-ADE CreW mkv.mkv",Bosch
"Bosch Legacy 1x04 Ferri Di Cavallo E Bombe A Mano iTA AC3 WEBMux x264-ADE CreW 1  mkv.mkv",Bosch
"Bosch Legacy 1x10 Sempre In Tutti I Modi iTA AC3 WEBMux x264-ADE CreW mkv.mkv",Bosch
"Bosch Legacy 1x02 Su Di Giri iTA AC3 WEBMux x264-ADE CreW mkv.mkv",Bosch
"Bosch Legacy 1x07 Uno Dei Tuoi iTA AC3 WEBMux x264-ADE CreW mkv.mkv",Bosch
"Bosch Legacy 1x03 Messaggio Nella Bottiglia iTA AC3 WEBMux x264-ADE CreW 1  mkv.mkv",Bosch
"Halo 2x01 Sanctuary ITA DLMux x264-WRM mkv.mkv",Halo
"Halo 2x05 Aleria ITA DLMux x264-WRM mkv.mkv",Halo
"Halo 2x03 Visegrad ITA DLMux x264-WRM mkv.mkv",Halo
"Halo 2x02 Sword ITA DLMux x264-WRM mkv.mkv",Halo
"Halo 2x04 Reach ITA DLMux x264-WRM mkv.mkv",Halo
"Halo 2x08 Halo ITA DLMux x264-WRM mkv.mkv",Halo
"Halo 2x06 Onyx ITA DLMux x264-WRM mkv.mkv",Halo
"Halo 2x07 Thermopylae ITA DLMux x264-WRM mkv.mkv",Halo
"Shogun 2024 1x02 Servi Di Due Padroni ITA DLMux x264-WRM mkv.mkv",Shogun
"Shogun 2024 1x05 Ammaestrato Al Pugno ITA DLMux x264-WRM mkv.mkv",Shogun
"Shogun 2024 1x06 Le Signore Del Mondo Dei Salici ITA DLMux x264-WRM mkv.mkv",Shogun
"Shogun 2024 1x04 Il Recinto A Otto Pareti ITA DLMux x264-WRM mkv.mkv",Shogun
"Shogun 2024 1x01 Anjin ITA DLMux x264-WRM mkv.mkv",Shogun
"Shogun 2024 1x03 Domani E Un Altro Giorno ITA DLMux x264-WRM mkv.mkv",Shogun
"Shogun 2024 1x07 Un Bastoncino Di Tempo ITA DLMux x264-WRM mkv.mkv",Shogun
"Shogun 2024 1x08 L Abisso Della Vita ITA DLMux x264-WRM mkv.mkv",Shogun
"Shogun 2024 1x09 Cielo Cremisi ITA DLMux x264-WRM mkv.mkv",Shogun
"Shogun 2024 1x10 Un Sogno Dentro Un Sogno ITA DLMux x264-WRM mkv.mkv",Shogun
"Dark Matter 2024 1x02 Il Viaggio Della Vita ITA DLMux x264-WRM mkv.mkv","Dark Matter"
"Dark Matter 2024 1x01 Sei Felice Della Tua Vita ITA DLMux x264-WRM mkv.mkv","Dark Matter"
"Dark Matter 2024 1x03 La Scatola ITA DLMux x264-WRM mkv.mkv","Dark Matter"
"Dark Matter 2024 1x04 Il Corridoio ITA DLMux x264-WRM mkv.mkv","Dark Matter"
"Dark Matter 2024 1x05 Senza Mondo ITA DLMux x264-WRM mkv.mkv","Dark Matter"
"Dark Matter 2024 1x06 Sovrapposizione ITA DLMux x264-WRM mkv.mkv","Dark Matter"
"Dark Matter 2024 1x07 Nel Fuoco Delle Stelle Morte ITA DLMux x264-WRM mkv.mkv","Dark Matter"
"Dark Matter 2024 1x09 Correlazione ITA DLMux x264-WRM mkv.mkv","Dark Matter"
"Evil 4x01 Come Scindere Un Atomo ITA DLMux x264-WRM mkv.mkv","Once Upon a Time"
"OPF-Italia  One Piece 723 HD  sub ita  mp4.mp4",Bones
"Bull 1x02 Volo 17-32 ITA HDTVRip x264-UBi mkv.mkv",Bull
"Bull 1x01 La Collana ITA HDTVRip x264-UBi mkv.mkv",Bull
"Bull 1x03 Inequivocabile ITA HDTVRip x264-UBi mkv.mkv",Bull
"Bull 1x05 Vero O Falso ITA HDTVRip x264-UBi mkv.mkv",Bull
"Bull 1x06 Rapporto Medico Paziente ITA HDTVRip x264-UBi mkv.mkv",Bull
"Bull 1x04 Callisto ITA HDTVRip x264-UBi mkv.mkv",Bull
"Bull 1x07 Il Cartello Mai Visto ITA HDTVRip x264-UBi mkv.mkv",Bull
"Bull 1x08 Troppo Perfetta ITA HDTVRip x264-UBi mkv.mkv",Bull
"Bull 1x09 A Fuoco Al Fuoco ITA HDTVRip x264-UBi mkv.mkv",Bull
"Bull 1x11 Amore Proibito ITA HDTVRip x264-UBi mkv.mkv",Bull
"Bull 1x14 Top Secret ITA HDTVRip x264-UBi mkv.mkv",Bull
"Bull 1x10 Auto Assassina ITA HDTVRip x264-UBi mkv.mkv",Bull
"Bull 1x12 La Sindrome Di Stoccolma ITA HDTVRip x264-UBi mkv.mkv",Bull
"Bull 1x15 Il Crollo ITA HDTVRip x264-UBi mkv.mkv",Bull
"Bull 1x21 Come Schivare Una Pallottola ITA HDTVRip x264-UBi mkv.mkv",Bull
"Bull 1x20 Ipnosi ITA HDTVRip x264-UBi mkv.mkv",Bull
"Bull 1x16 Caduta Libera ITA HDTVRip x264-UBi mkv.mkv",Bull
"Bull 1x13 La Caduta ITA HDTVRip x264-UBi mkv.mkv",Bull
"Bull 1x18 Vestito Per Uccidere ITA HDTVRip x264-UBi mkv.mkv",Bull
"Bull 1x19 La Cheerleader ITA HDTVRip x264-UBi mkv.mkv",Bull
"Bull 1x17 Un Nome Una Garanzia ITA HDTVRip x264-UBi mkv.mkv",Bull
"Bull 1x23 Benevolo Inganno ITA HDTVRip x264-UBi mkv.mkv",Bull
"Bull 1x22 Segreti ITA HDTVRip x264-UBi mkv.mkv",Bull
"Bull 2x01 La Vedova Nera ITA HDTVRip x264-UBi mkv.mkv",Bull
"Bull 2x02 Per Sua Volonta ITA HDTVRip x264-UBi mkv.mkv",Bull
"Bull 2x06 L Eccezione Alla Regola ITA HDTVRip x264-UBi mkv.mkv",Bull
"Bull 2x18 Scienza E Coscienza ITA HDTVRip x264-UBi mkv.mkv",Bull
"Bull 2x13 Colpo Mortale ITA HDTVRip x264-UBi mkv.mkv",Bull
"Bull 2x07 Machiavellismo ITA HDTVRip x264-UBi mkv.mkv",Bull
"Bull 2x05 Gioca Le Tue Carte ITA HDTVRip x264-UBi mkv.mkv",Bull
"Bull 2x10 Spirito Natalizio ITA HDTVRip x264-UBi mkv.mkv",Bull
"Bull 2x20 Amore Malato ITA HDTVRip x264-UBi mkv.mkv",Bull
"Bull 2x04 L Illusione Del Controllo ITA HDTVRip x264-UBi mkv.mkv",Bull
"Bull 2x22 Sfiducia Parte Due ITA HDTVRip x264-UBi mkv.mkv",Bull
"Bull 2x09 Buon Ringraziamento ITA HDTVRip x264-UBi mkv.mkv",Bull
"Bull 2x03 Scambio Di Favori ITA HDTVRip x264-UBi mkv.mkv",Bull
"Bull 2x14 In Nome Dell Amicizia ITA HDTVRip x264-UBi mkv.mkv",Bull
"Bull 2x16 Seconda Occasione ITA HDTVRip x264-UBi mkv.mkv",Bull
"Bull 2x12 Zone Grigie ITA HDTVRip x264-UBi mkv mkv.mkv",Bull
"Bull 2x19 Redenzione ITA HDTVRip x264-UBi mkv.mkv",Bull
"Bull 2x21 Sfiducia Parte Uno ITA HDTVRip x264-UBi mkv.mkv",Bull
"Bull 2x15 Lucida Follia ITA HDTVRip x264-UBi mkv.mkv",Bull
"Bull 2x17 Insabbiamento ITA HDTVRip x264-UBi mkv.mkv",Bull
"Bull 2x08 Il Diavolo Si Nasconde Nei Dettagli ITA HDTVRip x264-UBi mkv.mkv",Bull
"Bull 2x11 Istinto Di Sopravvivenza ITA HDTVRip x264-UBi mkv mkv.mkv",Bull
"Bull 3x15 Frode Finanziaria ITA DLMux x264-UBi mkv.mkv",Bull
"Bull 3x13 Brutti Precedenti ITA DLMux x264-UBi mkv.mkv",Bull
"Bull 3x08 Colpevole Di Sfortuna ITA DLMux x264-UBi mkv.mkv",NCIS
"Bull 3x02 Il Dovere Di Giurato ITA DLMux x264-UBi mkv.mkv",Bull
"Bull 3x11 Tutti Insieme Separatamente ITA DLMux x264-UBi mkv mkv.mkv",Bull
"Bull 3x03 Istinto Vs Ragione ITA DLMux x264-UBi mkv.mkv",Bones
"Bull 3x14 Lasciarsi Tutto Indietro ITA DLMux x264-UBi mkv.mkv",Bull
"Bull 3x16 Doppio Processo ITA DLMux x264-UBi mkv.mkv",Bull
"Bull 3x22 Statua Di Sale ITA DLMux x264-UBi mkv.mkv",Bull
"Bull 3x07 Senza Emozioni ITA DLMux x264-UBi mkv.mkv",Bull
"Bull 3x20 Quello Onesto ITA DLMux x264-UBi mkv.mkv",Bull
"Bull 3x19 Generosita ITA DLMux x264-UBi mkv.mkv",Bull
"Bull 3x05 Il Tassello Mancante ITA DLMux x264-UBi mkv.mkv",Bull
"Bull 3x21 Arriva L Uragano ITA DLMux x264-UBi mkv.mkv",Bull
"Bull 3x09 Separazioni ITA DLMux x264-UBi mkv.mkv",Bull
"Bull 3x12 Per Un Pelo ITA DLMux x264-UBi mkv.mkv",Bull
"Bull 3x06 Inferno In Cucina ITA DLMux x264-UBi mkv.mkv",Bull
"Bull 3x01 La Terra Sotto I Piedi ITA DLMux x264-UBi mkv.mkv",Bull
"Bull 3x10 Segreto Confessionale ITA DLMux x264-UBi mkv.mkv",Bull
"Bull 3x04 Giustizia Per Cable ITA DLMux x264-UBi mkv.mkv",Bull
"Bull 3x18 Non Dire Una Parola ITA DLMux x264-UBi mkv.mkv",Bull
"Bull 3x17 Le Colpe Dei Padri ITA DLMux x264-UBi mkv.mkv",Bull
"Bull 4x05 Giustizia In Prima Pagina ITA DLMux x264-UBi mkv.mkv",Bull
"Bull 4x16 Tratta In Salvo ITA DLMux x264-UBi mkv.mkv",Bull
"Bull 4x14 La Giurata Numero Otto ITA DLMux x264-UBi mkv.mkv",Bull
"Bull 4x19 Saggezza Umana ITA DLMux x264-UBi mkv.mkv",Bull
"Bull 4x11 Ricorda Con Rabbia ITA DLMux x264-UBi mkv.mkv",Bull
"Bull 4x03 Rimedio ITA DLMux x264-UBi mkv.mkv",Bull
"Bull 4x12 La Vita E Un Soffio ITA DLMux x264-UBi mkv.mkv",Bull
"Bull 4x06 Nella Nebbia Della Mente ITA DLMux x264-UBi mkv.mkv",Bull
"Bull 4x17 La Donna Invisibile ITA DLMux x264-UBi mkv.mkv",Bull
"Bull 4x07 Dottor Morte ITA DLMux x264-UBi mkv.mkv",Bull
"Bull 4x02 Un Fantastico Viaggio ITA DLMux x264-UBi mkv.mkv",Bull
"Bull 4x01 Le Cose Capitano ITA DLMux x264-UBi mkv.mkv",Bull
"Bull 4x10 Legittima Difesa ITA DLMux x264-UBi mkv.mkv",Bull
"Bull 4x20 Immunita Diplomatica ITA DLMux x264-UBi mkv.mkv",Bull
"Bull 4x18 Collisione ITA DLMux x264-UBi mkv.mkv",Bull
"Bull 4x15 Fratello Di Sangue ITA DLMux x264-UBi mkv.mkv",Bull
"Bull 4x08 Sani E Salvi ITA DLMux x264-UBi mkv.mkv",Bull
"Bull 4x04 Con Le Proprie Gambe ITA DLMux x264-UBi mkv.mkv",Bull
"Bull 4x13 Soluzione Geniale ITA DLMux x264-UBi mkv.mkv",Bull
"Bull 4x09 Il Tappeto Volante ITA DLMux x264-UBi mkv.mkv",Bull
"Anime BDmux ITA-JAP  ONE PIECE 728 - Il Leo Bazooka ! Attacco di Luffy alla Massima Potenza  Dressrosa Arc   Baroque Works  mkv.mkv","One Piece"
"Anime BDmux ITA-JAP  ONE PIECE 727 - Il Risveglio ! Doflamingo Contrattacca !  Dressrosa Arc   Baroque Works  mkv.mkv","One Piece"
"Anime BDmux ITA-JAP  ONE PIECE 726 - Gear Fourth ! Boundman !  Dressrosa Arc   Baroque Works  mkv.mkv","One Piece"
"Anime BDmux ITA-JAP  ONE PIECE 711 - La Scelta di Bellamy - L Ultima sfida !  Dressrosa Arc   Baroque Works  mkv.mkv","One Piece"
"Anime BDmux ITA-JAP  ONE PIECE 719 - Scontro Aereo - La Nuova Tecnica di Zoro !  Dressrosa Arc   Baroque Works  V2 mkv.mkv","One Piece"
"Magnum P I 2018 5x01 Il Passeggero ITA DLMux x264-WRM mkv.mkv",Shogun
"Anime BDmux ITA-JAP  ONE PIECE 721 - Il Destino di Law - Luffy all'Attacco !  Dressrosa Arc   Baroque Works  mkv.mkv","One Piece"
"Anime BDmux ITA-JAP  ONE PIECE 722 - La Lama della Vendetta - L'attacco Gamma Knife !  Dressrosa Arc   Baroque Works  mkv.mkv","One Piece"
"Magnum P I 2018 5x14 La Notte Ha Mille Occhi ITA DLMux x264-WRM mkv.mkv",Shogun
"Anime BDmux ITA-JAP  ONE PIECE 713 - Il Divino Pugno d Ossequio - Bartolomeo in Azione !  Dressrosa Arc   Baroque Works  mkv.mkv","One Piece"
"Anime BDmux ITA-JAP  ONE PIECE 718 - Avanzata a Sorpresa - L Attacco di Pica !  Dressrosa Arc   Baroque Works  mkv.mkv","One Piece"
"Magnum P I 2018 5x09 Lontano Dagli Occhi Lontano Dal Cuore ITA DLMux x264-WRM mkv.mkv","Trono di Spade"
"Anime BDmux ITA-JAP  ONE PIECE 723 - L Ambizione del Re Conquistatore - Luffy VS Doflamingo  Dressrosa Arc   Baroque Works  mkv.mkv","One Piece"
"Anime BDmux ITA-JAP  ONE PIECE 712 - La FRuria di Cavendish - Cavallo Bianco vs Dellinger  Dressrosa Arc   Baroque Works  mkv.mkv","One Piece"
"Anime BDmux ITA-JAP  ONE PIECE 725 - Vendetta - Esplode la Rabbia di Luffy  Dressrosa Arc   Baroque Works  mkv.mkv","One Piece"
"Anime BDmux ITA-JAP  ONE PIECE 716 - Polvere di Stelle - Il Feroce Attacco di Diamante  Dressrosa Arc   Baroque Works  mkv.mkv","One Piece"
"Anime BDmux ITA-JAP  ONE PIECE 720 - Bellamy ! La Mossa Finale !  Dressrosa Arc   Baroque Works  mkv.mkv","One Piece"
"Anime BDmux ITA-JAP  ONE PIECE 714 - Le Lacrime della Principessa - Salvare Manshelly !  Dressrosa Arc   Baroque Works  mkv.mkv","One Piece"
"Anime BDmux ITA-JAP  ONE PIECE 717 - Trueno Bastard ! La Rabbia di Kyros !  Dressrosa Arc   Baroque Works  mkv.mkv","One Piece"
"Tulsa King 2x01 Di Nuovo In Sella ITA DLMux x264-WRM mkv.mkv",Tulsa
"Tulsa King 2x02 Kansas City Blues ITA DLMux x264-WRM mkv.mkv",Tulsa
"Tulsa King 2x03 Oklahoma Contro Manfredi ITA DLMux x264-WRM mkv.mkv",Tulsa
"Tulsa King 2x04 Eroi E Cattivi ITA DLMux x264-WRM mkv.mkv",Tulsa
"Tulsa King 2x05 Lottare Contro I Mulini A Vento ITA DLMux x264-WRM mkv.mkv",Tulsa
"Hanno Ucciso l'Uomo Ragno 1x03  2024  aac ITALIAN x264 1920x820p mkv.mkv","Hanno Ucciso L uomo ragno"
"Hanno Ucciso l'Uomo Ragno 1x06  2024  aac ITALIAN x264 1920x820p mkv.mkv","Hanno Ucciso L uomo ragno"
"Hanno Ucciso l'Uomo Ragno 1x02  2024  aac ITALIAN x264 1920x820p mkv.mkv","Hanno Ucciso L uomo ragno"
"Hanno Ucciso l'Uomo Ragno 1x01  2024  aac ITALIAN x264 1920x820p mkv.mkv","Hanno Ucciso L uomo ragno"
"Hanno Ucciso l'Uomo Ragno 1x05  2024  aac ITALIAN x264 1920x820p mkv.mkv","Hanno Ucciso L uomo ragno"
"Hanno Ucciso l'Uomo Ragno 1x04  2024  aac ITALIAN x264 1920x820p mkv.mkv","Hanno Ucciso L uomo ragno"
"Hanno Ucciso l'Uomo Ragno 1x07 Episodio 7 ITA WEB-DLRip x264-UBi mkv.mkv","Hanno Ucciso L uomo ragno"
"Hanno Ucciso l'Uomo Ragno 1x08 Episodio 8 ITA WEB-DLRip x264-UBi mkv.mkv","Hanno Ucciso L uomo ragno"
"Bull 5x05 Miti Infranti ITA DLMux x264-UBi mkv.mkv",Bull
"Bull 5x04 Ex Factor ITA DLMux x264-UBi mkv.mkv",Bull
"Bull 5x08 Una Vita Per La Vita ITA DLMux x264-UBi mkv.mkv",Bull
"Bull 5x02 Un Caso Per Due ITA DLMux x264-UBi mkv.mkv",Bull
"Bull 5x11 Verita E Riconciliazione ITA DLMux x264-UBi mkv.mkv",Bull
"Bull 5x03 Costretta Ad Evadere ITA DLMux x264-UBi mkv.mkv",Bull
"Bull 5x14 Il Ladro Poeta ITA DLMux x264-UBi mkv.mkv",Bull
"Bull 5x16 Fidati Di Me ITA DLMux x264-UBi mkv.mkv",Bull
"Bull 5x13 La Legge Della Giungla ITA DLMux x264-UBi mkv.mkv",Bull
"Bull 5x15 Recupero Minori ITA DLMux x264-UBi mkv.mkv",Bull
"Bull 5x12 Prova Contraria ITA DLMux x264-UBi mkv.mkv",Bull
"Bull 5x10 Eredita Mortale ITA DLMux x264-UBi mkv.mkv",Bull
"Bull 5x07 Capro Espiatorio ITA DLMux x264-UBi mkv.mkv",Bull
"Bull 5x09 Lo Spirito Del Tempo ITA DLMux x264-UBi mkv.mkv",Bull
"Bull 5x01 Effetto Corona ITA DLMux x264-UBi mkv.mkv",Bull
"Tulsa King 2x08 Sotto Nuova Gestione ITA DLMux x264-WRM mkv.mkv",Tulsa
"Bull 5x06 Salvare Una Vita ITA DLMux x264-UBi mkv.mkv",Bull
"Tulsa King 2x07 Supporto Vitale ITA DLMux x264-WRM mkv.mkv",Tulsa
"Tulsa King 2x06 La Navigator ITA DLMux x264-WRM mkv.mkv",Tulsa
"The Day Of The Jackal 1x02 Episodio 2 ITA DLMux x264-WRM mkv.mkv","Day of the jackal"
"The Day Of The Jackal 1x01 Episodio 1 ITA DLMux x264-WRM mkv.mkv","Day of the jackal"
"Tulsa King 2x09 Triade ITA DLMux x264-WRM mkv.mkv",Tulsa
"Anime BDmux ITA-JAP  ONE PIECE 729 - Proteggere Luffy - La Vampata del Re dei Draghi !  Dressrosa Arc   Baroque Works  mkv.mkv","One Piece"
"Anime BDmux ITA-JAP  ONE PIECE 733 - King Kong Gun - L Ira di Luffy nel Cielo  Dressrosa Arc   Baroque Works  mkv.mkv","One Piece"
"Anime BDmux ITA-JAP  ONE PIECE 732 - Vivere o Morire - Inizia il Conto alla Rovescia  Dressrosa Arc   Baroque Works  mkv.mkv","One Piece"
"Anime BDmux ITA-JAP  ONE PIECE 735 - Fujitora - Una Scelta Senza Precedenti !  Dressrosa Arc   Baroque Works  mkv.mkv","One Piece"
"Anime BDmux ITA-JAP  ONE PIECE 731 - Fino all Ultimo Respiro Fermare la Gabbia per Uccelli !  Dressrosa Arc   Baroque Works  mkv.mkv","One Piece"
"Anime BDmux ITA-JAP  ONE PIECE 736 - Il Mondo Trema - La Generazione Peggiore !  Dressrosa Arc   Baroque Works  mkv.mkv","One Piece"
"Anime BDmux ITA-JAP  ONE PIECE 730 - Le Lacrime di Manshelly - Salvare Dressrosa !  Dressrosa Arc   Baroque Works  mkv.mkv","One Piece"
"The Day Of The Jackal 1x03 Episodio 3 ITA DLMux x264-WRM mkv.mkv","Day of the jackal"
"The Day Of The Jackal 1x04 Episodio 4 ITA DLMux x264-WRM mkv.mkv","Day of the jackal"
"Tulsa King 2x10 Ricostruzione ITA DLMux x264-WRM mkv.mkv",Tulsa
"Dune Prophecy 1x01 La Mano Nascosta ITA DLMux x264-WRM mkv.mkv","Dune Prophecy"
"Dune Prophecy 1x02 Due Lupi ITA DLMux x264-WRM mkv.mkv","Dune Prophecy"
"The Day Of The Jackal 1x05 Episodio 5 ITA DLMux x264-WRM mkv.mkv","Day of the jackal"
"The Day Of The Jackal 1x06 Episodio 6 ITA DLMux x264-WRM mkv.mkv","Day of the jackal"
"Dune Prophecy 1x03 La Sorellanza Prima Di Tutto ITA DLMux x264-WRM mkv.mkv","Dune Prophecy"
"Dune Prophecy 1x04 Nato Due Volte ITA DLMux x264-WRM mkv.mkv","Dune Prophecy"
"Dexter Original Sin 1x01 In Principio ITA DLMux x264-WRM mkv.mkv",Dexter
"Dexter Original Sin 1x02 Un Bambino In Un Negozio Di Caramelle ITA DLMux x264-WRM mkv.mkv",Dexter
"Dexter Original Sin 1x03 Miami Vice ITA DLMux x264-WRM mkv.mkv",Dexter
"Dexter Original Sin 1x04 Strimpellata Letale ITA DLMux x264-WRM mkv.mkv",Dexter
"Dexter Original Sin 1x05 F Come Fottuto ITA AMZN DLMux x264-WRM mkv.mkv",Dexter
"Silo 1x02 La Scelta Di Holston ITA DLMux x264-UBi mkv.mkv",Silo
"Silo 1x01 Il Giorno Della Liberta ITA DLMux x264-UBi mkv.mkv",See
"Silo 1x05 Il Figlio Di Un Inserviente ITA DLMux x264-UBi mkv.mkv",Silo
"Silo 1x06 La Reliquia ITA DLMux x264-UBi mkv.mkv",Silo
"Silo 1x10 L Esterno ITA DLMux x264-UBi mkv.mkv",Silo
"Silo 1x09 In Fuga ITA DLMux x264-UBi mkv.mkv",Silo
"Silo 1x03 Macchine ITA DLMux x264-UBi mkv.mkv",Silo
"Silo 1x07 I Guardiafiamma ITA DLMux x264-UBi mkv.mkv",Silo
"Silo 1x08 Hanna ITA DLMux x264-UBi mkv.mkv",Silo
"Silo 1x04 Verita ITA DLMux x264-UBi mkv.mkv",Silo
"Dexter Original Sin 1x06 La Gioia Di Uccidere ITA AMZN DLMux x264-WRM mkv.mkv",Dexter
"Blindspot 5x01 Incontri E Addii ITA DLMux x264-UBi mkv.mkv",Blindspot
"Blindspot 5x10 Hacker Contro Hacker ITA DLMux x264-UBi mkv.mkv",Blindspot
"Blindspot 5x11 L Ultimo Caso ITA DLMux x264-UBi mkv.mkv",Blindspot
"Blindspot 5x09 Scacco Alla Regina ITA DLMux x264-UBi mkv.mkv",Blindspot
"Blindspot 5x02 Chiamata All Azione ITA DLMux x264-UBi mkv.mkv",Blindspot
"Blindspot 5x03 L Unione Fa La Forza ITA DLMux x264-UBi mkv.mkv",Blindspot
"Blindspot 5x07 Il Prezzo Da Pagare ITA DLMux x264-UBi mkv.mkv",Blindspot
"Blindspot 5x04 Ricordi ITA DLMux x264-UBi mkv.mkv",Blindspot
"Blindspot 5x05 Giochi Di Mente ITA DLMux x264-UBi mkv.mkv",Blindspot
"Blindspot 5x08 Il Cerchio Si Stringe ITA DLMux x264-UBi mkv.mkv",Blindspot
"Blindspot 5x06 Caccia Al Tesoro ITA DLMux x264-UBi mkv.mkv",Blindspot
"Dexter Original Sin 1x07 Il Grosso Problema Del Cadavere ITA AMZN DLMux x264-WRM mkv.mkv",Dexter
"Dexter Original Sin 1x08 Lavoro E Divertimento ITA AMZN DLMux x264-WRM mkv.mkv",Dexter
"Dexter Original Sin 1x09 Donazione Di Sangue ITA AMZN DLMux x264-WRM mkv.mkv",Dexter
"Anime BDmux ITA-JAP  ONE PIECE 737 - Sabo - La Leggenda di un Rivoluzionario !  Dressrosa Arc   Baroque Works  mkv.mkv","One Piece"
"Anime BDmux ITA-JAP  ONE PIECE 740 - La Mossa di Fujitora - Cappello di Paglia in Pericolo  Dressrosa Arc   Baroque Works  mkv.mkv","One Piece"
"Anime BDmux ITA-JAP  ONE PIECE 738 - Luffy e Sabo - Due Fratelli di Nuovo Insieme  Dressrosa Arc   Baroque Works  mkv.mkv","One Piece"
"Anime BDmux ITA-JAP  ONE PIECE 747 - Grande Avventura Luffy Bartolomeo e la Fortezza D Argento  Dressrosa Arc   Baroque Works  mkv.mkv","One Piece"
"Anime BDmux ITA-JAP  ONE PIECE 749 - Lama Incandescente - Entra in Scena Zoro !  Dressrosa Arc   Baroque Works  mkv.mkv","One Piece"
"Anime BDmux ITA-JAP  ONE PIECE 750 - Situazione Disperata - Scontro Finale a Silver Mine  Dressrosa Arc   Baroque Works  mkv.mkv","One Piece"
"Anime BDmux ITA-JAP  ONE PIECE 748 - I Prigionieri Della Miniera - Luffy VS Averon  Dressrosa Arc   Baroque Works  mkv.mkv","One Piece"
"Anime BDmux ITA-JAP  ONE PIECE 743 - L Orgoglio di un Uomo - Luffy VS Fujitora  Dressrosa Arc   Baroque Works  mkv.mkv","One Piece"
"Anime BDmux ITA-JAP  ONE PIECE 742 - Un,Padre una Figlia - Kyros e Rebecca !  Dressrosa Arc   Baroque Works  mkv.mkv","One Piece"
"Anime BDmux ITA-JAP  ONE PIECE 744 - Senza Via di Scampo - L Inseguimento di Fujitora !  Dressrosa Arc   Baroque Works  mkv.mkv","One Piece"
"Anime BDmux ITA-JAP  ONE PIECE 745 - Il Giuramento - La Grande Flotta di Cappello di Paglia !  Dressrosa Arc   Baroque Works  mkv.mkv","One Piece"
"Anime BDmux ITA-JAP  ONE PIECE 741 - Alta Tensione - Il Rapimento di Rebecca !  Dressrosa Arc   Baroque Works  mkv.mkv","One Piece"
"Scissione 1x02 Half Loop ITA DLMux x264-UBi mkv.mkv",Scissione
"Scissione 1x01 Buone Notizie Sull Inferno ITA DLMux x264-UBi mkv.mkv",Scissione
"Dexter Original Sin 1x10 Resa Dei Conti ITA AMZN DLMux x264-WRM mkv.mkv",Dexter
"Bull 6x08 La Nevicata ITA DLMux x264-UBi mkv.mkv",Bull
"Bull 6x07 Uomo Di Fiducia ITA DLMux x264-UBi mkv.mkv",Bull
"Bull 6x01 Scomparsa ITA DLMux x264-UBi mkv.mkv",Bull
"Bull 6x17 Amore Per Gli Animali ITA DLMux x264-UBi mkv.mkv",Bull
"Bull 6x02 Spionaggio ITA DLMux x264-UBi mkv.mkv",Bull
"Bull 6x19 Aperture ITA DLMux x264-UBi mkv.mkv",Bull
"Bull 6x16 Conflitti Di Coppia ITA DLMux x264-UBi mkv.mkv",Bull
"Bull 6x15 L Angelo Della Morte ITA DLMux x264-UBi mkv.mkv",Bull
"Bull 6x10 Inchiostro Rosso Sangue ITA DLMux x264-UBi mkv.mkv",Bull
"Bull 6x03 Quando I Ragazzi Ricchi Uccidono ITA DLMux x264-UBi mkv.mkv",Bull
"Bull 6x06 L Angelo Custode ITA DLMux x264-UBi mkv.mkv",Bull
"Bull 6x22 Addio ITA DLMux x264-UBi mkv.mkv",Bull
"Bull 6x14 Agorafobia ITA DLMux x264-UBi mkv.mkv",Bull
"Bull 6x12 La Famiglia E La Famiglia ITA DLMux x264-UBi mkv.mkv",Bull
"Bull 6x04 Il Peso Della Corona ITA DLMux x264-UBi mkv.mkv",Bull
"Bull 6x13 La Strada Piu Difficile ITA DLMux x264-UBi mkv.mkv",Bull
"Bull 6x05 Re Bull ITA DLMux x264-UBi mkv.mkv",Bull
"Bull 6x18 Il Migliore ITA DLMux x264-UBi mkv.mkv",Bull
"Bull 6x20 La Busta ITA DLMux x264-UBi mkv.mkv",Bull
"Bull 6x11 Questioni Di Famiglia ITA DLMux x264-UBi mkv.mkv",Bull
"Bull 6x09 Algoritmi ITA DLMux x264-UBi mkv.mkv",Bull
"Bull 6x21 Un Conto Da Saldare ITA DLMux x264-UBi mkv.mkv",Bull
"Criminal Minds 12x17 Nell Oscurita ITA DLMux x264-NovaRip mkv.mkv",Bones
"Criminal Minds 12x22 Luce Rossa ITA DLMux x264-NovaRip mkv.mkv",Bones
"Criminal Minds 12x21 Luce Verde ITA DLMux x264-NovaRip mkv.mkv",Bones
"Criminal Minds 12x18 Il Lato Oscuro ITA DLMux x264-NovaRip mkv.mkv",Bones
"Criminal Minds 12x19 Il Vero Nord ITA DLMux x264-NovaRip mkv.mkv",Bones
"Criminal Minds 12x20 Indimenticabile ITA DLMux x264-NovaRip mkv.mkv",Bones
"Criminal Minds 16x02 Il Patto Col Diavolo ITA DLMux x264-UBi mkv.mkv","Criminal Minds"
"Criminal Minds 16x07 Quello Che Non Ci Uccide ITA DLMux x264-UBi mkv.mkv","Criminal Minds"
"Criminal Minds 16x05 Morsi Selvaggi ITA DLMux x264-UBi mkv.mkv","Criminal Minds"
"Criminal Minds 16x08 La Rabbia In Corpo ITA DLMux x264-UBi mkv.mkv","Criminal Minds"
"Criminal Minds 16x04 Delitti Senza Volto ITA DLMux x264-UBi mkv.mkv","Criminal Minds"
"Criminal Minds 16x09 Memento Mori ITA DLMux x264-UBi mkv.mkv","Criminal Minds"
"Criminal Minds 16x10 Vicolo Cieco ITA DLMux x264-UBi mkv.mkv","Criminal Minds"
"Dexter Resurrection 1x02 Assassino In Incognito ITA AMZN DLMux x264-WRM mkv.mkv",Dexter
"Criminal Minds 16x01 E Solo L Inizio ITA DLMux x264-UBi mkv.mkv","Criminal Minds"
"Criminal Minds 16x03 I Kit Della Morte ITA DLMux x264-UBi mkv.mkv","Criminal Minds"
"Criminal Minds 16x06 Una Condanna A Vita ITA DLMux x264-UBi mkv.mkv","Criminal Minds"
"Dexter Resurrection 1x01 Il Cuore Batte ITA AMZN DLMux x264-WRM mkv.mkv",Dexter
"Fondazione 3x03 Quando E Un Libro A Trovare Te ITA ATVP DLMux x264-WRM mkv.mkv",Foundation
"Fondazione 3x05 Dove I Tiranni Trascorrono L Eternita ITA ATVP DLMux x264-WRM mkv.mkv",Foundation
"Fondazione 3x04 Il Peso Del Suo Sguardo ITA ATVP DLMux x264-WRM mkv.mkv",Foundation
"Fondazione 3x02 Ombre Nei Numeri ITA ATVP DLMux x264-WRM mkv.mkv",Foundation
"Fondazione 3x01 Una Canzone Per La Fine Di Tutto ITA ATVP DLMux x264-WRM mkv.mkv",Foundation
"Fondazione 3x06 La Forma Del Tempo ITA ATVP DLMux x264-WRM mkv.mkv",Foundation
"Dexter Resurrection 1x05 Famelico Di Sangue ITA AMZN DLMux x264-WRM mkv.mkv",Dexter
"Dexter Resurrection 1x06 Gatti E Topi ITA AMZN DLMux x264-WRM mkv.mkv",Dexter
"Dexter Resurrection 1x08 La Stanza Delle Uccisioni Dove Accade ITA AMZN DLMux x264-WRM mkv.mkv",Dexter
"Fondazione 3x07 La Fine Della Fondazione ITA ATVP DLMux x264-WRM mkv.mkv",Foundation
"Dexter Resurrection 1x03 Passeggero Invadente ITA AMZN DLMux x264-WRM mkv.mkv",Dexter
"Dexter Resurrection 1x07 Cambio Di Direzione ITA AMZN DLMux x264-WRM mkv.mkv",Dexter
"Dexter Resurrection 1x04 Chiamami Red ITA AMZN DLMux x264-WRM mkv.mkv",Dexter
"Dexter Resurrection 1x09 Il Tocco Di Angel ITA AMZN DLMux x264-WRM mkv.mkv",Dexter
ManualeUtente.pdf,"Romanzo Criminale"
Coinger_2025_01.pdf,"Romanzo Criminale"
