FileName,Category
Il Trono Di Spade 2x02 Oltre La Barriera ITA ENG DLMux XviD-Pir8 avi.avi,Trono di Spade
Tsunami  My Hero Academia - 0x15 - Sigla di testa stagione 3#2  Vers senza crediti   DVD RIP 720x576i 25 fps H264  by user-id mkv.mkv,My Hero Academia
NCIS New Orleans 5x09 Partita Doppia ITA DLMux x264-UBi mkv.mkv,NCIS New Orleans
Gomorra La Serie 5x02 iTALiAN AC3 SatRip 1080p x264 by Alex69Picci mkv.mkv,Gomorra
Once Upon A Time 1x10 07 15 Del Mattino ITA ENG DLmux-Pir8 srt.srt,Once Upon a Time
Bones 11x12 Superstizioni Sessiste ITA DLMux x264-UBi mkv.mkv,Bones
Once Upon A Time 5x10 Cuore Spezzato ITA DLMux x264-NovaRip mkv.mkv,Once Upon a Time
Foundation 2x01 All Ombra Di Seldon ITA DLMux x264-WRM mkv.mkv,Foundation
NCIS New Orleans 5x05 Sangue Del Mio Sangue ITA DLMux x264-UBi mkv.mkv,NCIS New Orleans
Forever 1x08 L Estasi Dell Agonia ITA DLMux x264-NovaRip mkv.mkv,Forever
Tsunami  My Hero Academia - 3x02 - Wild Wild Pussycats  DVD RIP 720x576i 25 fps H264  by user-id mkv.mkv,My Hero Academia
Tulsa King 2x05 Lottare Contro I Mulini A Vento ITA DLMux x264-WRM mkv.mkv,Tulsa
Person Of Interest 3x15 Ultima Chiamata ITA WEB-DLMux x264-iGM srt.srt,Person of Interest
Roma 2x10 Riguardo vostro padre DVDMux ITA by moll avi.avi,Roma
Il Trono Di Spade 2x05 Il Fantasma Della Fortezza ITA ENG DLMux XviD-Pir8 avi.avi,Trono di Spade
SAINT SEIYA The HADES Chapter-Elysion 01  Blu-ray Mux 1080p x264 AAC Ita-AC3 Jap Sub-Ita  Dohko D G   mkv.mkv,Cavalieri dello Zodiaco
HDTVMUX x264 ITA-ENG-JAP AAC SUB ITA-ENG  Naruto Shippuden 153 - All'ombra del maestro by danny11 & LeBlanco mkv.mkv,Naruto Shippuden
Once Upon A Time 5x13 Fatiche D Amore ITA DLMux x264-NovaRip mkv.mkv,Once Upon a Time
L Attacco Dei Giganti 3x09 Ruler Of The Walls iTA AC3 WEBMux x264-ADE CreW mkv.mkv,Attacco dei Giaganti
Once Upon A Time 5x06 L Orso E L Arco ITA DLMux x264-NovaRip mkv.mkv,Once Upon a Time
Roma 2x08 Una finzione necessaria DVDMux ITA by moll avi.avi,Roma
Person Of Interest 3x02 Niente Da Nascondere ITA WEB-DLMux x264-iGM mp4.mp4,Person of Interest
The Mandalorian 3x08 Capitolo Ventiquattro Il Ritorno ITA DLMux x264-UBi mkv.mkv,The Mandalorian
The Good Doctor 5x08 Ribellione ITA DLMux x264-UBi mkv.mkv,The Good Doctor
Willow La Serie 1x02 Il Saggio Aldwyn ITA DLMux x264-UBi mkv.mkv,Willow
Bull 5x06 Salvare Una Vita ITA DLMux x264-UBi mkv.mkv,Bull
Once Upon A Time 4x07 La Regina Delle Nevi ITA DLMux x264-NovaRip mkv.mkv,Once Upon a Time
The Mandalorian 3x04 Capitolo Venti Il Trovatello ITA DLMux x264-UBi mkv.mkv,The Mandalorian
Romanzo Criminale 1x09 Episodio 9 by alocor75 avi.avi,Romanzo Criminale
Once Upon A Time 5x11 Un Uomo Migliore ITA DLMux x264-NovaRip mkv.mkv,Once Upon a Time
Once upon a time 1x13 Che cosa e successo a Frederick ITA-ENG 720p DLMux DD5 1 h264-DarkSideMux mkv.mkv,Once Upon a Time
Once Upon A Time 3x01 Il Cuore Del Vero Credente ITA DLMux x264-NovaRip mkv.mkv,Once Upon a Time
Person Of Interest 5x09 Sotto Voce ITA BDMux x264-NovaRip mkv.mkv,Person of Interest
Once Upon A Time 1x01 Mai Piu Un Lieto Fine ITA ENG DLmux-Pir8 avi.avi,Once Upon a Time
Bull 2x03 Scambio Di Favori ITA HDTVRip x264-UBi mkv.mkv,Bull
Once Upon A Time 4x13 L Oscurita Bussa Alla Porta ITA DLMux x264-NovaRip mkv.mkv,Once Upon a Time
NCIS Los Angeles 13x20 Lavoro E Famiglia ITA DLMux x264-UBi mkv.mkv,NCIS Los Angeles
L Attacco Dei Giganti 4x22 Disgelo iTA AC3 WEBMux x264-ADE CreW mkv.mkv,Attacco dei Giaganti
Rabbit Hole 1x01 Pilot ITA DLMux x264-UBi mkv.mkv,Rabbit Hole
Il Trono Di Spade 4x01 Two Swords ITA HDTVMux x264-iGM mp4.mp4,Trono di Spade
Bones 5x08 La Mano Di Cenere ITA WEB-DL Mux XviD-NovaRip avi.avi,Bones
L Attacco Dei Giganti 4x05 Dichiarazione Di Guerra iTA AC3 WEBMux x264-ADE CreW mkv.mkv,Attacco dei Giaganti
Il Trono Di Spade 6x05 Il Tempo E Giunto ITA DLMux x264-NovaRip mkv.mkv,Trono di Spade
Roma 1x06 - Egeria - DVD Rip ITA-eng by Ken avi.avi,Roma
Bull 6x18 Il Migliore ITA DLMux x264-UBi mkv.mkv,Bull
Shogun 2024 1x05 Ammaestrato Al Pugno ITA DLMux x264-WRM mkv.mkv,Shogun
Once upon a time 1x01 Mai piu un lieto fine ITA-ENG 720p DLMux DD5 1 h264-DarkSideMux mkv.mkv,Once Upon a Time
Person Of Interest 1x19 I capifamiglia iTALiAN BDMux XviD-DarkSideMux avi.avi,Person of Interest
Forever 1x12 I Lupi Dei Bassifondi Di Brooklyn ITA DLMux x264-NovaRip mkv.mkv,Forever
L Attacco Dei Giganti 3x12 Night Of The Battle To Retake The Wall iTA AC3 WEBMux x264-ADE CreW mkv.mkv,Attacco dei Giaganti
NCIS Los Angeles 14x03 Arte Macabra ITA DLMux x264-UBi mkv.mkv,NCIS Los Angeles
N C I S 18x15 Spazzati Via ITA DLMux x264-UBi mkv.mkv,NCIS
Blindspot 5x06 Caccia Al Tesoro ITA DLMux x264-UBi mkv.mkv,Blindspot
Romulus 1x05 Memento ITA WEBMux x264-UBi mkv.mkv,Romulus
Bull 3x12 Per Un Pelo ITA DLMux x264-UBi mkv.mkv,Bull
Supernatural 15x10 Il Viaggio Degli Eroi ITA BDMux x264-UBi mkv.mkv,Supernatural
MacGyver 2016 5x10 Divide Et Impera ITA DLMux x264-UBi mkv.mkv,Mac Gyver
Roma 1x09 - Utica - DVD Rip ITA-eng by Ken avi.avi,Roma
Bones 6x16 Il Blackout Nella Tempesta ITA DLMux XviD-NovaRip avi.avi,Bones
Bull 5x02 Un Caso Per Due ITA DLMux x264-UBi mkv.mkv,Bull
See 2x06 La Verita Sugli Unicorni ITA DLMux x264-UBi mkv.mkv,See
SAINT SEIYA The HADES Chapter-Inferno 04  Blu-ray Mux 1080p x264 AAC Ita-AC3 Jap Sub-Ita  Dohko D G   mkv.mkv,Cavalieri dello Zodiaco
The Shield  S01  08  13  Amore e Droga  ITA  DVDRip  avi.avi,Shield
SAINT SEIYA The HADES Chapter-Elysion 02  Blu-ray Mux 1080p x264 AAC Ita-AC3 Jap Sub-Ita  Dohko D G   mkv.mkv,Cavalieri dello Zodiaco
Bones 6x06 Un Alieno In Fondo Al Mare ITA DLMux XviD-NovaRip avi.avi,Bones
Halo 1x09 Transcendence ITA DLMux x264-UBi mkv.mkv,Halo
Silo 1x08 Hanna ITA DLMux x264-UBi mkv.mkv,Silo
Rabbit Hole 1x04 La Persona Nel Tuo Orecchio ITA DLMux x264-UBi mkv.mkv,Rabbit Hole
Moon Knight 1x06 Dei E Mostri ITA DLMux x264-UBi mkv.mkv,Moon Knight
The Day Of The Jackal 1x01 Episodio 1 ITA DLMux x264-WRM mkv.mkv,Day of the jackal
Romanzo Criminale 2x06 Episodio 6 iTALiAN BDRip XviD-DarkSideMux avi.avi,Romanzo Criminale
Bosch 2x08 Episodio 8 ITA WEBMUX x264-NST mkv.mkv,Bosch
Bones - 2x07 - Piccole miss  DVDRip x264 AC3 ITA-ENG SUBS  Tiger mkv.mkv,Bones
Il Trono Di Spade 6x02 Uomini Di Ferro ITA DLMux x264-NovaRip mkv.mkv,Trono di Spade
Anime BDmux ITA-JAP  ONE PIECE 656 - La Tecnica di Rebecca ! La Danza della Spada a Picco sull ' Acqua  Dressrosa Arc   Baroque Works  mkv.mkv,One Piece
Dark Matter 2024 1x06 Sovrapposizione ITA DLMux x264-WRM mkv.mkv,Dark Matter
Bones 9x09 L Ostacolo In Giuria ITA DLMux x264-NovaRip mkv.mkv,Bones
Criminal Minds 16x03 I Kit Della Morte ITA DLMux x264-UBi mkv.mkv,Criminal Minds
MacGyver 2016 5x13 Viaggio In Italia ITA DLMux x264-UBi mkv.mkv,Mac Gyver
NCIS Los Angeles 14x14 Vergogna ITA DLMux x264-UBi mkv.mkv,NCIS Los Angeles
Bones 11x01 Somiglianze ITA DLMux x264-UBi mkv.mkv,Bones
Shogun 2024 1x10 Un Sogno Dentro Un Sogno ITA DLMux x264-WRM mkv.mkv,Shogun
Bones - 1x07 - Condannato a morte  DVDRip x264 AC3 ITA-ENG SUBS  Tiger mkv.mkv,Bones
Anime BDmux ITA-JAP  ONE PIECE 696 - Rebecca e Kyros - Finalmente Insieme !  Dressrosa Arc   Baroque Works  mkv.mkv,One Piece
Person Of Interest 3x18 Il Diplomatico ITA WEB-DLMux x264-iGM srt.srt,Person of Interest
Bones 7x12 Delitto sul set iTALiAN BDMux x264-DarkSideMux mp4.mp4,Bones
Anime BDmux ITA-JAP  ONE PIECE 741 - Alta Tensione - Il Rapimento di Rebecca !  Dressrosa Arc   Baroque Works  mkv.mkv,One Piece
Bones 3x03 Amore Sbagliato ITA DVDMux XviD-Novarip avi.avi,Bones
Bones 9x02 Terapia Di Coppia ITA DLMux x264-NovaRip mkv.mkv,Bones
Anime BDmux ITA-JAP  ONE PIECE 671 - Sconfiggere Sugar - I Nani all Attacco !  Dressrosa Arc   Baroque Works  mkv.mkv,One Piece
Bosch 5x08 Salvation Mountain iTA AC3 DLMux x264-ADE CreW mkv.mkv,Bosch
Tulsa King 1x01 Vai A Ovest Vecchio Mio ITA DLMux x264-UBi mkv.mkv,Tulsa
Il Trono Di Spade 6x03 Giuramento Infranto ITA REPACK DLMux x264-NovaRip mkv.mkv,Trono di Spade
Bones - 1x18 - La maledizione dei pirati  DVDRip x264 AC3 ITA-ENG SUBS  Tiger mkv.mkv,Bones
Bull 1x22 Segreti ITA HDTVRip x264-UBi mkv.mkv,Bull
Person Of Interest 4x03 L Esperto Di Donne ITA DLMux x264-NovaRip mkv.mkv,Person of Interest
The Good Doctor 5x16 Lo Show Di Shaun ITA DLMux x264-UBi mkv.mkv,The Good Doctor
"Tsunami  I Cavalieri dello zodiaco - 4x10 - Il colpo proibito  BD 576p 59,94 fps H264 8 bit AC3 ITA-JAP SUB ITA  by user-id mkv.mkv",Cavalieri dello Zodiaco
Shogun 2024 1x06 Le Signore Del Mondo Dei Salici ITA DLMux x264-WRM mkv.mkv,Shogun
Person Of Interest 5x03 La Verita Da Raccontare ITA BDMux x264-NovaRip mkv.mkv,Person of Interest
Forever 1x09 6 AM ITA DLMux x264-NovaRip mkv.mkv,Forever
Person Of Interest 2x05 Prima Pagina ITA DLMux x264-NovaRip mkv.mkv,Person of Interest
Bones 10x11 Spezzatino Di Cadavere ITA DLMux x264-UBi mkv.mkv,Bones
The Shield 2x05 Luce Verde ITA DVDRip XviD-NovaRip avi.avi,Shield
Once Upon A Time 5x19 Sorelle ITA DLMux x264-NovaRip mkv.mkv,Once Upon a Time
Anime BDmux ITA-JAP  ONE PIECE 727 - Il Risveglio ! Doflamingo Contrattacca !  Dressrosa Arc   Baroque Works  mkv.mkv,One Piece
Bull 3x20 Quello Onesto ITA DLMux x264-UBi mkv.mkv,Bull
Tsunami  My Hero Academia - 3x16 - Il liceo Shiketsu si avvicina di soppiatto  DVD RIP 720x576i 25 fps H264  by user-id mkv.mkv,My Hero Academia
Hanno Ucciso l'Uomo Ragno 1x04  2024  aac ITALIAN x264 1920x820p mkv.mkv,Hanno Ucciso L uomo ragno
Anime BDmux ITA-JAP  ONE PIECE 676 - Problemi con l Operazione S O P! L Eroe Usoland ce la Fara !  Dressrosa Arc   Baroque Works  mkv.mkv,One Piece
Bones 7x09 Un cadavere in blu iTALiAN BDMux x264-DarkSideMux mp4.mp4,Bones
Bones 3x05 La Mummia Nel Labirinto ITA DVDMux XviD-Novarip avi.avi,Bones
Once upon a time 1x04 Il Prezzo Della Magia ITA ENG DLmux-Pir8 srt.srt,Once Upon a Time
Romulus 1x01 Tu ITA WEBMux x264-UBi mkv.mkv,Romulus
The Shield 2x03 Un Vecchio Collega ITA DVDRip XviD-NovaRip avi.avi,Shield
Person Of Interest 2x11 Il Giorno Fatale ITA DLMux x264-NovaRip mkv.mkv,Person of Interest
Person Of Interest 2x08 Fino Alla Morte ITA DLMux x264-NovaRip mkv.mkv,Person of Interest
N C I S 19x08 Il Pacificatore ITA DLMux x264-UBi mkv.mkv,NCIS
Person Of Interest 1x16 Rischio iTALiAN BDMux XviD-DarkSideMux forced srt.srt,Person of Interest
Bull 3x02 Il Dovere Di Giurato ITA DLMux x264-UBi mkv.mkv,Bull
Bones - 2x12 - Gli enigmi  DVDRip x264 AC3 ITA-ENG SUBS  Tiger mkv.mkv,Bones
Bones 10x14 Delitto Al Minigolf ITA DLMux x264-UBi mkv.mkv,Bones
La Terra Dopo L'Uomo 1x08 A prova d'attacco  History Channel 2010  avi.avi,La terra Dopo L uomo
L Attacco Dei Giganti 4x08 Proiettile Assassino iTA AC3 WEBMux x264-ADE CreW mkv.mkv,Attacco dei Giaganti
Bosch 2x09 Episodio 9 ITA WEBMUX x264-NST mkv.mkv,Bosch
NCIS Los Angeles 14x01 Il Seme Del Dubbio ITA DLMux x264-UBi mkv.mkv,NCIS Los Angeles
The Day Of The Jackal 1x04 Episodio 4 ITA DLMux x264-WRM mkv.mkv,Day of the jackal
Bull 3x07 Senza Emozioni ITA DLMux x264-UBi mkv.mkv,Bull
Person Of Interest 1x02 Una voce dal passato iTALiAN Repack BDMux XviD-DarkSideMux avi.avi,Person of Interest
Il Trono Di Spade 6x06 Sangue Del Mio Sangue ITA DLMux x264-NovaRip mkv.mkv,Trono di Spade
Supernatural 15x07 Ultima Chiamata ITA BDMux x264-UBi mkv.mkv,Supernatural
Bones - 1x19 - Dopo Katrina  DVDRip x264 AC3 ITA-ENG SUBS  Tiger mkv.mkv,Bones
Bull 3x10 Segreto Confessionale ITA DLMux x264-UBi mkv.mkv,Bull
House Of The Dragon 1x04 Re Del Mare Stretto ITA DLMux x264-UBi mkv.mkv,House of Dragon
C Era Una Volta 2x12 In Nome Del Fratello iTALiAN DLMux x264-UBi forced srt.srt,Once Upon a Time
Divx Doc Ita -La Terra Dopo L'uomo- History Channel SatRip  avi.avi,La terra Dopo L uomo
Criminal Minds 12x19 Il Vero Nord ITA DLMux x264-NovaRip mkv.mkv,Bones
Once Upon A Time 1x16 Cuore Di Tenebra ITA ENG DLmux-Pir8 en srt.srt,Once Upon a Time
Once upon a time 1x11 Il frutto dell albero avvelenato ITA-ENG 720p DLMux DD5 1 h264-DarkSideMux mkv.mkv,Once Upon a Time
Supernatural 15x02 Scatenando L Inferno ITA BDMux x264-UBi mkv.mkv,Supernatural
Person Of Interest 3x07 L Ipnotizzatore ITA WEB-DLMux x264-iGM mp4.mp4,Person of Interest
Willow La Serie 1x03 La Battaglia Dell Agnello Sgozzato ITA DLMux x264-UBi mkv.mkv,Willow
Bones - 1x14 - Scomparsi  DVDRip x264 AC3 ITA-ENG SUBS  Tiger mkv.mkv,Bones
Once upon a time 1x09 La bussola ITA-ENG 720p DLMux DD5 1 h264-DarkSideMux mkv.mkv,Once Upon a Time
Bull 6x06 L Angelo Custode ITA DLMux x264-UBi mkv.mkv,Bull
Once Upon A Time 1x03 La Cosa Giusta Da Fare ITA ENG DLmux-Pir8 avi.avi,Once Upon a Time
N C I S 18x12 Sangre ITA DLMux x264-UBi mkv.mkv,NCIS
Once Upon A Time 5x17 Il Suo Aitante Eroe ITA DLMux x264-NovaRip mkv.mkv,Once Upon a Time
"Anime BDmux ITA-JAP  ONE PIECE 683 - La Terra Trema - Pica , il Gigante della Distruzione  Dressrosa Arc   Baroque Works  mkv.mkv",One Piece
Once Upon A Time 1x13 Che Cosa E Successo A Frederick ITA ENG DLmux-Pir8 avi.avi,Once Upon a Time
Bull 4x11 Ricorda Con Rabbia ITA DLMux x264-UBi mkv.mkv,Bull
Person Of Interest 2x10 Fine Del Gioco ITA DLMux x264-NovaRip mkv.mkv,Person of Interest
Person Of Interest 3x19 Ad Un Passo Dal Baratro ITA WEB-DLMux x264-iGM srt.srt,Person of Interest
Person Of Interest 5x06 Doping ITA BDMux x264-NovaRip mkv.mkv,Person of Interest
Bones 4x18 Una Donna Coraggiosa ITA BDMux XviD-NovaRip srt.srt,Bones
Bones 9x13 La Tomba Nell Aiuola ITA DLMux x264-NovaRip mkv.mkv,Bones
Bones 4x04 Il Dito Nel Nido ITA BDMux XviD-NovaRip avi.avi,Bones
Once Upon A Time 1x18 Lo Stalliere ITA ENG DLmux-Pir8 en srt.srt,Once Upon a Time
See 1x02 Il Baule Della Conoscenza ITA DLMux x264-UBi mkv.mkv,See
Bosch 5x07 La Saggezza Del Deserto iTA AC3 DLMux x264-ADE CreW mkv.mkv,Bosch
Bull 2x07 Machiavellismo ITA HDTVRip x264-UBi mkv.mkv,Bull
Supernatural 15x08 Padre Nostro Che Non Sei Nei Cieli ITA BDMux x264-UBi mkv.mkv,Supernatural
N C I S 19x13 Corsa Contro Il Tempo ITA DLMux x264-UBi mkv.mkv,NCIS
Bull 1x10 Auto Assassina ITA HDTVRip x264-UBi mkv.mkv,Bull
Bull 2x10 Spirito Natalizio ITA HDTVRip x264-UBi mkv.mkv,Bull
Magnum P I 2018 5x01 Il Passeggero ITA DLMux x264-WRM mkv.mkv,Shogun
Once Upon A Time 3x19 Una Cosa Curiosa ITA DLMux x264-NovaRip mkv.mkv,Once Upon a Time
N C I S 20x16 Effetto Farfalla ITA DLMux x264-UBi mkv.mkv,NCIS
Bones 3x04 Il Segreto Del Suolo ITA DVDMux XviD-Novarip avi.avi,Bones
Bull 5x01 Effetto Corona ITA DLMux x264-UBi mkv.mkv,Bull
Anime BDmux ITA-JAP  ONE PIECE 735 - Fujitora - Una Scelta Senza Precedenti !  Dressrosa Arc   Baroque Works  mkv.mkv,One Piece
Dexter Resurrection 1x05 Famelico Di Sangue ITA AMZN DLMux x264-WRM mkv.mkv,Dexter
Bones 4x10-Il Passeggero nel Forno ITA BDMux XviD-NovaRip srt.srt,Bones
N C I S 19x18 Una Vita Fa ITA DLMux x264-UBi mkv.mkv,NCIS
NCIS New Orleans 5x17 Resa Dei Conti ITA DLMux x264-UBi mkv.mkv,NCIS New Orleans
Anime BDmux ITA-JAP  ONE PIECE 691 - Kanjuro - La Tempesta Vespertina  Dressrosa Arc   Baroque Works  mkv.mkv,One Piece
Il Trono Di Spade 3x09 Le Piogge Di Castamere ITA WEB-DLMux x264-UPZ forced srt.srt,Trono di Spade
Tulsa King 1x04 L Arte Della Guerra ITA DLMux x264-UBi mkv.mkv,Tulsa
Criminal Minds 16x07 Quello Che Non Ci Uccide ITA DLMux x264-UBi mkv.mkv,Criminal Minds
Bull 4x18 Collisione ITA DLMux x264-UBi mkv.mkv,Bull
Bones - 1x01 - Testimone dal passato  DVDRip x264 AC3 ITA-ENG SUBS  Tiger mkv.mkv,Bones
Il Trono Di Spade 1x03 Lord Snow iTALiAN HDTVMux-DarkSideMux forced srt.srt,Trono di Spade
Shogun 2024 1x03 Domani E Un Altro Giorno ITA DLMux x264-WRM mkv.mkv,Shogun
L Attacco Dei Giganti 4x26 Traditore iTA AC3 WEBMux x264-ADE CreW mkv.mkv,Attacco dei Giaganti
Romulus 1x10 Superbos ITA WEBMux x264-UBi mkv.mkv,Romulus
Once Upon A Time 3x11 Si Torna A Casa ITA DLMux x264-NovaRip mkv.mkv,Once Upon a Time
Anime BDmux ITA-JAP  ONE PIECE 638 - Colpo Mortale ! Il Portentoso King Punch  Dressrosa Arc   Baroque Works  mkv.mkv,One Piece
Criminal Minds 12x21 Luce Verde ITA DLMux x264-NovaRip mkv.mkv,Bones
C Era Una Volta 2x08 L Incantesimo Del Sonno iTALiAN DLMux x264-UBi mp4.mp4,Once Upon a Time
Anime BDmux ITA-JAP  ONE PIECE 631 - Un Vortice di Avventure - Il Colosseo delle Corride  Dressrosa Arc   Baroque Works  mkv.mkv,One Piece
Willow La Serie 1x08 Figli Del Wyrm ITA DLMux x264-UBi mkv.mkv,Willow
Forever 1x17 I Segreti Restano Sepolti ITA DLMux x264-NovaRip mkv.mkv,Forever
Bones 7x13 La vendetta del genio iTALiAN BDMux x264-DarkSideMux mp4.mp4,Bones
NCIS New Orleans 6x20 Predatori ITA DLMux x264-UBi mkv.mkv,NCIS New Orleans
Bull 2x15 Lucida Follia ITA HDTVRip x264-UBi mkv.mkv,Bull
Anime BDmux ITA-JAP  ONE PIECE 629 - Sconvolgente! Incredibili Notizie Scuotono il Nuovo Mondo  Dressrosa Arc   Baroque Works  mkv.mkv,One Piece
Anime BDmux ITA-JAP  ONE PIECE 607 - Si Accende lo Scontro Luffy Contro Caesar  Punk Hazard Arc   Baroque Works  mkv.mkv,One Piece
L Attacco Dei Giganti 4x04 Da Mano A Mano iTA AC3 WEBMux x264-ADE CreW mkv.mkv,Attacco dei Giaganti
Person Of Interest 1x04 Cura te ipsum iTALiAN BDMux XviD-DarkSideMux avi.avi,Person of Interest
N C I S 20x01 Una Questione Di Famiglia ITA DLMux x264-UBi mkv.mkv,NCIS
Anime BDmux ITA-JAP  ONE PIECE 730 - Le Lacrime di Manshelly - Salvare Dressrosa !  Dressrosa Arc   Baroque Works  mkv.mkv,One Piece
Naruto Shippuden 156 - L allievo supera il maestro by danny11 & LeBlanco mkv.mkv,Naruto Shippuden
NCIS Los Angeles 13x21 Nella Tana Del Coniglio ITA DLMux x264-UBi mkv.mkv,NCIS Los Angeles
Once Upon A Time 5x18 Le Scarpette Di Ruby ITA DLMux x264-NovaRip mkv.mkv,Once Upon a Time
Anime BDmux ITA-JAP  ONE PIECE 654 - Una Spada Atraordinaria ! Cavendish il Cavallo Bianco !  Dressrosa Arc   Baroque Works  mkv.mkv,One Piece
NCIS Los Angeles 13x15 Ultimo Scatto ITA DLMux x264-UBi mkv.mkv,NCIS Los Angeles
Person Of Interest 3x16 Ram ITA WEB-DLMux x264-iGM srt.srt,Person of Interest
Romulus 1x06 Romane ITA WEBMux x264-UBi mkv.mkv,Romulus
Forever 1x23 L an ITA DLMux x264-NovaRip mkv.mkv,Forever
Anime BDmux ITA-JAP  ONE PIECE 615 - Il Dramma di Barbabruna ! Furioso Attacco di Luffy  Punk Hazard Arc   Baroque Works  mkv.mkv,One Piece
The Shield 2x11 Caccia Grossa ITA DVDRip XviD-NovaRip avi.avi,Shield
Il Trono Di Spade 3x05 Baciata Dal Fuoco iTALiAN DLMux x264-UBi mp4.mp4,Trono di Spade
NCIS Los Angeles 12x04 Soldi Soldi Soldi ITA DLMux x264-UBi mkv.mkv,NCIS Los Angeles
Person Of Interest 1x21 Il rischio dei ricordi iTALiAN BDMux XviD-DarkSideMux forced srt.srt,Person of Interest
Bull 6x01 Scomparsa ITA DLMux x264-UBi mkv.mkv,Bull
Foundation 1x05 Al Suo Risveglio ITA DLMux x264-UBi mkv.mkv,Foundation
Bones 6x11 Un Proiettile Nel Cervello ITA DLMux XviD-NovaRip avi.avi,Bones
Bones 11x17 Servizi Segreti ITA DLMux x264-UBi mkv.mkv,Bones
Doctor Strange Nel Multiverso Della Follia 2022 iTALiAN MD HDTS x264-PZZ8 mkv.mkv,Trono di Spade
"Tsunami  My Hero Academia - 3x03 - Ti salvero, Kota!  DVD RIP 720x576i 25 fps H264  by user-id mkv.mkv",My Hero Academia
Bull 1x23 Benevolo Inganno ITA HDTVRip x264-UBi mkv.mkv,Bull
Dexter Resurrection 1x02 Assassino In Incognito ITA AMZN DLMux x264-WRM mkv.mkv,Dexter
Bones 5x13 Il Dentista Nel Fossato ITA WEB-DL Mux XviD-NovaRip avi.avi,Bones
Person Of Interest 5x02 Informazioni Fallaci ITA BDMux x264-NovaRip mkv.mkv,Person of Interest
Bull 2x04 L Illusione Del Controllo ITA HDTVRip x264-UBi mkv.mkv,Bull
Once Upon A Time 1x18 Lo Stalliere ITA ENG DLmux-Pir8 avi.avi,Once Upon a Time
Bones 4x18 Una Donna Coraggiosa ITA BDMux XviD-NovaRip avi.avi,Bones
MacGyver 2016 5x07 Nella Tana Dei Serpenti ITA DLMux x264-UBi mkv.mkv,Mac Gyver
Once Upon A Time 1x20 Lo Sconosciuto ITA ENG DLmux-Pir8 en srt.srt,Once Upon a Time
Bones 6x04 Il Cacciatore Di Taglie ITA DLMux XviD-NovaRip avi.avi,Bones
Anime BDmux ITA-JAP  ONE PIECE 643 - Cielo e Terra Tremano ! Il Vero Potere dell ' Ammiraglio Fujitora  Dressrosa Arc   Baroque Works  mkv.mkv,One Piece
Bull 2x06 L Eccezione Alla Regola ITA HDTVRip x264-UBi mkv.mkv,Bull
L Attacco Dei Giganti 4x20 Ricordi Del Futuro iTA AC3 WEBMux x264-ADE CreW mkv.mkv,Attacco dei Giaganti
L Attacco Dei Giganti 3x04 Trust iTA AC3 WEBMux x264-ADE CreW mkv.mkv,Attacco dei Giaganti
NCIS Los Angeles 13x22 Insieme ITA DLMux x264-UBi mkv.mkv,NCIS Los Angeles
Once Upon A Time 1x13 Che Cosa E Successo A Frederick ITA ENG DLmux-Pir8 en srt.srt,Once Upon a Time
The Mandalorian 3x05 Capitolo Ventuno Il Pirata ITA DLMux x264-UBi mkv.mkv,The Mandalorian
Once Upon A Time 1x16 Cuore Di Tenebra ITA ENG DLmux-Pir8 avi.avi,Once Upon a Time
Bones 12x11 Un Giorno Da Ricordare ITA DLMux x264-UBi mkv.mkv,Bones
Il Trono Di Spade 3x08 I Secondi Figli iTALiAN DLMux x264-UBi forced srt.srt,Trono di Spade
Il Trono Di Spade 5x02 Il Nuovo Comandante ITA DLMux x264-NovaRip mkv.mkv,Trono di Spade
L Attacco Dei Giganti 4x28 L Alba dell Umanita iTA AC3 WEBMux x264-ADE CreW mkv.mkv,Attacco dei Giaganti
Il Trono Di Spade 3x08 I Secondi Figli iTALiAN DLMux x264-UBi mp4.mp4,Trono di Spade
Forever 1x20 Partire Col Piede Giusto ITA DLMux x264-NovaRip mkv.mkv,Forever
Bosch 4x02 Sogni Di Bunker Hill iTA AC3 WEBMux x264-ADE CreW mkv.mkv,Bosch
Person Of Interest 5x07 Il Codice ITA BDMux x264-NovaRip mkv.mkv,Person of Interest
Once Upon A Time 3x16 Essere Verdi Non E Facile ITA DLMux x264-NovaRip mkv.mkv,Once Upon a Time
Bones 5x01 La Voce Dei Tarocchi ITA WEB-DL Mux XviD-NovaRip avi.avi,Bones
Bones 6x03 La Tribu Dei Guido ITA REAL REPACK DLMux XviD-NovaRip avi.avi,Bones
Il Trono Di Spade 5x07 Il Dono ITA DLMux x264-NovaRip mkv.mkv,Trono di Spade
Anime BDmux ITA-JAP  ONE PIECE 594 - Luffy e Law ! Alleanza fra pirati  Punk Hazard Arc   Baroque Works  mkv.mkv,One Piece
Bull 3x05 Il Tassello Mancante ITA DLMux x264-UBi mkv.mkv,Bull
Bones 9x24 Il Cadavere In Poltrona ITA DLMux x264-NovaRip mkv.mkv,Bones
MacGyver 2016 5x14 Arrivederci A Mission City ITA DLMux x264-UBi mkv.mkv,Mac Gyver
SAINT SEIYA The HADES Chapter Sanctuary 02  Blu-ray Mux 1080p x264 AAC Ita-AC3 Jap Sub Ita  Dohko D G   mkv.mkv,Cavalieri dello Zodiaco
Romanzo Criminale 2x05 Episodio 5 iTALiAN BDRip XviD-DarkSideMux avi.avi,Romanzo Criminale
Bosch 5x09 Fermare La Notte iTA AC3 DLMux x264-ADE CreW mkv.mkv,Bosch
Anime BDmux ITA-JAP  ONE PIECE 579 - Pronti Allo Sbarco  Punk Hazard Arc   Baroque Works  mkv.mkv,One Piece
Bosch 2x01 Episodio 1 ITA WEBMUX x264-NST mkv.mkv,Bosch
Person Of Interest 1x10 Quattro numeri iTALiAN BDMux XviD-DarkSideMux avi.avi,Person of Interest
Il Trono Di Spade 4x08 La Vipera E La Montagna ITA HDTVMux x264-iGM mp4.mp4,Trono di Spade
Bull 4x15 Fratello Di Sangue ITA DLMux x264-UBi mkv.mkv,Bull
Shogun 2024 1x04 Il Recinto A Otto Pareti ITA DLMux x264-WRM mkv.mkv,Shogun
Person Of Interest 3x20 Beneficio Mortale ITA WEB-DLMux x264-iGM mp4.mp4,Person of Interest
Once Upon A Time 1x15 Mani Rosso Sangue ITA ENG DLmux-Pir8 srt.srt,Once Upon a Time
Tsunami  My Hero Academia - 3x22 - Parliamo della tua Unicita  DVD RIP 720x576i 25 fps H264  by user-id mkv.mkv,My Hero Academia
Criminal Minds 16x02 Il Patto Col Diavolo ITA DLMux x264-UBi mkv.mkv,Criminal Minds
"Tsunami  I Cavalieri dello zodiaco - 4x05 - Un fugace incontro  BD 576p 59,94 fps H264 8 bit AC3 ITA-JAP SUB ITA  by user-id mkv.mkv",Cavalieri dello Zodiaco
Person Of Interest 1x03 Il reduce iTALiAN BDMux XviD-DarkSideMux avi.avi,Person of Interest
Rabbit Hole 1x06 La Guida Strategica ITA DLMux x264-UBi mkv.mkv,Rabbit Hole
Criminal Minds 16x08 La Rabbia In Corpo ITA DLMux x264-UBi mkv.mkv,Criminal Minds
The Shield 2x10 La Spia ITA DVDRip XviD-NovaRip avi.avi,Shield
L Attacco Dei Giganti 3x16 Partita Perfetta iTA AC3 WEBMux x264-ADE CreW mkv.mkv,Attacco dei Giaganti
Anime BDmux ITA-JAP  ONE PIECE 677 - Rinasce la Leggenda! La Furia di Kyros  Dressrosa Arc   Baroque Works  mkv.mkv,One Piece
Criminal Minds 12x18 Il Lato Oscuro ITA DLMux x264-NovaRip mkv.mkv,Bones
Tsunami  My Hero Academia - 3x20 - Episodio Speciale - Salva la Terra con l'amore!  DVD RIP 720x576i 25 fps H264  by user-id mkv.mkv,My Hero Academia
Il Trono Di Spade 8x04 L Ultimo Degli Stark ITA WEBMux x264-UBi mkv.mkv,Trono di Spade
Bull 1x20 Ipnosi ITA HDTVRip x264-UBi mkv.mkv,Bull
Blindspot 5x09 Scacco Alla Regina ITA DLMux x264-UBi mkv.mkv,Blindspot
Bones 4x17 Amiche Per La Pelle ITA BDMux XviD-NovaRip avi.avi,Bones
Bull 5x07 Capro Espiatorio ITA DLMux x264-UBi mkv.mkv,Bull
L Attacco Dei Giganti 4x09 Volontari iTA AC3 WEBMux x264-ADE CreW mkv.mkv,Attacco dei Giaganti
Bosch 5x06 Lo Spazio Tra Le Stelle iTA AC3 DLMux x264-ADE CreW mkv.mkv,Bosch
C Era Una Volta 2x12 In Nome Del Fratello iTALiAN DLMux x264-UBi mp4.mp4,Once Upon a Time
Criminal Minds 16x05 Morsi Selvaggi ITA DLMux x264-UBi mkv.mkv,Criminal Minds
Bull 1x02 Volo 17-32 ITA HDTVRip x264-UBi mkv.mkv,Bull
Once Upon A Time 5x05 Acchiappasogni ITA DLMux x264-NovaRip mkv.mkv,Once Upon a Time
NCIS Los Angeles 13x03 Fiducia ITA DLMux x264-UBi mkv.mkv,NCIS Los Angeles
Halo 1x04 Homecoming ITA DLMux x264-UBi mkv.mkv,Halo
"Anime BDmux ITA-JAP  ONE PIECE 655 - Un Grande Guello ! Sanji,VS Doflamingo  Dressrosa Arc   Baroque Works  mkv.mkv",One Piece
Once upon a time 1x14 Sognolo ITA-ENG 720p DLMux DD5 1 h264-DarkSideMux mkv.mkv,Once Upon a Time
Dexter Resurrection 1x03 Passeggero Invadente ITA AMZN DLMux x264-WRM mkv.mkv,Dexter
Anime BDmux ITA-JAP  ONE PIECE 604 - Tutti al Settore R ! Il Grande Assalto dell ' Alleanza Pirata !  Punk Hazard Arc   Baroque Works  mkv.mkv,One Piece
Bosch 2x07 Episodio 7 ITA WEBMUX x264-NST mkv.mkv,Bosch
Once Upon A Time 1x06 Il Pastore ITA ENG DLmux-Pir8 avi.avi,Once Upon a Time
Anime BDmux ITA-JAP  ONE PIECE 722 - La Lama della Vendetta - L'attacco Gamma Knife !  Dressrosa Arc   Baroque Works  mkv.mkv,One Piece
Bull 5x10 Eredita Mortale ITA DLMux x264-UBi mkv.mkv,Bull
Il Trono Di Spade 2x04 Il Giardino Di Ossa ITA ENG DLMux XviD-Pir8 srt.srt,Trono di Spade
Once Upon A Time 1x09 La Bussola ITA ENG DLmux-Pir8 en srt.srt,Once Upon a Time
Person Of Interest 2x17 Il Camaleonte ITA DLMux x264-NovaRip mkv.mkv,Person of Interest
Bones - 2x02 - Due scheletri nell'acqua  DVDRip x264 AC3 ITA-ENG SUBS  Tiger mkv.mkv,Bones
The Shield 2x02 La Resa Dei Conti ITA DVDRip XviD-NovaRip avi.avi,Shield
Bosch 3x07 Right Play iTA AAC WEBRip x264-ADE CreW mkv.mkv,Bosch
Bones 5x16 Le Parti Nella Somma Del Tutto ITA WEB-DL Mux XviD-NovaRip avi.avi,Bones
Dexter - New Blood - 1x06 - Troppi sandwich al tonno WEBMux 720p x264 AC3 ITA E-AC3 ENG SUBS Tiger mkv.mkv,Dexter
Person Of Interest 1x13 Il sistema violato iTALiAN BDMux XviD-DarkSideMux forced srt.srt,Person of Interest
Bull 3x16 Doppio Processo ITA DLMux x264-UBi mkv.mkv,Bull
Halo 2x04 Reach ITA DLMux x264-WRM mkv.mkv,Halo
Il Trono Di Spade 8x03 La Lunga Notte ITA WEBMux x264-UBi mkv.mkv,Trono di Spade
NCIS New Orleans 5x15 Sabotaggio ITA DLMux x264-UBi mkv.mkv,NCIS New Orleans
Anime BDmux ITA-JAP  ONE PIECE 695 - Costi Quel che Costi ! Luffy la Carta Vincente  Dressrosa Arc   Baroque Works  mkv.mkv,One Piece
Bosch 3x01 The Smog Cutter iTA AAC REPACK WEBRip x264-ADE CreW mkv.mkv,Bosch
Tulsa King 2x08 Sotto Nuova Gestione ITA DLMux x264-WRM mkv.mkv,Tulsa
N C I S 20x07 Amor Perduto ITA DLMux x264-UBi mkv.mkv,NCIS
Gomorra S05E06 Episodio 6 1080p HMAX WEB-DL DD5 1 H264-MeM GP mkv.mkv,Gomorra
Anime BDmux ITA-JAP  ONE PIECE 666 - Chi Sara il Vincitore L ' Esito del Blocco D  Dressrosa Arc   Baroque Works  mkv.mkv,One Piece
Dexter Resurrection 1x07 Cambio Di Direzione ITA AMZN DLMux x264-WRM mkv.mkv,Dexter
Il Trono Di Spade 4x02 Il Leone E La Rosa ITA HDTVMux x264-iGM mp4.mp4,Trono di Spade
NCIS New Orleans 6x12 Madame X ITA DLMux x264-UBi mkv.mkv,NCIS New Orleans
Once upon a time 1x05 La voce della coscienza ITA ENG DLmux-Pir8 en srt.srt,Once Upon a Time
NCIS Los Angeles 14x11 Best Seller ITA DLMux x264-UBi mkv.mkv,NCIS Los Angeles
Bosch 1x07 La Casa Rifugio ITA WEBMux x264-NovaRip mkv.mkv,Bosch
Anime BDmux ITA-JAP  ONE PIECE 634 - Il Lord Pirata Cavendish  Dressrosa Arc   Baroque Works  mkv.mkv,One Piece
Person Of Interest 3x21 Beta ITA WEB-DLMux x264-iGM srt.srt,Person of Interest
The Last of Us 1x08 Quando Sei In Difficolta ITA DLMux x264-UBi mkv.mkv,The last of us
Bosch 7x04 Triplo Gioco ITA DLMux x264-UBi mkv.mkv,Bosch
Once Upon A Time 5x09 Il Re Orso ITA DLMux x264-NovaRip mkv.mkv,Once Upon a Time
The Shield  S01  12  13  Combattimento Mortale  ITA  DVDRip  avi.avi,Shield
Bull 4x05 Giustizia In Prima Pagina ITA DLMux x264-UBi mkv.mkv,Bull
Romanzo Criminale 1x04 Episodio 4 by alocor75 avi.avi,Romanzo Criminale
Person Of Interest 3x18 Il Diplomatico ITA WEB-DLMux x264-iGM mp4.mp4,Person of Interest
Once Upon A Time 1x18 Lo Stalliere ITA ENG DLmux-Pir8 forced srt.srt,Once Upon a Time
Roma 2x05 Gli eroi della Repubblica DVDMux ITA by moll avi.avi,Roma
C Era Una Volta 2x17 Benvenuti A Storybrooke iTALiAN DLMux x264-UBi srt.srt,Once Upon a Time
L Attacco Dei Giganti 3x21 Il Gigante D Attacco iTA AC3 WEBMux x264-ADE CreW mkv.mkv,Attacco dei Giaganti
Tulsa King 1x02 Il Centro Dell Universo ITA DLMux x264-UBi mkv.mkv,Tulsa
N C I S 18x10 Lucy ITA DLMux x264-UBi mkv.mkv,NCIS
Bones 7x02 La gara di cibo iTALiAN BDMux x264-DarkSideMux mp4.mp4,Bones
Person Of Interest 2x03 La Figlia Del Console ITA DLMux x264-NovaRip mkv.mkv,Person of Interest
MacGyver 2016 4x13 Finale Di Partita ITA DLMux x264-UBi mkv.mkv,Mac Gyver
Bull 6x03 Quando I Ragazzi Ricchi Uccidono ITA DLMux x264-UBi mkv.mkv,Bull
MacGyver 2016 5x05 L Eredita Di Dalton ITA DLMux x264-UBi mkv.mkv,Mac Gyver
Forever 1x15 Destino Di Un Re ITA DLMux x264-NovaRip mkv.mkv,Forever
Bull 2x02 Per Sua Volonta ITA HDTVRip x264-UBi mkv.mkv,Bull
NCIS New Orleans 6x04 Un conto In Sospeso ITA DLMux x264-UBi mkv.mkv,NCIS New Orleans
Il Trono Di Spade 5x03 L Alto Passero ITA DLMux x264-NovaRip mkv.mkv,Trono di Spade
N C I S 18x13 Cattiva Condotta ITA DLMux x264-UBi mkv.mkv,NCIS
L Attacco Dei Giganti 4x14 Violenza Efferata iTA AC3 WEBMux x264-ADE CreW mkv.mkv,Attacco dei Giaganti
Bull 3x18 Non Dire Una Parola ITA DLMux x264-UBi mkv.mkv,Bull
Il Trono Di Spade 2x04 Il Giardino Di Ossa ITA ENG DLMux XviD-Pir8 it srt.srt,Trono di Spade
Anime BDmux ITA-JAP  ONE PIECE 592 - Attacco alla Ciurma ! Gli Yeti Cool Brothers  Punk Hazard Arc   Baroque Works  mkv.mkv,One Piece
I Cavalieri Dello Zodiaco - 059 - Speranza Nella Settima Casa  540p   D^2C  mkv.mkv,Cavalieri dello Zodiaco
NCIS New Orleans 6x08 L Ordine Delle Manguste ITA DLMux x264-UBi mkv.mkv,NCIS New Orleans
Roma 1x07 - Farsalo - DVD Rip ITA-eng by Ken avi.avi,Roma
Person Of Interest 1x20 La legge del piu forte iTALiAN BDMux XviD-DarkSideMux avi.avi,Person of Interest
I Cavalieri Dello Zodiaco 2023 iTALiAN WEBRiP XviD-PRiME avi.avi,Romanzo Criminale
Romanzo Criminale 1x06 Episodio 6 by alocor75 avi.avi,Romanzo Criminale
NCIS New Orleans 6x03 Dentro La Grande Mela ITA DLMux x264-UBi mkv.mkv,NCIS New Orleans
Person Of Interest 1x07 Il testimone iTALiAN BDMux XviD-DarkSideMux forced srt.srt,Person of Interest
Once Upon A Time 1x22 Una Terra Senza Magia ITA ENG DLmux-Pir8 srt.srt,Once Upon a Time
Gomorra La Serie 5x03 iTALiAN AC3 SatRip 1080p x264 by Alex69Picci mkv.mkv,Gomorra
Anime BDmux ITA-JAP  ONE PIECE 750 - Situazione Disperata - Scontro Finale a Silver Mine  Dressrosa Arc   Baroque Works  mkv.mkv,One Piece
Bones 5x05 Una Notte Al Museo Delle Mummie ITA WEB-DL Mux XviD-NovaRip srt.srt,Bones
Once Upon A Time 5x12 Le Anime Dei Defunti ITA DLMux x264-NovaRip mkv.mkv,Once Upon a Time
C Era Una Volta 2x10 Il Gioco Del Grillo iTALiAN DLMux x264-UBi mp4.mp4,Once Upon a Time
Roma 1x10 - Trionfo - DVD Rip ITA-eng by Ken avi.avi,Roma
Il Trono Di Spade 7x02 Nata Dalla Tempesta ITA WEBMux x264-UBi mkv.mkv,Trono di Spade
Bones - 2x19 - Mal di spazio  DVDRip x264 AC3 ITA-ENG SUBS  Tiger mkv.mkv,Bones
Supernatural 15x11 I Giocatori D Azzardo ITA BDMux x264-UBi mkv.mkv,Supernatural
Once Upon A Time 3x06 Ariel ITA DLMux x264-NovaRip mkv.mkv,Once Upon a Time
Romanzo Criminale 1x01 Episodio 1 by alocor75 REPAK avi.avi,Romanzo Criminale
Tsunami  My Hero Academia - 0x16 - Sigla di coda stagione 3#1  Vers senza crediti   DVD RIP 720x576i 25 fps H264  by user-id mkv.mkv,My Hero Academia
Criminal Minds 12x20 Indimenticabile ITA DLMux x264-NovaRip mkv.mkv,Bones
Il Trono Di Spade 4x03 La Fuga ITA HDTVMux x264-iGM srt.srt,Trono di Spade
Person Of Interest 1x19 I capifamiglia iTALiAN BDMux XviD-DarkSideMux forced srt.srt,Person of Interest
Roma 1x04 - Rubare a Saturno - DVD Rip ITA-eng by Ken avi.avi,Roma
Once Upon A Time 3x03 Una Fata Piuttosto Comune ITA DLMux x264-NovaRip mkv.mkv,Once Upon a Time
Fondazione 3x01 Una Canzone Per La Fine Di Tutto ITA ATVP DLMux x264-WRM mkv.mkv,Foundation
Il Trono Di Spade 5x10 Madre Misericordiosa ITA DLMux x264-NovaRip mkv.mkv,Trono di Spade
Il Trono Di Spade 6x07 Alleanze ITA DLMux x264-NovaRip mkv.mkv,Trono di Spade
Bull 1x07 Il Cartello Mai Visto ITA HDTVRip x264-UBi mkv.mkv,Bull
Anime BDmux ITA-JAP  ONE PIECE 617 - Grizzly Magnum! ! La Fine di Caesar  Punk Hazard Arc   Baroque Works  mkv.mkv,One Piece
The Shield  S01  10  13  Una Scomoda Giornalista  ITA  DVDRip  avi.avi,Shield
Once upon a time 1x05 La voce della coscienza ITA ENG DLmux-Pir8 srt.srt,Once Upon a Time
Il Trono Di Spade 1x06 La Corona D Oro iTALiAN HDTVMux-DarkSideMux avi.avi,Trono di Spade
Anime BDmux ITA-JAP  ONE PIECE 717 - Trueno Bastard ! La Rabbia di Kyros !  Dressrosa Arc   Baroque Works  mkv.mkv,One Piece
House Of The Dragon 1x06 La Principessa E La Regina ITA DLMux x264-UBi mkv.mkv,House of Dragon
N C I S 19x09 Memoria Virtuale ITA DLMux x264-UBi mkv.mkv,NCIS
Bones 5x20 La Strega Nell Armadio ITA WEB-DL Mux XviD-NovaRip avi.avi,Bones
Person Of Interest 1x16 Rischio iTALiAN BDMux XviD-DarkSideMux avi.avi,Person of Interest
I Cavalieri Dello Zodiaco - 060 - La Cuspide Scarlatta  540p   D^2C  mkv.mkv,Cavalieri dello Zodiaco
Once Upon A Time 1x19 Il Ritorno ITA ENG DLmux-Pir8 srt.srt,Once Upon a Time
I Cavalieri Dello Zodiaco - 058 - Addio Fratello  540p   D^2C  mkv.mkv,Cavalieri dello Zodiaco
Bones 11x06 Il Senatore Nella Spazzatura ITA DLMux x264-UBi mkv.mkv,Bones
Romulus 1x09 Debellare ITA WEBMux x264-UBi mkv.mkv,Romulus
Bones - 2x04 - Il gioco del serial killer  DVDRip x264 AC3 ITA-ENG SUBS  Tiger mkv.mkv,Bones
Moon Knight 1x02 Evoca Il Costume ITA DLMux x264-UBi mkv.mkv,Moon Knight
Il Trono Di Spade 3x09 Le Piogge Di Castamere ITA WEB-DLMux x264-UPZ mp4.mp4,Trono di Spade
Anime BDmux ITA-JAP  ONE PIECE 711 - La Scelta di Bellamy - L Ultima sfida !  Dressrosa Arc   Baroque Works  mkv.mkv,One Piece
Once Upon A Time 1x03 La Cosa Giusta Da Fare ITA ENG DLmux-Pir8 srt.srt,Once Upon a Time
Bones 12x08 Addio Papa ITA DLMux x264-UBi mkv.mkv,Bones
Roma 1x03 - Un gufo nei rovi - DVD Rip ITA-eng by Ken avi.avi,Roma
Bones 3x06 Chiunque Ma Non Uno Di Noi ITA DVDMux XviD-Novarip avi.avi,Bones
Il Trono Di Spade 1x09 La Confessione iTALiAN HDTVMux-DarkSideMux avi.avi,Trono di Spade
Person Of Interest 1x04 Cura te ipsum iTALiAN BDMux XviD-DarkSideMux forced srt.srt,Person of Interest
Rabbit Hole 1x07 Gilgamesh ITA DLMux x264-UBi mkv.mkv,Rabbit Hole
Anime BDmux ITA-JAP  ONE PIECE 635 - Iena Bellamy - Un Incontro Voluto dal Destino  Dressrosa Arc   Baroque Works  mkv.mkv,One Piece
Bones 5x18 Predatori E Prede ITA WEB-DL Mux XviD-NovaRip avi.avi,Bones
Il Trono Di Spade 3x10 Mhysa ITA WEB-DLMux x264-UPZ mp4.mp4,Trono di Spade
Bones 7x07 Un cadavere nello scarico iTALiAN BDMux x264-DarkSideMux mp4.mp4,Bones
Person Of Interest 4x02 Nautilus ITA DLMux x264-NovaRip mkv.mkv,Person of Interest
Person Of Interest 1x18 Crisi d identita iTALiAN BDMux XviD-DarkSideMux avi.avi,Person of Interest
The Mandalorian 3x02 Capitolo Diciotto Le Miniere Di Mandalore ITA DLMux x264-UBi mkv.mkv,The Mandalorian
C Era Una Volta 2x07 Figlia della luna iTALiAN DLMux x264-UBi mp4.mp4,Once Upon a Time
Bull 4x06 Nella Nebbia Della Mente ITA DLMux x264-UBi mkv.mkv,Bull
Anime BDmux ITA-JAP  ONE PIECE 740 - La Mossa di Fujitora - Cappello di Paglia in Pericolo  Dressrosa Arc   Baroque Works  mkv.mkv,One Piece
NCIS New Orleans 6x02 Il Dilemma Terminator ITA DLMux x264-UBi mkv.mkv,NCIS New Orleans
MacGyver 2016 4x05 Undici Metri ITA DLMux x264-UBi mkv.mkv,Mac Gyver
Once upon a time 1x07 Il cacciatore ITA-ENG 720p DLMux DD5 1 h264-DarkSideMux mkv.mkv,Once Upon a Time
Dexter Original Sin 1x03 Miami Vice ITA DLMux x264-WRM mkv.mkv,Dexter
Il Trono Di Spade 4x07 Il Campione ITA HDTVMux x264-iGM mp4.mp4,Trono di Spade
NCIS New Orleans 6x19 L Inganno Perfetto ITA DLMux x264-UBi mkv.mkv,NCIS New Orleans
Bull 1x06 Rapporto Medico Paziente ITA HDTVRip x264-UBi mkv.mkv,Bull
Criminal Minds 16x10 Vicolo Cieco ITA DLMux x264-UBi mkv.mkv,Criminal Minds
Bones S04 rar.rar,Bones
L Attacco Dei Giganti 3x13 La Citta Dove Tutto Inizio iTA AC3 WEBMux x264-ADE CreW mkv.mkv,Attacco dei Giaganti
C Era Una Volta 2x15 La Regina E Morta iTALiAN DLMux x264-UBi forced srt.srt,Once Upon a Time
Bones 7x03 Giocattoli preziosi iTALiAN BDMux x264-DarkSideMux mp4.mp4,Bones
Il Trono Di Spade 1x05 Il Lupo E Il Leone iTALiAN HDTVMux-DarkSideMux avi.avi,Trono di Spade
Il Trono Di Spade 6x10 I Venti Dell Inverno ITA DLMux x264-NovaRip mkv.mkv,Trono di Spade
Obi-Wan Kenobi 1x04 Parte IV ITA DLMux x264-UBi mkv.mkv,OBI ONE
Anime BDmux ITA-JAP  ONE PIECE 641 - Un Mondo Sconosciuto Il Regno di Tontatta  Dressrosa Arc   Baroque Works  mkv.mkv,One Piece
The Good Doctor 5x07 Solo Bugie ITA DLMux x264-UBi mkv.mkv,The Good Doctor
Criminal Minds 16x01 E Solo L Inizio ITA DLMux x264-UBi mkv.mkv,Criminal Minds
Bosch Legacy 1x04 Ferri Di Cavallo E Bombe A Mano iTA AC3 WEBMux x264-ADE CreW 1  mkv.mkv,Bosch
Roma 1x02 - Come Tito Pullo rovesciò la repubblica - DVD Rip ITA-eng by Ken avi.avi,Roma
Once Upon A Time 1x21 Una Mela Rosso Sangue ITA ENG DLmux-Pir8 en srt.srt,Once Upon a Time
Bones 9x20 La Ragazza Nel Bosco ITA DLMux x264-NovaRip mkv.mkv,Bones
NCIS New Orleans 6x01 Mosse False ITA DLMux x264-UBi mkv.mkv,NCIS New Orleans
L Attacco Dei Giganti 4x15 L Unica Salvezza iTA AC3 WEBMux x264-ADE CreW mkv.mkv,Attacco dei Giaganti
Bull 2x20 Amore Malato ITA HDTVRip x264-UBi mkv.mkv,Bull
Anime BDmux ITA-JAP  ONE PIECE 706 - Corazon - Il Sacrificio di un Uomo Gentile !  Dressrosa Arc   Baroque Works  mkv.mkv,One Piece
C Era Una Volta 2x20 La Regina Cattiva iTALiAN DLMux x264-UBi mp4.mp4,Once Upon a Time
La Terra Dopo L'Uomo 1x07 Le citta del peccato  History Channel 2010  avi.avi,La terra Dopo L uomo
NCIS Los Angeles 14x17 Ieri Oggi Domani ITA DLMux x264-UBi mkv.mkv,NCIS Los Angeles
L Attacco Dei Giganti 4x10 Buoni Argomenti iTA AC3 WEBMux x264-ADE CreW mkv.mkv,Attacco dei Giaganti
NCIS Los Angeles 12x09 Fatto Compiuto ITA DLMux x264-UBi mkv.mkv,NCIS Los Angeles
SAINT SEIYA The HADES Chapter-Inferno 05  Blu-ray Mux 1080p x264 AAC Ita-AC3 Jap Sub-Ita  Dohko D G   mkv.mkv,Cavalieri dello Zodiaco
N C I S 20x17 Straniero In Terra Straniera ITA DLMux x264-UBi mkv.mkv,NCIS
Bosch 4x08 Cielo Nero iTA AC3 WEBMux x264-ADE CreW mkv.mkv,Bosch
Blindspot 5x08 Il Cerchio Si Stringe ITA DLMux x264-UBi mkv.mkv,Blindspot
NCIS Los Angeles 13x09 Influencer ITA DLMux x264-UBi mkv.mkv,NCIS Los Angeles
Anime BDmux ITA-JAP  ONE PIECE 651 - Ti Proteggero per Sempre - Rebecca e il Soldatino  Dressrosa Arc   Baroque Works  mkv.mkv,One Piece
Once Upon A Time 5x22 Solo Tu ITA DLMux x264-NovaRip mkv.mkv,Once Upon a Time
Blindspot 5x04 Ricordi ITA DLMux x264-UBi mkv.mkv,Blindspot
NCIS Los Angeles 13x18 Qualcosa Da Nascondere ITA DLMux x264-UBi mkv.mkv,NCIS Los Angeles
Romulus 1x08 Subiectis ITA WEBMux x264-UBi mkv.mkv,Romulus
Bones - 1x11 - Rapimento e riscatto  DVDRip x264 AC3 ITA-ENG SUBS  Tiger mkv.mkv,Bones
NCIS Los Angeles 13x01 Soggetto 17 ITA DLMux x264-UBi mkv.mkv,NCIS Los Angeles
Once Upon A Time 3x20 Kansas ITA DLMux x264-NovaRip mkv.mkv,Once Upon a Time
Il Trono Di Spade 1x10 Fuoco E Sangue iTALiAN HDTVMux-DarkSideMux avi.avi,Trono di Spade
Halo 1x03 Emergence ITA DLMux x264-UBi mkv.mkv,Halo
Once upon a time 1x04 Il Prezzo Della Magia ITA ENG DLmux-Pir8 en srt.srt,Once Upon a Time
The Mandalorian 3x07 Capitolo Ventitre Le Spie ITA DLMux x264-UBi mkv.mkv,The Mandalorian
I Cavalieri Dello Zodiaco 2023 iTALiAN WEBRiP XviD-PRiME mp4.mp4,Romanzo Criminale
Halo 1x02 Unbound ITA DLMux x264-UBi mkv.mkv,Halo
Bosch 7x08 Por Sonia ITA DLMux x264-UBi mkv.mkv,Bosch
L Attacco Dei Giganti 4x01 Al Di La Del Mare iTA AC3 WEBMux x264-ADE CreW mkv.mkv,Attacco dei Giaganti
Anime BDmux ITA-JAP  ONE PIECE 698 - Esplode la Rabbia - Il Piano Segreto di Luffy e Law  Dressrosa Arc   Baroque Works  mkv.mkv,One Piece
NCIS New Orleans 5x01 A Presto ITA DLMux x264-UBi mkv.mkv,NCIS New Orleans
The Shield 2x07 La Vendetta Di Armadillo ITA DVDRip XviD-NovaRip avi.avi,Shield
Bones 4x16 Schiuma ITA BDMux XviD-NovaRip avi.avi,Bones
Once Upon A Time 1x08 Anime Disperate ITA ENG DLmux-Pir8 srt.srt,Once Upon a Time
Person Of Interest 1x23 Apoteosi finale iTALiAN BDMux XviD-DarkSideMux forced srt.srt,Person of Interest
Tsunami  My Hero Academia - 0x14 - Sigla di testa stagione 3#1  Vers senza crediti   DVD RIP 720x576i 25 fps H264  by user-id mkv.mkv,My Hero Academia
Once Upon A Time 1x01 Mai Piu Un Lieto Fine ITA ENG DLmux-Pir8 forced srt.srt,Once Upon a Time
Once Upon A Time 1x19 Il Ritorno ITA ENG DLmux-Pir8 avi.avi,Once Upon a Time
Bones 10x07 Orrore Al Parco Giochi ITA DLMux x264-UBi mkv.mkv,Bones
Willow La Serie 1x01 I Flagelli ITA DLMux x264-UBi mkv.mkv,Willow
Bosch 2x02 Episodio 2 ITA WEBMUX x264-NST mkv.mkv,Bosch
MacGyver 2016 5x12 Nozze Pazze ITA DLMux x264-UBi mkv.mkv,Mac Gyver
Bones 11x20 Il Cadavere Nel Crepaccio ITA DLMux x264-UBi mkv.mkv,Bones
Bones 4x14 Un Fantasma Del Passato ITA BDMux XviD-NovaRip avi.avi,Bones
N C I S 20x10 Gioco Di Squadra Parte 1 ITA DLMux x264-UBi mkv.mkv,NCIS
Bones 12x09 Un Tentativo Disperato ITA DLMux x264-UBi mkv.mkv,Bones
Bones - 2x10 - Il mistero del bosco  DVDRip x264 AC3 ITA-ENG SUBS  Tiger mkv.mkv,Bones
Bones 6x13 Per Amore Del Rischio ITA DLMux XviD-NovaRip avi.avi,Bones
The Shield  S01  04  13  Guerra tra le Bande  ITA  DVDRip  avi.avi,Shield
N C I S 20x19 Supereroi ITA DLMux x264-UBi mkv.mkv,NCIS
Tulsa King 2x01 Di Nuovo In Sella ITA DLMux x264-WRM mkv.mkv,Tulsa
Tulsa King 1x09 Happy Trails ITA DLMux x264-UBi mkv.mkv,Tulsa
See 1x04 Lungo Il Fiume ITA DLMux x264-UBi mkv.mkv,See
C Era Una Volta 2x13 Scricciolo iTALiAN DLMux x264-UBi forced srt.srt,Once Upon a Time
Bull 5x11 Verita E Riconciliazione ITA DLMux x264-UBi mkv.mkv,Bull
N C I S 18x02 Tutto Ha Un Inizio ITA DLMux x264-UBi mkv.mkv,NCIS
Supernatural 15x04 Mostri Atomici ITA REPACK BDMux x264-UBi mkv.mkv,Supernatural
L Attacco Dei Giganti 4x23 Tramonto iTA AC3 WEBMux x264-ADE CreW mkv.mkv,Attacco dei Giaganti
Scissione 1x01 Buone Notizie Sull Inferno ITA DLMux x264-UBi mkv.mkv,Scissione
Person Of Interest 4x17 Karma ITA DLMux x264-NovaRip mkv.mkv,Person of Interest
Bones 10x21 Il Cammino Verso La Luce ITA DLMux x264-UBi mkv.mkv,Bones
Anime BDmux ITA-JAP  ONE PIECE 709 - Hajrudin - L Orgoglio del Gigante  Dressrosa Arc   Baroque Works  mkv.mkv,One Piece
Anime BDmux ITA-JAP  ONE PIECE 732 - Vivere o Morire - Inizia il Conto alla Rovescia  Dressrosa Arc   Baroque Works  mkv.mkv,One Piece
The Shield  S01  Artwork+SubForced  ITA  rar.rar,Shield
Dexter Resurrection 1x01 Il Cuore Batte ITA AMZN DLMux x264-WRM mkv.mkv,Dexter
Anime BDmux ITA-JAP  ONE PIECE 664 - L ' Operazione S o p ha Inizio - Usoland all ' Attacco  Dressrosa Arc   Baroque Works  mkv.mkv,One Piece
Dark Matter 2024 1x04 Il Corridoio ITA DLMux x264-WRM mkv.mkv,Dark Matter
N C I S 19x05 Insoliti Sospetti ITA DLMux x264-UBi mkv.mkv,NCIS
Romulus 1x04 Populus ITA WEBMux x264-UBi mkv.mkv,Romulus
Once Upon A Time 1x17 Il Trucco Del Cappello ITA ENG DLmux-Pir8 en srt.srt,Once Upon a Time
L Attacco Dei Giganti 4x27 Retrospettiva iTA AC3 WEBMux x264-ADE CreW mkv.mkv,Attacco dei Giaganti
Anime BDmux ITA-JAP  ONE PIECE 667 - La Decisione dell ' Ammiraglio - Fujitora VS Doflamingo  Dressrosa Arc   Baroque Works  mkv.mkv,One Piece
Bull 4x02 Un Fantastico Viaggio ITA DLMux x264-UBi mkv.mkv,Bull
HDTVMUX x264 ITA-ENG-JAP AAC SUB ITA-ENG  Naruto Shippuden 160 - Il mistero di Pain by danny11 & LeBlanco mkv.mkv,Naruto Shippuden
N C I S 19x19 L Eta Difficile ITA DLMux x264-UBi mkv.mkv,NCIS
Bones 11x04 Il Pasto Dei Lupi ITA DLMux x264-UBi mkv.mkv,Bones
NCIS New Orleans 5x16 Sopravvissuto ITA DLMux x264-UBi mkv.mkv,NCIS New Orleans
Bones 4x22 La Doppia Morte Del Caro Estinto ITA BDMux XviD-NovaRip avi.avi,Bones
Once Upon A Time 3x22 Nessun Posto E Come Casa ITA DLMux x264-NovaRip mkv.mkv,Once Upon a Time
Il Trono Di Spade 1x02 La Strada Del Re iTALiAN HDTVMux-DarkSideMux avi.avi,Trono di Spade
Tsunami  My Hero Academia - 3x06 - Il vortice del caos  DVD RIP 720x576i 25 fps H264  by user-id mkv.mkv,My Hero Academia
NCIS New Orleans 5x06 Una Libbra Di Carne ITA DLMux x264-UBi mkv.mkv,NCIS New Orleans
Foundation 2x02 Uno Scorcio Di Oscurita ITA DLMux x264-WRM mkv.mkv,Foundation
NCIS Los Angeles 12x05 Chi Non Muore ITA DLMux x264-UBi mkv.mkv,NCIS Los Angeles
Il Trono Di Spade 8x06 Il Trono Di Spade ITA WEBMux x264-UBi mkv.mkv,Trono di Spade
Bones 11x11 Difesa D Ufficio ITA DLMux x264-UBi mkv.mkv,Bones
Bones - 1x05 - Il bambino nel prato  DVDRip x264 AC3 ITA-ENG SUBS  Tiger mkv.mkv,Bones
Dark Matter 2024 1x09 Correlazione ITA DLMux x264-WRM mkv.mkv,Dark Matter
"Anime BDmux ITA-JAP  ONE PIECE 742 - Un,Padre una Figlia - Kyros e Rebecca !  Dressrosa Arc   Baroque Works  mkv.mkv",One Piece
Blindspot 5x11 L Ultimo Caso ITA DLMux x264-UBi mkv.mkv,Blindspot
Anime BDmux ITA-JAP  ONE PIECE 590 - Il Torneo Mondiale di Abbuffate Il piu Ghiotto dei Mari  Special Ccrossover   Baroque Works  mkv.mkv,One Piece
Anime BDmux ITA-JAP  ONE PIECE 675 - Un Incontro Voluto dal Gestino - Kyros e-Re Riku  Dressrosa Arc   Baroque Works  mkv.mkv,One Piece
NCIS Los Angeles 14x15 In Trappola ITA DLMux x264-UBi mkv.mkv,NCIS Los Angeles
L Attacco Dei Giganti 3x17 Il Coraggioso iTA AC3 WEBMux x264-ADE CreW mkv.mkv,Attacco dei Giaganti
Anime BDmux ITA-JAP  ONE PIECE 616 - Imprevedibile Finale ! Smoker Contro Vergo !  Punk Hazard Arc   Baroque Works  mkv.mkv,One Piece
Bones 4x03 Poligamia ITA BDMux XviD-NovaRip avi.avi,Bones
Bones - 1x03 - Al di sopra di ogni sospetto  DVDRip x264 AC3 ITA-ENG SUBS  Tiger mkv.mkv,Bones
Willow La Serie 1x05 Boscotetro ITA DLMux x264-UBi mkv.mkv,Willow
L Attacco Dei Giganti 3x06 Sin iTA AC3 WEBMux x264-ADE CreW mkv.mkv,Attacco dei Giaganti
I Cavalieri Dello Zodiaco - 065 - Excalibur  540p   D^2C  mkv.mkv,Cavalieri dello Zodiaco
Once Upon A Time 4x20 Lily ITA DLMux x264-NovaRip mkv.mkv,Once Upon a Time
NCIS Los Angeles 13x02 La Via Del Guerriero ITA DLMux x264-UBi mkv.mkv,NCIS Los Angeles
Bones 10x01 Le Rivelazioni Del Cadavere ITA DLMux x264-UBi mkv.mkv,Bones
Bosch 1x06 Natale In Famiglia ITA WEBMux x264-NovaRip mkv.mkv,Bosch
Tulsa King 1x06 Vecchio E Testardo ITA DLMux x264-UBi mkv.mkv,Tulsa
Once Upon A Time 5x14 Debito Con Il Diavolo ITA DLMux x264-NovaRip mkv.mkv,Once Upon a Time
Dune 2021 DVD Rip AVC x264 AC3 ITA AAC ENG Subs MF mkv.mkv,Dexter
Roma 2x01 Passaggio DVDMux ITA by moll avi.avi,Roma
Bones 10x20 La Donna Nel Vortice ITA DLMux x264-UBi mkv.mkv,Bones
Once Upon A Time 3x13 Caccia Alla Strega ITA DLMux x264-NovaRip mkv.mkv,Once Upon a Time
Hanno Ucciso l'Uomo Ragno 1x03  2024  aac ITALIAN x264 1920x820p mkv.mkv,Hanno Ucciso L uomo ragno
"Tsunami  I Cavalieri dello zodiaco - 4x09 - Orgoglio e infamia  BD 576p 59,94 fps H264 8 bit AC3 ITA-JAP SUB ITA  by user-id mkv.mkv",Cavalieri dello Zodiaco
Dexter Original Sin 1x07 Il Grosso Problema Del Cadavere ITA AMZN DLMux x264-WRM mkv.mkv,Dexter
Il Trono Di Spade 6x04 Il Libro Dello Straniero ITA DLMux x264-NovaRip mkv.mkv,Trono di Spade
Anime BDmux ITA-JAP  ONE PIECE 712 - La FRuria di Cavendish - Cavallo Bianco vs Dellinger  Dressrosa Arc   Baroque Works  mkv.mkv,One Piece
Person Of Interest 1x12 Il passato alle porte iTALiAN BDMux XviD-DarkSideMux avi.avi,Person of Interest
Bones - 2x17 - Devozione cieca  DVDRip x264 AC3 ITA-ENG SUBS  Tiger mkv.mkv,Bones
Bones 3x15 L Ultimo Discepolo ITA DVDMux XviD-Novarip avi.avi,Bones
Halo 1x07 Inheritance ITA DLMux x264-UBi mkv.mkv,Halo
Once Upon A Time 1x08 Anime Disperate ITA ENG DLmux-Pir8 en srt.srt,Once Upon a Time
Person Of Interest 1x20 La legge del piu forte iTALiAN BDMux XviD-DarkSideMux forced srt.srt,Person of Interest
Bones 6x10 Il Racket Dei Falsi ITA DLMux XviD-NovaRip avi.avi,Bones
See 1x06 I Mostri ITA DLMux x264-UBi mkv.mkv,See
Person Of Interest 4x08 Punto Di Origine ITA DLMux x264-NovaRip mkv.mkv,Person of Interest
Anime BDmux ITA-JAP  ONE PIECE 642 - La Mossa di Doflamingo L ' Inganno del Secolo !  Dressrosa Arc   Baroque Works  mkv.mkv,One Piece
House Of The Dragon 1x08 Il Lord Delle Maree ITA DLMux x264-UBi mkv.mkv,House of Dragon
Bones 4x01 4x02 Due Americani A Londra ITA BDMux XviD-NovaRip avi.avi,Bones
Bull 1x01 La Collana ITA HDTVRip x264-UBi mkv.mkv,Bull
Bull 5x16 Fidati Di Me ITA DLMux x264-UBi mkv.mkv,Bull
Person Of Interest 2x20 In Extremis ITA DLMux x264-NovaRip mkv.mkv,Person of Interest
The Shield 2x01 Oltre Il Confine ITA DVDRip XviD-NovaRip avi.avi,Shield
The Good Doctor 5x06 Un Cuore ITA DLMux x264-UBi mkv.mkv,The Good Doctor
SAINT SEIYA The HADES Chapter-Inferno 03  Blu-ray Mux 1080p x264 AAC Ita-AC3 Jap Sub-Ita  Dohko D G   mkv.mkv,Cavalieri dello Zodiaco
Silo 1x03 Macchine ITA DLMux x264-UBi mkv.mkv,Silo
Bones 6x08 Le Ossa Non Mentono Mai ITA DLMux XviD-NovaRip avi.avi,Bones
SAINT SEIYA The HADES Chapter-Inferno 10  Blu-ray Mux 1080p x264 AAC Ita-AC3 Jap Sub-Ita  Dohko D G   mkv.mkv,Cavalieri dello Zodiaco
Bosch 1x09 Il Castello Magico ITA WEBMux x264-NovaRip mkv.mkv,Bosch
Il Trono Di Spade 7x07 Il Drago E Il Lupo ITA WEBMux x264-UBi mkv.mkv,Trono di Spade
"HDTVMUX x264 ITA-ENG-JAP AAC SUB ITA-ENG  Naruto Shippuden 161 - Cognome Sarutobi, nome Konohamaru by danny11 & LeBlanco V2 mkv.mkv",Naruto Shippuden
Bones 6x21 Sola Contro Tutti ITA DLMux XviD-NovaRip avi.avi,Bones
Bones 11x02 Ritorno Al Jeffersonian ITA DLMux x264-UBi mkv.mkv,Bones
House Of The Dragon 1x05 Noi Illuminiamo La Via ITA DLMux x264-UBi mkv.mkv,House of Dragon
Bones 10x16 Cibo Cucina E Morte ITA DLMux x264-UBi mkv.mkv,Bones
Bull 5x04 Ex Factor ITA DLMux x264-UBi mkv.mkv,Bull
SAINT SEIYA The HADES Chapter-Inferno 11  Blu-ray Mux 1080p x264 AAC Ita-AC3 Jap Sub-Ita  Dohko D G   mkv.mkv,Cavalieri dello Zodiaco
Anime BDmux ITA-JAP  ONE PIECE 728 - Il Leo Bazooka ! Attacco di Luffy alla Massima Potenza  Dressrosa Arc   Baroque Works  mkv.mkv,One Piece
The Shield 2x13 Il Giorno Cruciale ITA DVDRip XviD-NovaRip avi.avi,Shield
The Good Doctor 5x10 La Rinascita ITA DLMux x264-UBi mkv.mkv,The Good Doctor
The Good Doctor 5x17 Lo Show Di Lea ITA DLMux x264-UBi mkv.mkv,The Good Doctor
Bosch 6x07 Rancori iTA AC3 WEBMux x264-ADE CreW mkv.mkv,Bosch
CSI Vegas 1x05 Alta Quota ITA DLMux x264-UBi mkv.mkv,CSI
L Attacco Dei Giganti 4x12 Guide iTA AC3 WEBMux x264-ADE CreW mkv.mkv,Attacco dei Giaganti
Once Upon A Time 1x10 07 15 Del Mattino ITA ENG DLmux-Pir8 en srt.srt,Once Upon a Time
Dexter New Blood 1x04 Miami ITA DLMux x264-UBi mkv.mkv,Dexter
MacGyver 2016 4x04 Corsa Contro Il Tempo ITA DLMux x264-UBi mkv.mkv,Mac Gyver
OPF-Italia  One Piece 723 HD  sub ita  mp4.mp4,Bones
N C I S 20x21 Merce Di Scambio ITA DLMux x264-UBi mkv.mkv,NCIS
Anime BDmux ITA-JAP  ONE PIECE 661 - Scontro Nella Flotta dei sette ! Law VS Doflamingo  Dressrosa Arc   Baroque Works  mkv.mkv,One Piece
Once Upon A Time 4x01 Storia Di Due Sorelle ITA DLMux x264-NovaRip mkv.mkv,Once Upon a Time
Gomorra La Serie 5x04 iTALiAN AC3 SatRip 1080p x264 by Alex69Picci mkv.mkv,Gomorra
Bones 6x15 Il Killer Nel Mirino ITA DLMux XviD-NovaRip avi.avi,Bones
Dexter - New Blood - 1x05 - In fuga WEBMux 720p x264 AC3 ITA E-AC3 ENG SUBS Tiger mkv.mkv,Dexter
Bones 6x22 Dritto Al Cuore ITA DLMux XviD-NovaRip avi.avi,Bones
The Day Of The Jackal 1x05 Episodio 5 ITA DLMux x264-WRM mkv.mkv,Day of the jackal
Foundation 2x10 Miti Della Creazione ITA DLMux x264-WRM mkv.mkv,Foundation
Person Of Interest 2x18 All In ITA DLMux x264-NovaRip mkv.mkv,Person of Interest
Once Upon A Time 1x09 La Bussola ITA ENG DLmux-Pir8 avi.avi,Once Upon a Time
Once Upon A Time 1x20 Lo Sconosciuto ITA ENG DLmux-Pir8 avi.avi,Once Upon a Time
The Northman 2022 iTALiAN MD WEBDL XviD-WRS avi.avi,Romanzo Criminale
Bones 7x04 L ultima spedizione iTALiAN BDMux x264-DarkSideMux mp4.mp4,Bones
Once Upon A Time 1x01 Mai Piu Un Lieto Fine ITA ENG DLmux-Pir8 en srt.srt,Once Upon a Time
Halo 2x08 Halo ITA DLMux x264-WRM mkv.mkv,Halo
NCIS Los Angeles 12x13 Lo Scambio ITA DLMux x264-UBi mkv.mkv,NCIS Los Angeles
Bones 6x09 Vite Parallele ITA DLMux XviD-NovaRip avi.avi,Bones
Romanzo Criminale 2x07 Episodio 7 iTALiAN BDRip XviD-DarkSideMux avi.avi,Romanzo Criminale
Person Of Interest 2x15 Tutto Prenotato ITA DLMux x264-NovaRip mkv.mkv,Person of Interest
N C I S 20x20 Perfetti Disaccordi ITA DLMux x264-UBi mkv.mkv,NCIS
Tulsa King 2x09 Triade ITA DLMux x264-WRM mkv.mkv,Tulsa
Anime BDmux ITA-JAP  ONE PIECE 693 - Manshelly - La Principessa Prigioniera  Dressrosa Arc   Baroque Works  mkv.mkv,One Piece
La Terra Dopo L'Uomo 1x03 Il declino dell'Impero Americano  History Channel 2010  avi.avi,La terra Dopo L uomo
NCIS Los Angeles 14x13 Il Socio ITA DLMux x264-UBi mkv.mkv,NCIS Los Angeles
Bones 12x12 Capitolo Finale ITA DLMux x264-UBi mkv.mkv,Bones
Il Trono Di Spade 8x01 Grande Inverno ITA WEBMux h264-UBi mkv.mkv,Trono di Spade
Bones 3x01 Un Collega Insostituibile ITA DVDMux XviD-Novarip avi.avi,Bones
Il Trono Di Spade 3x10 Mhysa ITA WEB-DLMux x264-UPZ forced srt.srt,Trono di Spade
Halo 2x03 Visegrad ITA DLMux x264-WRM mkv.mkv,Halo
NCIS Los Angeles 14x07 Selezione Innaturale ITA DLMux x264-UBi mkv.mkv,NCIS Los Angeles
C Era Una Volta 2x01 Spezzato iTALiAN DLMux x264-UBi mp4.mp4,Once Upon a Time
Bones - 2x21 - Solo per amore  DVDRip x264 AC3 ITA-ENG SUBS  Tiger mkv.mkv,Bones
Tsunami  My Hero Academia - 0x17 - Sigla di coda stagione 3#2  Vers senza crediti   DVD RIP 720x576i 25 fps H264  by user-id mkv.mkv,My Hero Academia
Bosch 1x02 Segreti Sepolti ITA WEBMux x264-NovaRip mkv.mkv,Bosch
Bones 6x19 La Mappa Del Tesoro ITA DLMux XviD-NovaRip avi.avi,Bones
House Of The Dragon 1x02 Il Principe Canaglia ITA DLMux x264-UBi mkv.mkv,House of Dragon
Once upon a time 1x02 La cosa che piu ami ITA ENG DLmux-Pir8 en srt.srt,Once Upon a Time
Tulsa King 2x06 La Navigator ITA DLMux x264-WRM mkv.mkv,Tulsa
SAINT SEIYA The HADES Chapter-Inferno 02  Blu-ray Mux 1080p x264 AAC Ita-AC3 Jap Sub-Ita  Dohko D G   mkv.mkv,Cavalieri dello Zodiaco
Anime BDmux ITA-JAP  ONE PIECE 744 - Senza Via di Scampo - L Inseguimento di Fujitora !  Dressrosa Arc   Baroque Works  mkv.mkv,One Piece
Anime BDmux ITA-JAP  ONE PIECE 595 - Catturare il Master ! Il Primo Obiettivo dell ' Alleanza Pirata  Punk Hazard Arc   Baroque Works  mkv.mkv,One Piece
Person Of Interest 3x11 L Oblio ITA WEB-DLMux x264-iGM srt.srt,Person of Interest
Bones - 1x06 - La mummia  DVDRip x264 AC3 ITA-ENG SUBS  Tiger mkv.mkv,Bones
C Era Una Volta 2x06 Tallahassee iTALiAN DLMux x264-UBi mp4.mp4,Once Upon a Time
Bones 11x10 Un Esplosione Di Paura ITA DLMux x264-UBi mkv.mkv,Bones
Bones 7x10 Una vita di umiliazioni iTALiAN BDMux x264-DarkSideMux mp4.mp4,Bones
Bones - 2x15 - Delitto per delitto  DVDRip x264 AC3 ITA-ENG SUBS  Tiger mkv.mkv,Bones
N C I S 20x15 La Curva Dei Tuoi Giorni ITA DLMux x264-UBi mkv.mkv,NCIS
Bull 1x18 Vestito Per Uccidere ITA HDTVRip x264-UBi mkv.mkv,Bull
Il Trono Di Spade 4x05 L Ultima Notte Dei Ribelli ITA HDTVMux x264-iGM mp4.mp4,Trono di Spade
Bones 12x06 La Sega Difettosa ITA DLMux x264-UBi mkv.mkv,Bones
Bull 6x13 La Strada Piu Difficile ITA DLMux x264-UBi mkv.mkv,Bull
Fondazione 3x06 La Forma Del Tempo ITA ATVP DLMux x264-WRM mkv.mkv,Foundation
Silo 1x04 Verita ITA DLMux x264-UBi mkv.mkv,Silo
Anime BDmux ITA-JAP  ONE PIECE 726 - Gear Fourth ! Boundman !  Dressrosa Arc   Baroque Works  mkv.mkv,One Piece
Roma 1x11 - I resti - DVD Rip ITA-eng by Ken avi.avi,Roma
Dexter Original Sin 1x02 Un Bambino In Un Negozio Di Caramelle ITA DLMux x264-WRM mkv.mkv,Dexter
Anime BDmux ITA-JAP  ONE PIECE 729 - Proteggere Luffy - La Vampata del Re dei Draghi !  Dressrosa Arc   Baroque Works  mkv.mkv,One Piece
C Era Una Volta 2x18 Impavido Sincero E Altruista iTALiAN DLMux x264-UBi mp4.mp4,Once Upon a Time
NCIS Los Angeles 14x10 Gioco Di Squadra Parte 3 ITA DLMux x264-UBi mkv.mkv,NCIS Los Angeles
Bull 6x07 Uomo Di Fiducia ITA DLMux x264-UBi mkv.mkv,Bull
NCIS New Orleans-04x23-24-Scacco Matto- SERIE TV  SATRip Storm-AsTrA avi.avi,NCIS New Orleans
L Attacco Dei Giganti 3x10 Friends iTA AC3 WEBMux x264-ADE CreW mkv.mkv,Attacco dei Giaganti
Anime BDmux ITA-JAP  ONE PIECE 609 - Luffy in Difficolta ! La Gelida Morsa di Monet !  Punk Hazard Arc   Baroque Works  mkv.mkv,One Piece
The Good Doctor 5x14 Il Rinfresco ITA DLMux x264-UBi mkv.mkv,The Good Doctor
Bull 6x15 L Angelo Della Morte ITA DLMux x264-UBi mkv.mkv,Bull
Person Of Interest 3x17 Il Chip ITA WEB-DLMux x264-iGM mp4.mp4,Person of Interest
Silo 1x02 La Scelta Di Holston ITA DLMux x264-UBi mkv.mkv,Silo
The Day Of The Jackal 1x02 Episodio 2 ITA DLMux x264-WRM mkv.mkv,Day of the jackal
Person Of Interest 5x08 Epidemia ITA BDMux x264-NovaRip mkv.mkv,Person of Interest
Bull 1x16 Caduta Libera ITA HDTVRip x264-UBi mkv.mkv,Bull
Supernatural 15x13 La Figlia Del Destino ITA BDMux x264-UBi mkv.mkv,Supernatural
L Attacco Dei Giganti 4x19 Fratelli Maggiori E Fratelli Minori iTA AC3 WEBMux x264-ADE CreW mkv.mkv,Attacco dei Giaganti
Person Of Interest 1x15 Il codice blu iTALiAN BDMux XviD-DarkSideMux avi.avi,Person of Interest
Person Of Interest 1x08 Oltre il muro iTALiAN BDMux XviD-DarkSideMux avi.avi,Person of Interest
NCIS New Orleans 5x07 Cani Da Pastore ITA DLMux x264-UBi mkv.mkv,NCIS New Orleans
Anime BDmux ITA-JAP  ONE PIECE 702 - Doflamingo ! Il Tragico Passato del Drago Celeste  Dressrosa Arc   Baroque Works  mkv.mkv,One Piece
Bones 5x17 Morte Di Una Reginetta ITA WEB-DL Mux XviD-NovaRip avi.avi,Bones
The Shield  S01  06  13  Il Killer delle Prostitute  ITA  DVDRip  avi.avi,Shield
Anime BDmux ITA-JAP  ONE PIECE 743 - L Orgoglio di un Uomo - Luffy VS Fujitora  Dressrosa Arc   Baroque Works  mkv.mkv,One Piece
Bull 3x03 Istinto Vs Ragione ITA DLMux x264-UBi mkv.mkv,Bones
Once upon a time 1x15 Mani rosso sangue ITA-ENG 720p DLMux DD5 1 h264-DarkSideMux mkv.mkv,Once Upon a Time
Il Trono Di Spade 4x10 I Figli Della Foresta ITA HDTVMux x264-iGM srt.srt,Trono di Spade
SAINT SEIYA The HADES Chapter-Elysion 03  Blu-ray Mux 1080p x264 AAC Ita-AC3 Jap Sub-Ita  Dohko D G   mkv.mkv,Cavalieri dello Zodiaco
SAINT SEIYA The HADES Chapter Sanctuary 03  Blu-ray Mux 1080p x264 AAC Ita-AC3 Jap Sub Ita  Dohko D G   mkv.mkv,Cavalieri dello Zodiaco
Person Of Interest 3x13 Posto 4C ITA WEB-DLMux x264-iGM mp4.mp4,Person of Interest
Anime BDmux ITA-JAP  ONE PIECE 748 - I Prigionieri Della Miniera - Luffy VS Averon  Dressrosa Arc   Baroque Works  mkv.mkv,One Piece
Once Upon A Time 1x21 Una Mela Rosso Sangue ITA ENG DLmux-Pir8 srt.srt,Once Upon a Time
Anime BDmux ITA-JAP  ONE PIECE 733 - King Kong Gun - L Ira di Luffy nel Cielo  Dressrosa Arc   Baroque Works  mkv.mkv,One Piece
NCIS New Orleans 6x06 Matteo 5 9 ITA DLMux x264-UBi mkv.mkv,NCIS New Orleans
Bosch 4x01 Chiedilo Alla Polvere iTA AC3 WEBMux x264-ADE CreW mkv.mkv,Bosch
Person Of Interest 5x04 Simulazione 6 741 ITA BDMux x264-NovaRip mkv.mkv,Person of Interest
L Attacco Dei Giganti 4x06 Il Gigante Martello iTA AC3 WEBMux x264-ADE CreW mkv.mkv,Attacco dei Giaganti
Il Trono Di Spade 4x03 La Fuga ITA HDTVMux x264-iGM mp4.mp4,Trono di Spade
Bosch 1x05 Cocco Di Mamma ITA WEBMux x264-NovaRip mkv.mkv,Bosch
NCIS Los Angeles 13x04 Il Caro Estinto ITA DLMux x264-UBi mkv.mkv,NCIS Los Angeles
Dexter Resurrection 1x09 Il Tocco Di Angel ITA AMZN DLMux x264-WRM mkv.mkv,Dexter
Person Of Interest 4x01 Un Numero Nuovo ITA DLMux x264-NovaRip mkv.mkv,Person of Interest
HDTVMUX x264 ITA-ENG-JAP AAC SUB ITA-ENG  Naruto Shippuden 175 - L'eroe della Foglia by danny11 & Summoner mkv.mkv,Naruto Shippuden
Bones 9x01 Il Corpo Nel Condizionatore ITA DLMux x264-NovaRip mkv.mkv,Bones
Bones 7x07 Un cadavere nello scarico iTALiAN BDMux XviD-DarkSideMux forced srt.srt,Bones
Bosch 5x10 Il Verme Ha Macchiato La Sua Vittima iTA AC3 DLMux x264-ADE CreW mkv.mkv,Bosch
Il Trono Di Spade 2x09 L Assedio ITA ENG DLMux XviD-Pir8 it srt.srt,Trono di Spade
See 1x08 La Casa Del Chiarore ITA DLMux x264-UBi mkv.mkv,See
Anime BDmux ITA-JAP  ONE PIECE 718 - Avanzata a Sorpresa - L Attacco di Pica !  Dressrosa Arc   Baroque Works  mkv.mkv,One Piece
Foundation 1x01 La Pace Dell Imperatore ITA DLMux x264-UBi mkv.mkv,Foundation
Once Upon A Time 3x15 Menti Silenziose ITA DLMux x264-NovaRip mkv.mkv,Once Upon a Time
Anime BDmux ITA-JAP  ONE PIECE 736 - Il Mondo Trema - La Generazione Peggiore !  Dressrosa Arc   Baroque Works  mkv.mkv,One Piece
N C I S 19x15 Il Lato Buono ITA DLMux x264-UBi mkv.mkv,NCIS
Dexter - New Blood - 1x10 - I peccati del padre  WEBMux 720p x264 AC3 ITA E-AC3 ENG SUBS  Tiger mkv.mkv,Dexter
Bosch 6x01 Il Belvedere iTA AC3 WEBMux x264-ADE CreW mkv.mkv,Bosch
Bull 3x06 Inferno In Cucina ITA DLMux x264-UBi mkv.mkv,Bull
Il Trono Di Spade 1x08 La guerra alle porte iTALiAN HDTVMux-DarkSideMux forced srt.srt,Trono di Spade
N C I S 20x11 Ponti ITA DLMux x264-UBi mkv.mkv,NCIS
Person Of Interest 5x05 Rilevaspari ITA BDMux x264-NovaRip mkv.mkv,Person of Interest
Once Upon A Time 5x01 La Signora Oscura ITA DLMux x264-NovaRip mkv.mkv,Once Upon a Time
L Attacco Dei Giganti 3x11 Bystander iTA AC3 WEBMux x264-ADE CreW mkv.mkv,Attacco dei Giaganti
Once Upon A Time 1x03 La Cosa Giusta Da Fare ITA ENG DLmux-Pir8 en srt.srt,Once Upon a Time
Bosch 6x06 L Ace Hotel iTA AC3 WEBMux x264-ADE CreW mkv.mkv,Bosch
Bones 4x24 Morte Di Una Mascotte ITA BDMux XviD-NovaRip avi.avi,Bones
Anime BDmux ITA-JAP  ONE PIECE 640 - All' Avventura ! Green Bit L'isola dei Folletti  Dressrosa Arc   Baroque Works  mkv.mkv,One Piece
CSI Vegas 1x04 Alla Brace ITA DLMux x264-UBi mkv.mkv,CSI
L Attacco Dei Giganti 3x19 La Cantina iTA AC3 WEBMux x264-ADE CreW mkv.mkv,Attacco dei Giaganti
Bones 4x25 Voglia Di Maternita ITA BDMux XviD-NovaRip avi.avi,Bones
"Tsunami  I Cavalieri dello zodiaco - 4x13 - L'alba della decisione finale  BD 576p 59,94 fps H264 8 bit AC3 ITA-JAP SUB ITA  by user-id mkv.mkv",Cavalieri dello Zodiaco
Person Of Interest 2x22 Fuori Tempo Massimo ITA DLMux x264-NovaRip mkv.mkv,Person of Interest
Il Trono Di Spade 2x10 Chiunque Puo Essere Ucciso ITA ENG DLMux XviD-Pir8 it srt.srt,Trono di Spade
Anime BDmux ITA-JAP  ONE PIECE 701 - Tristi Rricordi - Law il Ragazzo della Citta Bianca !  Dressrosa Arc   Baroque Works  mkv.mkv,One Piece
Bones 7x05 Cacciatori di tempeste iTALiAN BDMux x264-DarkSideMux mp4.mp4,Bones
Once Upon A Time 1x12 Belle ITA ENG DLmux-Pir8 srt.srt,Once Upon a Time
NCIS Los Angeles 12x03 Karen La Belva ITA DLMux x264-UBi mkv.mkv,NCIS Los Angeles
Bones 10x10 200 Candeline ITA DLMux x264-UBi mkv.mkv,Bones
Bones 11x19 Omicidio Sul Ghiaccio ITA DLMux x264-UBi mkv.mkv,Bones
NCIS Los Angeles 14x20 Un Nuovo Inizio Prima Parte ITA DLMux x264-UBi mkv.mkv,NCIS Los Angeles
Anime BDmux ITA-JAP  ONE PIECE 611 - Entra in Scena Momonosuke ! Il Piccolo Drago  Punk Hazard Arc   Baroque Works  mkv.mkv,One Piece
Il Trono Di Spade 3x03 Il Cammino Del Supplizio iTALiAN DLMux x264-UBi mp4.mp4,Trono di Spade
Once Upon A Time 3x10 La Nuova Isola Che Non C E ITA DLMux x264-NovaRip mkv.mkv,Once Upon a Time
Bones 10x15 Occhio Dal Cielo ITA DLMux x264-UBi mkv.mkv,Bones
NCIS Los Angeles 14x08 Brucia La Citta ITA DLMux x264-UBi mkv.mkv,NCIS Los Angeles
The Last of Us 1x03 Molto Molto Tempo ITA DLMux x264-UBi mkv.mkv,The last of us
Forever 1x01 Una Lunga Storia ITA DLMux x264-NovaRip mkv.mkv,Forever
NCIS Los Angeles 12x02 Crimini Di Guerra ITA DLMux x264-UBi mkv.mkv,NCIS Los Angeles
SAINT SEIYA The HADES Chapter-Inferno 07  Blu-ray Mux 1080p x264 AAC Ita-AC3 Jap Sub-Ita  Dohko D G   mkv.mkv,Cavalieri dello Zodiaco
Person Of Interest 1x22 Niente buone azioni iTALiAN BDMux XviD-DarkSideMux avi.avi,Person of Interest
Anime BDmux ITA-JAP  ONE PIECE 620 - Situazione Disperata ! Fuga da Punk Hazard !  Punk Hazard Arc   Baroque Works  mkv.mkv,One Piece
L Attacco Dei Giganti 4x02 Il Treno Di Mezzanotte iTA AC3 WEBMux x264-ADE CreW mkv.mkv,Attacco dei Giaganti
Obi-Wan Kenobi 1x03 Parte III ITA DLMux x264-UBi mkv.mkv,OBI ONE
Anime BDmux ITA-JAP  ONE PIECE 720 - Bellamy ! La Mossa Finale !  Dressrosa Arc   Baroque Works  mkv.mkv,One Piece
HDTVMUX x264 ITA-ENG-JAP AAC SUB ITA-ENG  Naruto Shippuden 155 - La prima sfida by danny11 & LeBlanco mkv.mkv,Naruto Shippuden
The Good Wife - 6x17 - Destinatari Ignoti DLMux ITA-ENG  Whitegandalf  mkv.mkv,The Good Wife
NCIS Hawaii 2x10 Gioco Di Squadra Parte 2 ITA DLMux x264-UBi mkv.mkv,NCIS New Orleans
Bull 1x12 La Sindrome Di Stoccolma ITA HDTVRip x264-UBi mkv.mkv,Bull
"Tsunami  I Cavalieri dello zodiaco - 4x12 - L'Armatura di Atena  BD 576p 59,94 fps H264 8 bit AC3 ITA-JAP SUB ITA  by user-id mkv.mkv",Cavalieri dello Zodiaco
Bones 4x17 Amiche Per La Pelle ITA BDMux XviD-NovaRip srt.srt,Bones
Person Of Interest 1x01 La macchina della conoscenza iTALiAN BDMux XviD-DarkSideMux avi.avi,Person of Interest
Bones Stagione 3 Cover DVD ita uto bmp jpg.jpg,Bones
Anime BDmux ITA-JAP  ONE PIECE 637 - Rivalita tra Guerrieri ! Blocco B ad Alta Tensione!  Dressrosa Arc   Baroque Works  mkv.mkv,One Piece
Bones 5x10 Babbo Natale E La Bomba ITA WEB-DL Mux XviD-NovaRip avi.avi,Bones
Hanno Ucciso l'Uomo Ragno 1x08 Episodio 8 ITA WEB-DLRip x264-UBi mkv.mkv,Hanno Ucciso L uomo ragno
NCIS Los Angeles 12x10 Tale Padre Tale Figlia ITA DLMux x264-UBi mkv.mkv,NCIS Los Angeles
Anime BDmux ITA-JAP  ONE PIECE 630 - Dressrosa! Il Paese dell ' Amore e della Passione  Dressrosa Arc   Baroque Works  mkv.mkv,One Piece
Once upon a time 1x21 Una mela rosso sangue ITA-ENG 720p DLMux DD5 1 h264-DarkSideMux mkv.mkv,Once Upon a Time
Bosch Legacy 1x05 Piano B iTA AC3 WEBMux x264-ADE CreW mkv.mkv,Bosch
The Shield  S01  11  13  Tentato Suicidio  ITA  DVDRip  avi.avi,Shield
Anime BDmux ITA-JAP  ONE PIECE 597 - Sfida-Pericolosa ! Il Vero Potere di Caesar Clown  Punk Hazard Arc   Baroque Works  mkv.mkv,One Piece
N C I S 20x09 Morte Nel Campus ITA DLMux x264-UBi mkv.mkv,NCIS
Bones - 2x06 - Immunita diplomatica  DVDRip x264 AC3 ITA-ENG SUBS  Tiger mkv.mkv,Bones
Person Of Interest 5x11 Attacco Al Presidente ITA BDMux x264-NovaRip mkv.mkv,Person of Interest
Bosch 6x08 L Emulatore iTA AC3 WEBMux x264-ADE CreW mkv.mkv,Bosch
NCIS New Orleans 5x04 Di Padre In Figlio ITA DLMux x264-UBi mkv.mkv,NCIS New Orleans
Anime BDmux ITA-JAP  ONE PIECE 672 - L Ultima Speranza - Il Segreto del Comandante !  Dressrosa Arc   Baroque Works  mkv.mkv,One Piece
Person Of Interest 1x09 Gli occhi su Carter iTALiAN BDMux XviD-DarkSideMux forced srt.srt,Person of Interest
House Of The Dragon 1x07 Driftmark ITA DLMux x264-UBi mkv.mkv,House of Dragon
Bones 5x06 L Uomo Pollo ITA WEB-DL Mux XviD-NovaRip avi.avi,Bones
Bones 9x05 La Lista Dei Desideri ITA DLMux x264-NovaRip mkv.mkv,Bones
Forever 1x03 La Fonte Della Giovinezza ITA DLMux x264-NovaRip mkv.mkv,Forever
Il Trono Di Spade 4x08 La Vipera E La Montagna ITA HDTVMux x264-iGM srt.srt,Trono di Spade
Person Of Interest 4x09 La Cassaforte ITA DLMux x264-NovaRip mkv.mkv,Person of Interest
The Good Doctor 5x12 Periodo Di Siccita ITA DLMux x264-UBi mkv.mkv,The Good Doctor
Dark Matter 2024 1x07 Nel Fuoco Delle Stelle Morte ITA DLMux x264-WRM mkv.mkv,Dark Matter
Bull 1x14 Top Secret ITA HDTVRip x264-UBi mkv.mkv,Bull
Bones 10x18 All Ultimo Istante ITA DLMux x264-UBi mkv.mkv,Bones
The Shield 2x12 Problemi Per Vic ITA DVDRip XviD-NovaRip avi.avi,Shield
Once Upon A Time 1x09 La Bussola ITA ENG DLmux-Pir8 srt.srt,Once Upon a Time
Blindspot 5x03 L Unione Fa La Forza ITA DLMux x264-UBi mkv.mkv,Blindspot
Bosch Legacy 1x08 Linea Di Sangue iTA AC3 WEBMux x264-ADE CreW mkv.mkv,Bosch
Person Of Interest 3x08 Partita Finale ITA WEB-DLMux x264-iGM mp4.mp4,Person of Interest
Person Of Interest 1x05 Il giudizio iTALiAN BDMux XviD-DarkSideMux forced srt.srt,Person of Interest
CSI Vegas 1x03 Sotto La Pelle ITA DLMux x264-UBi mkv.mkv,CSI
Bull 3x21 Arriva L Uragano ITA DLMux x264-UBi mkv.mkv,Bull
House Of The Dragon 1x01 Gli Eredi Del Drago ITA Repack DLMux x264-UBi mkv.mkv,House of Dragon
The Mandalorian 3x06 Capitolo Ventidue Mercenari ITA DLMux x264-UBi mkv.mkv,The Mandalorian
Il Trono Di Spade 2x04 Il Giardino Di Ossa ITA ENG DLMux XviD-Pir8 en srt.srt,Trono di Spade
Bones 11x16 Note Stonate ITA DLMux x264-UBi mkv.mkv,Bones
Anime BDmux ITA-JAP  ONE PIECE 684 - Tutti Verso il Palazzo Reale ! Luffy e la Grande Armata  Baroque Works  mkv.mkv,One Piece
Bosch 3x08 Aye Papi iTA AAC WEBRip x264-ADE CreW mkv.mkv,Bosch
Once Upon A Time 5x20 Il Vero Amore ITA DLMux x264-NovaRip mkv.mkv,Once Upon a Time
MacGyver 2016 4x09 Cattive Ragazze ITA REPACK DLMux x264-UBi mkv.mkv,Mac Gyver
Bull 4x17 La Donna Invisibile ITA DLMux x264-UBi mkv.mkv,Bull
C Era Una Volta 2x21 Seconda Stella A Destra ITA WEB-DLMux x264-UPZ forced srt.srt,Once Upon a Time
Bull 1x09 A Fuoco Al Fuoco ITA HDTVRip x264-UBi mkv.mkv,Bull
Forever 1x06 L Aspetto Frustrante Degli Psicopatici ITA DLMux x264-NovaRip mkv.mkv,Forever
Once upon A Time 1x11 Il Frutto dell Albero Avvelenato ITA ENG DLmux-Pir8 en srt.srt,Once Upon a Time
Silo 1x07 I Guardiafiamma ITA DLMux x264-UBi mkv.mkv,Silo
See 1x03 Il Tempo Della Verita ITA DLMux x264-UBi mkv.mkv,See
Shogun 2024 1x09 Cielo Cremisi ITA DLMux x264-WRM mkv.mkv,Shogun
Anime BDmux ITA-JAP  ONE PIECE 697 - Un Colpo da Cecchino - L Uomo che Salvera Dressrosa  Dressrosa Arc   Baroque Works  mkv.mkv,One Piece
Once upon a time 1x04 Il Prezzo Della Magia ITA ENG DLmux-Pir8 avi.avi,Once Upon a Time
Bosch Legacy 1x01 Il Lato Oscuro Dell Addio iTA AC3 WEBMux x264-ADE CreW mkv.mkv,Bosch
Bones 9x23 Il Segreto Dell Atleta ITA DLMux x264-NovaRip mkv.mkv,Bones
Bull 1x05 Vero O Falso ITA HDTVRip x264-UBi mkv.mkv,Bull
Anime BDmux ITA-JAP  ONE PIECE 622 - Momonosuke e Kin'emon ! Di Nuovo Insieme  Punk Hazard Arc   Baroque Works  mkv.mkv,One Piece
Bosch 5x04 Risorgere Dalla Morte iTA AC3 DLMux x264-ADE CreW mkv.mkv,Bosch
Bosch 2x10 Episodio 10 ITA WEBMUX x264-NST mkv.mkv,Bosch
Bones - 1x21 - Il reduce sulla tomba  DVDRip x264 AC3 ITA-ENG SUBS  Tiger mkv.mkv,Bones
Anime BDmux ITA-JAP  ONE PIECE 716 - Polvere di Stelle - Il Feroce Attacco di Diamante  Dressrosa Arc   Baroque Works  mkv.mkv,One Piece
N C I S 20x18 Fuori Di Testa ITA DLMux x264-UBi mkv.mkv,NCIS
Anime BDmux ITA-JAP  ONE PIECE 644 - Scontro Violento ! Il Gigante Contro Lucy  Dressrosa Arc   Baroque Works  mkv.mkv,One Piece
NCIS New Orleans 5x22 La Teoria Del Caos ITA DLMux x264-UBi mkv.mkv,NCIS New Orleans
N C I S 20x22 Anastasia ITA DLMux x264-UBi mkv.mkv,NCIS
The Last of Us 1x05 Resistere E Sopravvivere ITA DLMux x264-UBi mkv.mkv,The last of us
Il Trono Di Spade 7x03 La Giustizia Della Regina ITA WEBMux x264-UB mkv.mkv,Trono di Spade
Il Trono Di Spade 2x09 L Assedio ITA ENG DLMux XviD-Pir8 avi.avi,Trono di Spade
NCIS Los Angeles 12x14 Le Nobili Fanciulle ITA DLMux x264-UBi mkv.mkv,NCIS Los Angeles
Bull 3x14 Lasciarsi Tutto Indietro ITA DLMux x264-UBi mkv.mkv,Bull
See 2x01 Fratelli E Sorelle ITA DLMux x264-UBi mkv.mkv,See
Person of Interest 3x23 Deus Ex Machina ITA WEB-DLMux x264-iGM mp4.mp4,Person of Interest
Il Trono Di Spade 7x04 Spoglie Di Guerra ITA WEBMux x264-UBi mkv.mkv,Trono di Spade
Dexter Original Sin 1x01 In Principio ITA DLMux x264-WRM mkv.mkv,Dexter
Bones 9x22 L Unghia Nella Bara ITA REPACK DLMux x264-NovaRip mkv.mkv,Bones
C Era Una Volta 2x02 Chi scegliamo di essere iTALiAN DLMux x264-UBi mp4.mp4,Once Upon a Time
Bull 4x12 La Vita E Un Soffio ITA DLMux x264-UBi mkv.mkv,Bull
Halo 2x01 Sanctuary ITA DLMux x264-WRM mkv.mkv,Halo
Il Trono Di Spade 5x05 Uccidi Il Ragazzo ITA DLMux x264-NovaRip mkv.mkv,Trono di Spade
NCIS Los Angeles 13x16 Sergente Capo Boomer ITA DLMux x264-UBi mkv.mkv,NCIS Los Angeles
Il Trono Di Spade 2x05 Il Fantasma Della Fortezza ITA ENG DLMux XviD-Pir8 avi it srt.srt,Trono di Spade
MacGyver 2016 4x02 Il Quirk ITA DLMux x264-UBi mkv.mkv,Mac Gyver
Il Trono Di Spade 3x02 Ali Oscure Oscure Parole iTALiAN DLMux x264-UBi mp4.mp4,Trono di Spade
Anime BDmux ITA-JAP  ONE PIECE 584 - Duello di Spade  Punk Hazard Arc   Baroque Works  mkv.mkv,One Piece
Bones 4x05 Perdere La Testa ITA BDMux XviD-NovaRip avi.avi,Bones
Romanzo Criminale 1x05 Episodio 5 by alocor75 avi.avi,Romanzo Criminale
Romanzo Criminale 1x10 Episodio 10 by alocor75 avi.avi,Romanzo Criminale
Anime BDmux ITA-JAP  ONE PIECE 583 - Salvare i Bambini  Punk Hazard Arc   Baroque Works  mkv.mkv,One Piece
See 2x02 Per Sempre ITA DLMux x264-UBi mkv.mkv,See
Il Trono Di Spade 8x02 Un Cavaliere Dei Sette Regni ITA WEBMux x264-UBi mkv.mkv,Trono di Spade
N C I S 18x11 Uno Strano Presentimento ITA DLMux x264-UBi mkv.mkv,NCIS
Once Upon A Time 5x16 Le Nostre Rovine ITA DLMux x264-NovaRip mkv.mkv,Once Upon a Time
Il Trono Di Spade 3x06 La Scalata iTALiAN DLMux x264-UBi mp4.mp4,Trono di Spade
I Cavalieri Dello Zodiaco - 066 - La Pienezza Del Dragone  540p   D^2C  mkv.mkv,Cavalieri dello Zodiaco
Bones 9x17 Il Corpo Nella Cisterna ITA DLMux x264-NovaRip mkv.mkv,Bones
Person Of Interest 3x04 Ragionevoli Dubbi ITA WEB-DLMux x264-iGM mp4.mp4,Person of Interest
I Cavalieri Dello Zodiaco - 057 - Ritorno Dall'Ade  540p   D^2C  mkv.mkv,Cavalieri dello Zodiaco
Bones 9x18 Il Cuore Della Carota ITA DLMux x264-NovaRip mkv.mkv,Bones
SAINT SEIYA The HADES Chapter-Elysion 06  Blu-ray Mux 1080p x264 AAC Ita-AC3 Jap Sub-Ita  Dohko D G   mkv.mkv,Cavalieri dello Zodiaco
Bull 5x09 Lo Spirito Del Tempo ITA DLMux x264-UBi mkv.mkv,Bull
Dark Matter 2024 1x02 Il Viaggio Della Vita ITA DLMux x264-WRM mkv.mkv,Dark Matter
L Attacco Dei Giganti 3x02 Pain iTA AC3 WEBMux x264-ADE CreW mkv.mkv,Attacco dei Giaganti
Bones - 2x09 - Sepolti vivi  DVDRip x264 AC3 ITA-ENG SUBS  Tiger mkv.mkv,Bones
Once upon a time 1x12 Belle ITA-ENG 720p DLMux DD5 1 h264-DarkSideMux mkv.mkv,Once Upon a Time
NCIS New Orleans 6x17 L Arco Dell Universo ITA DLMux x264-UBi mkv.mkv,NCIS New Orleans
Moon Knight 1x05 Asylum ITA DLMux x264-UBi mkv.mkv,Moon Knight
L Attacco Dei Giganti 4x25 La Notte della Fine iTA AC3 WEBMux x264-ADE CreW mkv.mkv,Attacco dei Giaganti
Person Of Interest 3x03 Lady Killer ITA WEB-DLMux x264-iGM mp4.mp4,Person of Interest
NCIS Los Angeles 13x07 Storia Di Un Marinaio ITA DLMux x264-UBi mkv.mkv,NCIS Los Angeles
Person Of Interest 1x02 Una voce dal passato iTALiAN BDMux XviD-DarkSideMux forced srt.srt,Person of Interest
Person Of Interest 1x18 Crisi d identita iTALiAN BDMux XviD-DarkSideMux forced srt.srt,Person of Interest
Bull 1x17 Un Nome Una Garanzia ITA HDTVRip x264-UBi mkv.mkv,Bull
Once Upon A Time 4x11 Sguardi Infranti ITA DLMux x264-NovaRip mkv.mkv,Once Upon a Time
C Era Una Volta 2x16 La Figlia Del Mugnaio iTALiAN DLMux x264-UBi mp4.mp4,Once Upon a Time
N C I S 19x04 Alaska ITA DLMux x264-UBi mkv.mkv,NCIS
C Era Una Volta 2x22 E Poi Dritto Fino Al Mattino ITA WEB-DLMux x264-UPZ mp4.mp4,Once Upon a Time
Once Upon A Time 1x15 Mani Rosso Sangue ITA ENG DLmux-Pir8 en srt.srt,Once Upon a Time
Person Of Interest 3x12 La Verita ITA WEB-DLMux x264-iGM mp4.mp4,Person of Interest
Bones 11x21 I Gioielli Della Corona ITA DLMux x264-UBi mkv.mkv,Bones
Forever 1x21 Quella Sera ITA DLMux x264-NovaRip mkv.mkv,Forever
Once upon a time 1x22 Un mondo senza magia ITA-ENG 720p DLMux DD5 1 h264-DarkSideMux mkv.mkv,Once Upon a Time
Anime BDmux ITA-JAP  ONE PIECE 633 - Lucy! Il Guerriero Sconosciuto  Dressrosa Arc   Baroque Works  mkv.mkv,One Piece
Anime BDmux ITA-JAP  ONE PIECE 738 - Luffy e Sabo - Due Fratelli di Nuovo Insieme  Dressrosa Arc   Baroque Works  mkv.mkv,One Piece
Bones 9x19 Chi C E Nell Urna ITA DLMux x264-NovaRip mkv.mkv,Bones
Anime BDmux ITA-JAP  ONE PIECE 636 - Una Supernova ! Bartolomeo il cannibale  Dressrosa Arc   Baroque Works  mkv.mkv,One Piece
Tsunami  My Hero Academia - 3x11 - One For All  DVD RIP 720x576i 25 fps H264  by user-id mkv.mkv,My Hero Academia
Evil 4x01 Come Scindere Un Atomo ITA DLMux x264-WRM mkv.mkv,Once Upon a Time
Once upon a time 1x17 Il trucco del cappello ITA-ENG 720p DLMux DD5 1 h264-DarkSideMux mkv.mkv,Once Upon a Time
Romanzo Criminale 2x02 Episodio 2 iTALiAN BDRip XviD-DarkSideMux avi.avi,Romanzo Criminale
Bosch 2x05 Episodio 5 ITA WEBMUX x264-NST mkv.mkv,Bosch
Anime BDmux ITA-JAP  ONE PIECE 646 - Don Chinjao - Il Pirata Leggendario !  Dressrosa Arc   Baroque Works  mkv.mkv,One Piece
Anime BDmux ITA-JAP  ONE PIECE 588 - 2 Anni Dopo L ' Incontro fra Luffy e Law  Punk Hazard Arc   Baroque Works  mkv.mkv,One Piece
L Attacco Dei Giganti 3x03 Old Story iTA AC3 WEBMux x264-ADE CreW mkv.mkv,Attacco dei Giaganti
N C I S 18x08 Fedele A Chi ITA DLMux x264-UBi mkv.mkv,NCIS
NCIS Los Angeles 14x18 Falene ITA DLMux x264-UBi mkv.mkv,NCIS Los Angeles
NCIS New Orleans 5x19 Una Famiglia Perfetta ITA DLMux x264-UBi mkv.mkv,NCIS New Orleans
Person of Interest 3x06 Mors Praematura ITA WEB-DLMux x264-iGM srt.srt,Person of Interest
Anime BDmux ITA-JAP  ONE PIECE 686 - Clamorosa Rivelazione ! Il Solenne Giuramento di Law !  Dressrosa Arc   Baroque Works  mkv.mkv,One Piece
Anime BDmux ITA-JAP  ONE PIECE 708 - Scontro Furioso - Law vs Doflamingo  Dressrosa Arc   Baroque Works  mkv.mkv,One Piece
SAINT SEIYA The HADES Chapter Sanctuary 04  Blu-ray Mux 1080p x264 AAC Ita-AC3 Jap Sub Ita  Dohko D G   mkv.mkv,Cavalieri dello Zodiaco
Bones - 1x12 - Morte di un supereroe  DVDRip x264 AC3 ITA-ENG SUBS  Tiger mkv.mkv,Bones
Tulsa King 2x04 Eroi E Cattivi ITA DLMux x264-WRM mkv.mkv,Tulsa
Il Trono Di Spade 4x02 Il Leone E La Rosa ITA HDTVMux x264-iGM srt.srt,Trono di Spade
Bull 4x04 Con Le Proprie Gambe ITA DLMux x264-UBi mkv.mkv,Bull
L Attacco Dei Giganti 4x03 La Porta Della Speranza iTA AC3 WEBMux x264-ADE CreW mkv.mkv,Attacco dei Giaganti
Once Upon A Time 4x08 Frammenti Di Specchio Prima Parte ITA DLMux x264-NovaRip mkv.mkv,Once Upon a Time
The Last of Us 1x09 Cerca La Luce ITA DLMux x264-UBi mkv.mkv,The last of us
Once Upon A Time 4x06 Affari Di Famiglia ITA DLMux x264-NovaRip mkv.mkv,Once Upon a Time
MacGyver 2016 4x12 Il Lato Oscuro ITA DLMux x264-UBi mkv.mkv,Mac Gyver
NCIS New Orleans 5x13 Virus X ITA DLMux x264-UBi mkv.mkv,NCIS New Orleans
Person Of Interest 3x15 Ultima Chiamata ITA WEB-DLMux x264-iGM mp4.mp4,Person of Interest
Hanno Ucciso l'Uomo Ragno 1x05  2024  aac ITALIAN x264 1920x820p mkv.mkv,Hanno Ucciso L uomo ragno
Anime BDmux ITA-JAP  ONE PIECE 678 - Pugno di Fuoco! Il Potere del Frutto Foco Foco e Tornato  Dressrosa Arc   Baroque Works  mkv.mkv,One Piece
Once Upon A Time 5x07 Nimue ITA DLMux x264-NovaRip mkv.mkv,Once Upon a Time
Supernatural 15x19 Eredita La Terra ITA BDMux x264-UBi mkv.mkv,Supernatural
Bull 3x09 Separazioni ITA DLMux x264-UBi mkv.mkv,Bull
Tsunami  My Hero Academia - 3x21 - Cosa state facendo  DVD RIP 720x576i 25 fps H264  by user-id mkv.mkv,My Hero Academia
Il Trono Di Spade 1x09 La Confessione iTALiAN HDTVMux-DarkSideMux forced srt.srt,Trono di Spade
Once Upon A Time 1x22 Una Terra Senza Magia ITA ENG DLmux-Pir8 en srt.srt,Once Upon a Time
HDTVMUX x264 ITA-ENG-JAP AAC SUB ITA-ENG  Naruto Shippuden 166 - Confessioni by danny11 & Summoner mkv.mkv,Naruto Shippuden
N C I S 20x14 Vecchie Ferite ITA DLMux x264-UBi mkv.mkv,NCIS
Anime BDmux ITA-JAP  ONE PIECE 626 - Il Rapimento di Caesar ! L ' Irruzione dell ' Alleanza Pirata  Punk Hazard Arc   Baroque Works  mkv.mkv,One Piece
Person Of Interest 4x11 L Opzione Giusta ITA DLMux x264-NovaRip mkv.mkv,Person of Interest
Bull 6x21 Un Conto Da Saldare ITA DLMux x264-UBi mkv.mkv,Bull
Coinger_2025_01.pdf,Romanzo Criminale
Anime BDmux ITA-JAP  ONE PIECE 745 - Il Giuramento - La Grande Flotta di Cappello di Paglia !  Dressrosa Arc   Baroque Works  mkv.mkv,One Piece
Bones 4x12 Ossa Siamesi ITA BDMux XviD-NovaRip avi.avi,Bones
Anime BDmux ITA-JAP  ONE PIECE 688 - Situazione Disperata - Luffy in Trappola !  Dressrosa Arc   Baroque Works  mkv.mkv,One Piece
Once Upon A Time 1x17 Il Trucco Del Cappello ITA ENG DLmux-Pir8 srt.srt,Once Upon a Time
Person Of Interest 1x09 Gli occhi su Carter iTALiAN BDMux XviD-DarkSideMux avi.avi,Person of Interest
Bones 5x07 Uno Strano Chef ITA WEB-DL Mux XviD-NovaRip avi.avi,Bones
Dexter Resurrection 1x08 La Stanza Delle Uccisioni Dove Accade ITA AMZN DLMux x264-WRM mkv.mkv,Dexter
Halo 2x07 Thermopylae ITA DLMux x264-WRM mkv.mkv,Halo
Dune Prophecy 1x02 Due Lupi ITA DLMux x264-WRM mkv.mkv,Dune Prophecy
Once Upon A Time 4x12 Eroi E Cattivi ITA DLMux x264-NovaRip mkv.mkv,Once Upon a Time
Romanzo Criminale 1x02 Episodio 2 by alocor75 avi.avi,Romanzo Criminale
NCIS New Orleans 6x10 Occhio Per Occhio ITA DLMux x264-UBi mkv.mkv,NCIS New Orleans
Bones - 1x09 - Il piu bel regalo di Natale  DVDRip x264 AC3 ITA-ENG SUBS  Tiger mkv.mkv,Bones
L Attacco Dei Giganti 4x13 I Bambini Della Foresta iTA AC3 WEBMux x264-ADE CreW mkv.mkv,Attacco dei Giaganti
Anime BDmux ITA-JAP  ONE PIECE 652 - Una Battaglia Fpietata - Inizia lo Scontro del blocco D  Dressrosa Arc   Baroque Works  mkv.mkv,One Piece
Supernatural 15x15 Gimme Shelter ITA BDMux x264-UBi mkv.mkv,Supernatural
Il Trono Di Spade 1x10 Fuoco E Sangue iTALiAN HDTVMux-DarkSideMux forced srt.srt,Trono di Spade
Il Trono Di Spade 3x03 Il Cammino Del Supplizio iTALiAN DLMux x264-UBi forced srt.srt,Trono di Spade
Foundation 2x08 L Ultima Imperatrice ITA DLMux x264-WRM mkv.mkv,Foundation
The Last of Us 1x01 Quando Sei Perso Nell Oscurita ITA DLMux x264-UBi mkv.mkv,The last of us
Bones 5x09 Il Giocatore Sott Olio ITA WEB-DL Mux XviD-NovaRip avi.avi,Bones
Bones 10x19 Omicidio In Medio Oriente ITA DLMux x264-UBi mkv.mkv,Bones
Once Upon A Time 1x14 Sognolo ITA ENG DLmux-Pir8 srt.srt,Once Upon a Time
Anime BDmux ITA-JAP  ONE PIECE 599 - Incredibile ! Il Segreto di Vergo !  Punk Hazard Arc   Baroque Works  mkv.mkv,One Piece
MacGyver 2016 5x11 Il Grande Occhio ITA DLMux x264-UBi mkv.mkv,Mac Gyver
Bull 3x01 La Terra Sotto I Piedi ITA DLMux x264-UBi mkv.mkv,Bull
Black Adam 2022 iTALiAN MD TS XviD-WRS mp4.mp4,Once Upon a Time
Silo 1x01 Il Giorno Della Liberta ITA DLMux x264-UBi mkv.mkv,See
CSI Vegas 1x02 Oggi Sposi ITA DLMux x264-UBi mkv.mkv,CSI
Bones 3x14 Voglia Di Cantare ITA DVDMux REPACK XviD-Novarip avi.avi,Bones
Bones 3x09 Un Babbo Natale Insanguinato ITA DVDMux XviD-Novarip avi.avi,Bones
Bones 6x18 La Verita Nel Mito ITA DLMux XviD-NovaRip avi.avi,Bones
N C I S 20x05 Operazione Festung ITA DLMux x264-UBi mkv.mkv,NCIS
Anime BDmux ITA-JAP  ONE PIECE 653 - Scontro Decisivo ! Jora VS la Ciurma di Cappello di Paglia  Dressrosa Arc   Baroque Works  mkv.mkv,One Piece
N C I S 18x09 Come stelle Nell Oscurita ITA DLMux x264-UBi mkv.mkv,NCIS
Once Upon A Time 4x03 Un Sentiero Gelato ITA DLMux x264-NovaRip mkv.mkv,Once Upon a Time
Bosch Legacy 1x10 Sempre In Tutti I Modi iTA AC3 WEBMux x264-ADE CreW mkv.mkv,Bosch
La Terra Dopo L'Uomo 1x02 La rivincita della natura  History Channel 2010  avi.avi,La terra Dopo L uomo
Anime BDmux ITA-JAP  ONE PIECE 649 - Fine di una Feroce Battaglia - Lucy VS Chinjao  Dressrosa Arc   Baroque Works  mkv.mkv,One Piece
Person Of Interest 4x15 Domande E Risposte ITA DLMux x264-NovaRip mkv.mkv,Person of Interest
Foundation 1x10 Il Salto ITA DLMux x264-UBi mkv.mkv,Foundation
Bull 1x04 Callisto ITA HDTVRip x264-UBi mkv.mkv,Bull
The Shield  S01  03  13  Indiziato di Stupro  ITA  DVDRip  avi.avi,Shield
Bosch 1x03 Indagine Compromessa ITA WEBMux x264-NovaRip mkv.mkv,Bosch
MacGyver 2016 4x08 Affari Di Famiglia ITA DLMux x264-UBi mkv.mkv,Mac Gyver
Bull 3x13 Brutti Precedenti ITA DLMux x264-UBi mkv.mkv,Bull
Bones 6x07 Cioccolato E Bugie ITA DLMux XviD-NovaRip avi.avi,Bones
MacGyver 2016 4x11 Preda E Predatore ITA DLMux x264-UBi mkv.mkv,Mac Gyver
Il Trono Di Spade 2x07 Un Uomo Senza Onore ITA ENG DLMux XviD-Pir8 avi.avi,Trono di Spade
Bones 4x23 La Maschera Della Morte REPACK ITA BDMux XviD-NovaRip avi.avi,Bones
I Cavalieri Dello Zodiaco - 061 - Un Aiuto Inaspettato  540p   D^2C  mkv.mkv,Cavalieri dello Zodiaco
Blindspot 5x02 Chiamata All Azione ITA DLMux x264-UBi mkv.mkv,Blindspot
Anime BDmux ITA-JAP  ONE PIECE 623 - La Separazione Addio Punk Hazard !  Punk Hazard Arc   Baroque Works  mkv.mkv,One Piece
The Shield 2x04 Il Treno Dei Soldi ITA DVDRip XviD-NovaRip avi.avi,Shield
Il Trono Di Spade 6x01 La Donna Rossa ITA DLMux x264-NovaRip mkv.mkv,Trono di Spade
Bull 6x08 La Nevicata ITA DLMux x264-UBi mkv.mkv,Bull
Avengers Endgame 2019 iTALiAN MD TS R6 XviD-iSTANCE avi.avi,Romanzo Criminale
Bosch 5x05 Paraocchi iTA AC3 DLMux x264-ADE CreW mkv.mkv,Bosch
Anime BDmux ITA-JAP  ONE PIECE 723 - L Ambizione del Re Conquistatore - Luffy VS Doflamingo  Dressrosa Arc   Baroque Works  mkv.mkv,One Piece
Roma 1x08 - Cesarione - DVD Rip ITA-eng by Ken avi.avi,Roma
Il Trono Di Spade 3x01 Valar Dohaeris iTALiAN DLMux x264-UBi mp4.mp4,Trono di Spade
Bones 7x11 Faida familiare iTALiAN BDMux x264-DarkSideMux mp4.mp4,Bones
Once Upon A Time 4x15 Il Ritorno Del Drago ITA DLMux x264-NovaRip mkv.mkv,Once Upon a Time
L Attacco Dei Giganti 4x18 Attacco A Tradimento iTA AC3 WEBMux x264-ADE CreW mkv.mkv,Attacco dei Giaganti
House Of The Dragon 1x03 Secondo Del Suo Nome ITA DLMux x264-UBi mkv.mkv,House of Dragon
Romanzo Criminale 2x09 Episodio 9 iTALiAN BDRip XviD-DarkSideMux avi.avi,Romanzo Criminale
Dexter Original Sin 1x04 Strimpellata Letale ITA DLMux x264-WRM mkv.mkv,Dexter
NCIS Los Angeles 12x18 Igor Vs Igor ITA DLMux x264-UBi mkv.mkv,NCIS Los Angeles
NCIS Los Angeles 12x16 Il Momento Di Cambiare ITA DLMux x264-UBi mkv.mkv,NCIS Los Angeles
Once upon a time 1x07 Il Cacciatore ITA-ENG DLMux XviD-Pir8 avi.avi,Once Upon a Time
Once upon a time 1x08 Anime disperate ITA-ENG 720p DLMux DD5 1 h264-DarkSideMux mkv.mkv,Once Upon a Time
Tsunami  My Hero Academia - 3x14 - Tecniche speciali  DVD RIP 720x576i 25 fps H264  by user-id mkv.mkv,My Hero Academia
Fondazione 3x03 Quando E Un Libro A Trovare Te ITA ATVP DLMux x264-WRM mkv.mkv,Foundation
Person Of Interest 4x19 L Antivirus ITA DLMux x264-NovaRip mkv.mkv,Person of Interest
Bones - 1x17 - Il teschio nel deserto  DVDRip x264 AC3 ITA-ENG SUBS  Tiger mkv.mkv,Bones
Bones 11x14 Una Seconda Occasione ITA DLMux x264-UBi mkv.mkv,Bones
Bull 6x09 Algoritmi ITA DLMux x264-UBi mkv.mkv,Bull
Tsunami  My Hero Academia - 3x04 - Il mio eroe  DVD RIP 720x576i 25 fps H264  by user-id mkv.mkv,My Hero Academia
Bones 5x11 Alieni Di Flanella ITA WEB-DL Mux XviD-NovaRip avi.avi,Bones
Bosch 3x03 Good Sees iTA AAC WEBRip x264-ADE CreW mkv.mkv,Bosch
Person Of Interest 4x07 L Onore Dei Criminali ITA DLMux x264-NovaRip mkv.mkv,Person of Interest
Dexter Resurrection 1x04 Chiamami Red ITA AMZN DLMux x264-WRM mkv.mkv,Dexter
Foundation 1x03 Il Fantasma Del Matematico ITA DLMux x264-UBi mkv.mkv,Foundation
Person Of Interest 2x01 Il Piano Di Emergenza ITA DLMux x264-NovaRip mkv.mkv,Person of Interest
Il Trono Di Spade 6x08 Nessuno ITA DLMux x264-NovaRip mkv.mkv,Trono di Spade
Bones 7x08 La testa sotto il camion iTALiAN BDMux x264-DarkSideMux mp4.mp4,Bones
L Attacco Dei Giganti 4x21 Da Te Duemila Anni Fa iTA AC3 WEBMux x264-ADE CreW mkv.mkv,Attacco dei Giaganti
Foundation 2x09 Molto Tempo Fa Non Troppo Lontano ITA DLMux x264-WRM mkv.mkv,Foundation
The Good Doctor 5x01 La Festa Di Lea E Shaun ITA DLMux x264-UBi mkv.mkv,The Good Doctor
Romanzo Criminale 2x08 Episodio 8 iTALiAN BDRip XviD-DarkSideMux avi.avi,Romanzo Criminale
Anime BDmux ITA-JAP  ONE PIECE 605 - Le Lacrime di Tashigi Il Sacrificio degli Uomini del G-5  Punk Hazard Arc   Baroque Works  mkv.mkv,One Piece
Dexter Original Sin 1x08 Lavoro E Divertimento ITA AMZN DLMux x264-WRM mkv.mkv,Dexter
Gomorra S05E05 Episodio 5 1080p HMAX WEB-DL DD5 1 H 264-MeM GP mkv.mkv,Gomorra
Fondazione 3x02 Ombre Nei Numeri ITA ATVP DLMux x264-WRM mkv.mkv,Foundation
Person Of Interest 3x14 Antiche Provenienze ITA WEB-DLMux x264-iGM mp4.mp4,Person of Interest
Once upon a time 1x06 Il pastore ITA-ENG 720p DLMux DD5 1 h264-DarkSideMux mkv.mkv,Once Upon a Time
Bones 10x17 La Studentessa Triste ITA DLMux x264-UBi mkv.mkv,Bones
Bull 2x01 La Vedova Nera ITA HDTVRip x264-UBi mkv.mkv,Bull
Il Trono Di Spade S03 SUB PACK ITA zip.zip,Trono di Spade
Tsunami  My Hero Academia - 3x08 - Alla ricerca di Bakugo  DVD RIP 720x576i 25 fps H264  by user-id mkv.mkv,My Hero Academia
Anime BDmux ITA-JAP  ONE PIECE 737 - Sabo - La Leggenda di un Rivoluzionario !  Dressrosa Arc   Baroque Works  mkv.mkv,One Piece
Bull 3x22 Statua Di Sale ITA DLMux x264-UBi mkv.mkv,Bull
Once Upon A Time 4x14 Imperdonabile ITA DLMux x264-NovaRip mkv.mkv,Once Upon a Time
The Batman 2022 iTALiAN LD WEBRip XviD-WRS avi.avi,Romanzo Criminale
Il Trono Di Spade 3x04 E Ora La Sua Guardia E Conclusa iTALiAN DLMux x264-UBi mp4.mp4,Trono di Spade
Person Of Interest 5x12 Sacrificio Estremo ITA BDMux x264-NovaRip mkv.mkv,Person of Interest
Anime BDmux ITA-JAP  ONE PIECE 679 - Arriva Sabo! Il Capo di Stato Maggiore dell ' Armata Rivoluzionaria  Baroque Works  mkv.mkv,One Piece
Foundation 2x06 Perche Gli Dei Hanno Creato Il Vino ITA DLMux x264-WRM mkv.mkv,Foundation
C Era Una Volta 2x14 Manhattan iTALiAN DLMux x264-UBi forced srt.srt,Once Upon a Time
Once Upon A Time 1x20 Lo Sconosciuto ITA ENG DLmux-Pir8 srt.srt,Once Upon a Time
Person Of Interest 1x14 Il lupo e l agnello iTALiAN BDMux XviD-DarkSideMux forced srt.srt,Person of Interest
Bones - 2x08 - La donna nel deserto  DVDRip x264 AC3 ITA-ENG SUBS  Tiger mkv.mkv,Bones
Bones 4x05 Perdere La Testa ITA BDMux XviD-NovaRip srt.srt,Bones
Bosch 3x10 The Sea King iTA AAC WEBRip x264-ADE CreW mkv.mkv,Bosch
Fondazione 3x05 Dove I Tiranni Trascorrono L Eternita ITA ATVP DLMux x264-WRM mkv.mkv,Foundation
Il Trono Di Spade 2x03 Cio Che E Morto Non Muoia Mai ITA ENG DLMux XviD-Pir8 it srt.srt,Trono di Spade
Hanno Ucciso l'Uomo Ragno 1x01  2024  aac ITALIAN x264 1920x820p mkv.mkv,Hanno Ucciso L uomo ragno
Bosch 6x09 La Notte Piu Lunga iTA AC3 WEBMux x264-ADE CreW mkv.mkv,Bosch
Anime BDmux ITA-JAP  ONE PIECE 593 - Salvare Nami Luffy Contro i Sicari delle Montagne Innevate  Punk Hazard Arc   Baroque Works  mkv.mkv,One Piece
The Good Doctor 5x18 Figli ITA DLMux x264-UBi mkv.mkv,The Good Doctor
Anime BDmux ITA-JAP  ONE PIECE 663 - Una Grande Sorpresa per Luffy - L ' Uomo che Vuole Perseguire la Volonta di Ace  Dressrosa Arc   Baroque Works  mkv.mkv,One Piece
Bones 4x08 Morte In Scatola ITA BDMux XviD-NovaRip avi.avi,Bones
HDTVMUX x264 ITA-ENG-JAP AAC SUB ITA-ENG  Naruto Shippuden 167 - Chibaku Tensei by danny11 & Summoner mkv.mkv,Naruto Shippuden
Bosch 1x04 Prigioniero In Fuga ITA WEBMux x264-NovaRip mkv.mkv,Bosch
Once Upon A Time 4x10 Il Crollo ITA DLMux x264-NovaRip mkv.mkv,Once Upon a Time
NCIS Los Angeles 12x08 L Amore Uccide ITA DLMux x264-UBi mkv.mkv,NCIS Los Angeles
N C I S 18x05 La Testa Del Serpente ITA DLMux x264-UBi mkv.mkv,NCIS
N C I S 18x14 Piccoli Cambiamenti ITA DLMux x264-UBi mkv.mkv,NCIS
The Good Doctor 5x02 Una Fetta Di Torta ITA DLMux x264-UBi mkv.mkv,The Good Doctor
NCIS Los Angeles 13x10 Lealta Vendesi ITA DLMux x264-UBi mkv.mkv,NCIS Los Angeles
"Tsunami  I Cavalieri dello zodiaco - 4x07 - Oscura Adunanza  BD 576p 59,94 fps H264 8 bit AC3 ITA-JAP SUB ITA  by user-id mkv.mkv",Cavalieri dello Zodiaco
Shogun 2024 1x02 Servi Di Due Padroni ITA DLMux x264-WRM mkv.mkv,Shogun
Anime BDmux ITA-JAP  ONE PIECE 582 - Incredibile ! Il Segreto di Punk Hazard  Punk Hazard Arc   Baroque Works  mkv.mkv,One Piece
Once Upon A Time 3x14 La Torre ITA DLMux x264-NovaRip mkv.mkv,Once Upon a Time
See 2x04 Il Cacciatore Di Streghe ITA DLMux x264-UBi mkv.mkv,See
Bull 6x16 Conflitti Di Coppia ITA DLMux x264-UBi mkv.mkv,Bull
Bones 12x01 La Speranza Nell Orrore ITA DLMux x264-UBi mkv.mkv,Bones
Bones 10x12 Il Cadavere Sotto I Libri ITA DLMux x264-UBi mkv.mkv,Bones
Anime BDmux ITA-JAP  ONE PIECE 731 - Fino all Ultimo Respiro Fermare la Gabbia per Uccelli !  Dressrosa Arc   Baroque Works  mkv.mkv,One Piece
Tsunami  My Hero Academia - 3x01 - Inizia la partita  DVD RIP 720x576i 25 fps H264  by user-id mkv.mkv,My Hero Academia
Romanzo Criminale 1x08 Episodio 8 by alocor75 avi.avi,Romanzo Criminale
Forever 1x19 Il Punk E Morto ITA DLMux x264-NovaRip mkv.mkv,Forever
Anime BDmux ITA-JAP  ONE PIECE 612 - Bufera di Neve La Ciurma di Cappello di Paglia Contro Monet  Punk Hazard Arc   Baroque Works  mkv.mkv,One Piece
N C I S 18x06 1 Millimetro ITA DLMux x264-UBi mkv.mkv,NCIS
Tsunami  My Hero Academia - 3x17 - La classe 1-A  DVD RIP 720x576i 25 fps H264  by user-id mkv.mkv,My Hero Academia
Anime BDmux ITA-JAP  ONE PIECE 681 - Una Taglia da Cinquecento Milioni-di-Berry---Obiettivo--Usoland-!  Dressrosa Arc   Baroque Works  mkv.mkv,One Piece
Bones 5x21 Magistrato Sotto Processo ITA WEB-DL Mux XviD-NovaRip srt.srt,Bones
The Good Doctor 5x03 Tempo Di Cambiamenti ITA DLMux x264-UBi mkv.mkv,The Good Doctor
I Cavalieri Dello Zodiaco - 062 - Quale Destino Per Crystal  540p   D^2C  mkv.mkv,Cavalieri dello Zodiaco
Halo 2x02 Sword ITA DLMux x264-WRM mkv.mkv,Halo
Bones - 1x13 - Doppio delitto  DVDRip x264 AC3 ITA-ENG SUBS  Tiger mkv.mkv,Bones
Bones 10x22 L Ultimo Caso ITA DLMux x264-UBi mkv.mkv,Bones
Bones - 2x11 - Il doppio volto della Fede  DVDRip x264 AC3 ITA-ENG SUBS  Tiger mkv.mkv,Bones
Bones 3x10 L Uomo Nel Fango ITA DVDMux XviD-Novarip avi.avi,Bones
NCIS Los Angeles 12x07 A Voce Alta ITA DLMux x264-UBi mkv.mkv,NCIS Los Angeles
Bull 3x11 Tutti Insieme Separatamente ITA DLMux x264-UBi mkv mkv.mkv,Bull
Tulsa King 1x08 Adobe Walls ITA DLMux x264-UBi mkv.mkv,Tulsa
Bull 6x04 Il Peso Della Corona ITA DLMux x264-UBi mkv.mkv,Bull
Person Of Interest 4x06 L Armiere ITA DLMux x264-NovaRip mkv.mkv,Person of Interest
Bones 11x15 Non Tutto E Come Sembra ITA DLMux x264-UBi mkv.mkv,Bones
Bull 3x08 Colpevole Di Sfortuna ITA DLMux x264-UBi mkv.mkv,NCIS
Tulsa King 1x07 La Morte Del Padre ITA DLMux x264-UBi mkv.mkv,Tulsa
Romanzo Criminale 2x01 Episodio 1 iTALiAN BDRip XviD-DarkSideMux avi.avi,Romanzo Criminale
Bull 3x04 Giustizia Per Cable ITA DLMux x264-UBi mkv.mkv,Bull
Foundation 2x04 Dove Le Stelle Sono Sparpagliate ITA DLMux x264-WRM mkv.mkv,Foundation
Romulus 1x03 Imperio ITA WEBMux x264-UBi mkv.mkv,Romulus
MacGyver 2016 5x02 Chi Offre Di Piu ITA DLMux x264-UBi mkv.mkv,Mac Gyver
Person Of Interest 5x10 Il Giorno In Cui Il Mondo Spari ITA BDMux x264-NovaRip mkv.mkv,Person of Interest
NCIS Los Angeles 13x05 Verita Apparente ITA DLMux x264-UBi mkv.mkv,NCIS Los Angeles
Dexter Original Sin 1x06 La Gioia Di Uccidere ITA AMZN DLMux x264-WRM mkv.mkv,Dexter
N C I S 18x03 Il Mio Tesoro ITA DLMux x264-UBi mkv.mkv,NCIS
Il Trono Di Spade 1x02 La Strada Del Re iTALiAN HDTVMux-DarkSideMux forced srt.srt,Trono di Spade
Bull 2x05 Gioca Le Tue Carte ITA HDTVRip x264-UBi mkv.mkv,Bull
N C I S 20x08 Bersaglio Mancato ITA DLMux x264-UBi mkv.mkv,NCIS
Bull 4x07 Dottor Morte ITA DLMux x264-UBi mkv.mkv,Bull
Person Of Interest 4x14 Colpevole ITA DLMux x264-NovaRip mkv.mkv,Person of Interest
See 1x01 La Terra Promessa ITA DLMux x264-UBi mkv.mkv,See
Bones 11x08 Alto Tradimento ITA DLMux x264-UBi mkv.mkv,Bones
Il Trono Di Spade 1x03 Lord Snow iTALiAN HDTVMux-DarkSideMux avi.avi,Trono di Spade
Once Upon A Time 3x21 Il Corso Degli Eventi ITA DLMux x264-NovaRip mkv.mkv,Once Upon a Time
Bosch 4x10 Il Libro Delle Morti Anonime iTA AC3 WEBMux x264-ADE CreW mkv.mkv,Bosch
Bull 2x19 Redenzione ITA HDTVRip x264-UBi mkv.mkv,Bull
Bosch 3x04 El Compadre iTA AAC WEBRip x264-ADE CreW mkv.mkv,Bosch
NCIS Los Angeles 14x16 Drona ITA DLMux x264-UBi mkv.mkv,NCIS Los Angeles
Person Of Interest 2x06 Un Uomo Normale ITA DLMux x264-NovaRip mkv.mkv,Person of Interest
Anime BDmux ITA-JAP  ONE PIECE 673 - L Uomo-Bomba - Gladius in Azione !  Dressrosa Arc   Baroque Works  mkv.mkv,One Piece
Roma 1x01 - L'aquila rubata - DVD Rip ITA-eng by Ken avi.avi,Roma
Person of Interest 3x06 Mors Praematura ITA WEB-DLMux x264-iGM mp4.mp4,Person of Interest
N C I S 19x14 Primi Passi ITA DLMux x264-UBi mkv.mkv,NCIS
Bosch 7x05 Il Verdetto ITA DLMux x264-UBi mkv.mkv,Bosch
Person Of Interest 5x13 Fine Programma ITA BDMux x264-NovaRip mkv.mkv,Person of Interest
C Era Una Volta 2x18 Impavido Sincero E Altruista iTALiAN DLMux x264-UBi srt.srt,Once Upon a Time
Il Trono Di Spade 3x04 E Ora La Sua Guardia E Conclusa iTALiAN DLMux x264-UBi forced srt.srt,Trono di Spade
Person Of Interest 1x17 La piccola Leila iTALiAN BDMux XviD-DarkSideMux forced srt.srt,Person of Interest
Il Trono Di Spade 5x08 Aspra Dimora ITA DLMux x264-NovaRip mkv.mkv,Trono di Spade
Rabbit Hole 1x08 Asso Nella Manica ITA DLMux x264-UBi mkv.mkv,Rabbit Hole
Il Trono Di Spade 2x01 Il Nord Non Dimentica ITA ENG DLMux XviD-Pir8 srt.srt,Trono di Spade
Bones 11x03 Le Ceneri Scomparse ITA DLMux x264-UBi mkv.mkv,Bones
Bones 5x14 Un Caso Diabolico ITA WEB-DL Mux XviD-NovaRip avi.avi,Bones
Bosch 6x03 Tre Vedove iTA AC3 WEBMux x264-ADE CreW mkv.mkv,Bosch
Anime BDmux ITA-JAP  ONE PIECE 601 - Il Nuovo Mondo Trema Il Malefico Esperimento di Caesar Clown  Punk Hazard Arc   Baroque Works  mkv.mkv,One Piece
HDTVMUX x264 ITA-ENG-JAP AAC SUB ITA-ENG  Naruto Shippuden 172 - L'incontro by danny11 & Summoner mkv.mkv,Naruto Shippuden
NCIS New Orleans 5x12 Le Mogli Della Marina ITA DLMux x264-UBi mkv.mkv,NCIS New Orleans
Person Of Interest 4x22 L Ultima Sfida ITA DLMux x264-NovaRip mkv.mkv,Person of Interest
Anime BDmux ITA-JAP  ONE PIECE 619 - Grande Scontro ! General Franky il Robot Invincibile  Punk Hazard Arc   Baroque Works  mkv.mkv,One Piece
Dune Prophecy 1x04 Nato Due Volte ITA DLMux x264-WRM mkv.mkv,Dune Prophecy
Il Trono Di Spade 4x09 Il Coraggio Di Pochi ITA HDTVMux x264-iGM mp4.mp4,Trono di Spade
SAINT SEIYA The HADES Chapter-Inferno 01  Blu-ray Mux 1080p x264 AAC Ita-AC3 Jap Sub-Ita  Dohko D G   mkv.mkv,Cavalieri dello Zodiaco
Bosch Legacy 1x09 Ha Un Nome iTA AC3 WEBMux x264-ADE CreW mkv.mkv,Bosch
Il Trono Di Spade 7x06 Oltre La Barriera ITA WEBMux x264-UBi mkv.mkv,Trono di Spade
Anime BDmux ITA-JAP  ONE PIECE 747 - Grande Avventura Luffy Bartolomeo e la Fortezza D Argento  Dressrosa Arc   Baroque Works  mkv.mkv,One Piece
NCIS New Orleans 5x08 I Re Aztechi ITA DLMux x264-UBi mkv.mkv,NCIS New Orleans
Bull 6x19 Aperture ITA DLMux x264-UBi mkv.mkv,Bull
Bull 4x01 Le Cose Capitano ITA DLMux x264-UBi mkv.mkv,Bull
N C I S 18x16 Regola 91 ITA DLMux x264-UBi mkv.mkv,NCIS
Tsunami  My Hero Academia - 3x18 - RUSH!  DVD RIP 720x576i 25 fps H264  by user-id mkv.mkv,My Hero Academia
Person Of Interest 3x10 La Paga Del Diavolo ITA WEB-DLMux x264-iGM mp4.mp4,Person of Interest
Person Of Interest 3x22 La Casa Divisa ITA WEB-DLMux x264-iGM srt.srt,Person of Interest
Bones 5x21 Magistrato Sotto Processo ITA WEB-DL Mux XviD-NovaRip avi.avi,Bones
NCIS New Orleans 6x18 Un Altra Donna ITA DLMux x264-UBi mkv.mkv,NCIS New Orleans
N C I S 20x12 Sotto Copertura ITA DLMux x264-UBi mkv.mkv,NCIS
Bones 6x14 Omicidio A S Valentino ITA DLMux XviD-NovaRip avi.avi,Bones
Once Upon A Time 4x02 Black Out ITA DLMux x264-NovaRip mkv.mkv,Once Upon a Time
Bull 5x15 Recupero Minori ITA DLMux x264-UBi mkv.mkv,Bull
Anime BDmux ITA-JAP  ONE PIECE 694 - Gli Immortali ! L Armata dei Soldati Schiaccianoci  Dressrosa Arc   Baroque Works  mkv.mkv,One Piece
Bones 12x07 Troppo Tardi ITA DLMux x264-UBi mkv.mkv,Bones
Bosch 3x02 The Four Last Things iTA AAC WEBRip x264-ADE CreW mkv.mkv,Bosch
Bosch 6x10 L Uomo Giusto iTA AC3 WEBMux x264-ADE CreW mkv.mkv,Bosch
I Cavalieri Dello Zodiaco - 063 - Eufonia  540p   D^2C  mkv.mkv,Cavalieri dello Zodiaco
Anime BDmux ITA-JAP  ONE PIECE 710 - Scontro d Amore - Sai vs Baby 5  Dressrosa Arc   Baroque Works  mkv.mkv,One Piece
MacGyver 2016 5x15 Per Sempre ITA DLMux x264-UBi mkv.mkv,Mac Gyver
"Tsunami  I Cavalieri dello zodiaco - 4x08 - Un attimo di esitazione  BD 576p 59,94 fps H264 8 bit AC3 ITA-JAP SUB ITA  by user-id mkv.mkv",Cavalieri dello Zodiaco
ManualeUtente.pdf,Romanzo Criminale
Halo 2x05 Aleria ITA DLMux x264-WRM mkv.mkv,Halo
Halo 1x08 Allegiance ITA DLMux x264-UBi mkv.mkv,Halo
Bones 5x12 La Prova Nel Budino ITA WEB-DL Mux XviD-NovaRip avi.avi,Bones
Person Of Interest 4x13 Scomparsa ITA DLMux x264-NovaRip mkv.mkv,Person of Interest
Supernatural 15x14 Ultime Vacanze ITA BDMux x264-UBi mkv.mkv,Supernatural
Person Of Interest 2x04 Il Killer ITA DLMux x264-NovaRip mkv.mkv,Person of Interest
Anime BDmux ITA-JAP  ONE PIECE 687 - Grande Scontro ! Sabo vs Fujitora  Dressrosa Arc   Baroque Works  mkv.mkv,One Piece
Bull 6x10 Inchiostro Rosso Sangue ITA DLMux x264-UBi mkv.mkv,Bull
Bones 10x04 Game Over ITA DLMux x264-UBi mkv.mkv,Bones
Bones 6x23 Cambio Di Gioco ITA DLMux XviD-NovaRip avi.avi,Bones
Foundation 2x03 Re E Plebei ITA DLMux x264-WRM mkv.mkv,Foundation
MacGyver 2016 5x08 Mac E Jerry ITA DLMux x264-UBi mkv.mkv,Mac Gyver
N C I S 20x13 Gli Occhi Del Male ITA DLMux x264-UBi mkv.mkv,NCIS
The Shield  S01  13  13  Corruzione al Dipartimento  ITA  DVDRip  avi.avi,Shield
HDTVMUX x264 ITA-ENG-JAP AAC SUB ITA-ENG  Naruto Shippuden 168 - Il Quarto Hokage by danny11 & Summoner mkv.mkv,Naruto Shippuden
Person Of Interest 1x21 Il rischio dei ricordi iTALiAN BDMux XviD-DarkSideMux avi.avi,Person of Interest
Il Trono Di Spade 4x06 Le Leggi Degli Dei E Degli Uomini ITA HDTVMux x264-iGM mp4.mp4,Trono di Spade
Bones - 2x03 - La rosa di Romeo e Giulietta  DVDRip x264 AC3 ITA-ENG SUBS  Tiger mkv.mkv,Bones
Romanzo Criminale 1x11 Episodio 11 by alocor75 avi.avi,Romanzo Criminale
Obi-Wan Kenobi 1x05 Parte V ITA DLMux x264-UBi mkv.mkv,OBI ONE
HDTVMUX x264 ITA-ENG-JAP AAC SUB ITA-ENG  Naruto Shippuden 174 - La storia di Naruto Uzumaki by danny11 & Summoner mkv.mkv,Naruto Shippuden
Anime BDmux ITA-JAP  ONE PIECE 598 - Kin'emon Il Samurai che Taglia il Fuoco !  Punk Hazard Arc   Baroque Works  mkv.mkv,One Piece
Bull 4x16 Tratta In Salvo ITA DLMux x264-UBi mkv.mkv,Bull
Bones 5x05 Una Notte Al Museo Delle Mummie ITA WEB-DL Mux XviD-NovaRip avi.avi,Bones
Rabbit Hole 1x02 In Qualunque Momento ITA DLMux x264-UBi mkv.mkv,Rabbit Hole
Once Upon A Time 1x15 Mani Rosso Sangue ITA ENG DLmux-Pir8 avi.avi,Once Upon a Time
NCIS New Orleans 6x14 L Uomo In Rosso ITA DLMux x264-UBi mkv.mkv,NCIS New Orleans
HDTVMUX x264 ITA-ENG-JAP AAC SUB ITA-ENG  Naruto Shippuden 173 - Le origini di Pain by danny11 & Summoner mkv.mkv,Naruto Shippuden
Dune Prophecy 1x03 La Sorellanza Prima Di Tutto ITA DLMux x264-WRM mkv.mkv,Dune Prophecy
Bones 4x13-Scontro sul Ghiaccio ITA BDMux XviD-NovaRip srt.srt,Bones
Bosch 1x08 Alti E Bassi ITA WEBMux x264-NovaRip mkv.mkv,Bosch
Bones 4x13 Scontro Sul Ghiaccio ITA BDMux XviD-NovaRip avi.avi,Bones
Once upon a time 1x18 Lo stalliere ITA-ENG 720p DLMux DD5 1 h264-DarkSideMux mkv.mkv,Once Upon a Time
Bosch 4x06 Il Dolce Vino Della Giovinezza iTA AC3 WEBMux x264-ADE CreW mkv.mkv,Bosch
Bones 4x10 Il Passeggero Nel Forno ITA BDMux XviD-NovaRip avi.avi,Bones
Bull 6x20 La Busta ITA DLMux x264-UBi mkv.mkv,Bull
Person Of Interest 1x14 Il lupo e l agnello iTALiAN BDMux XviD-DarkSideMux avi.avi,Person of Interest
NCIS New Orleans 6x15 Imprevisti E Probabilita ITA DLMux x264-UBi mkv.mkv,NCIS New Orleans
C Era Una Volta 2x15 La Regina E Morta iTALiAN DLMux x264-UBi mp4.mp4,Once Upon a Time
Bones - 1x02 - L'attentato  DVDRip x264 AC3 ITA-ENG SUBS  Tiger mkv.mkv,Bones
Bones 6x02 La Coppia Nella Caverna ITA DLMux XviD-NovaRip avi.avi,Bones
La Terra Dopo L'Uomo 1x05 L'alba dei predatori  History Channel 2010  avi.avi,La terra Dopo L uomo
Once Upon A Time 1x17 Il Trucco Del Cappello ITA ENG DLmux-Pir8 avi.avi,Once Upon a Time
The Good Doctor 5x04 Razionalita ITA DLMux x264-UBi mkv.mkv,The Good Doctor
Bones 10x09 Obbedienza Cieca ITA DLMux x264-UBi mkv.mkv,Bones
Once Upon A Time 1x14 Sognolo ITA ENG DLmux-Pir8 en srt.srt,Once Upon a Time
NCIS New Orleans 5x23 Missione Recupero Prima Parte ITA DLMux x264-UBi mkv.mkv,NCIS New Orleans
Il Trono Di Spade 2x10 Chiunque Puo Essere Ucciso ITA ENG DLMux XviD-Pir8 avi.avi,Trono di Spade
Bull 1x03 Inequivocabile ITA HDTVRip x264-UBi mkv.mkv,Bull
Once Upon A Time 3x07 Alla Ricerca Dell Ombra ITA DLMux x264-NovaRip mkv.mkv,Once Upon a Time
Once upon a time 1x07 Il Cacciatore ITA-ENG DLMux XviD-Pir8 srt.srt,Once Upon a Time
N C I S 19x10 Giuramento Di Fedelta ITA DLMux x264-UBi mkv.mkv,NCIS
Tulsa King 2x07 Supporto Vitale ITA DLMux x264-WRM mkv.mkv,Tulsa
NCIS Los Angeles 12x06 Se Il Destino Lo Vorra ITA DLMux x264-UBi mkv.mkv,NCIS Los Angeles
Criminal Minds 12x17 Nell Oscurita ITA DLMux x264-NovaRip mkv.mkv,Bones
Il Trono Di Spade 1x07 Il gioco dei troni iTALiAN HDTVMux-DarkSideMux forced srt.srt,Trono di Spade
N C I S 20x02 Cose Da Padri ITA DLMux x264-UBi mkv.mkv,NCIS
Tsunami  My Hero Academia - 3x10 - Il simbolo della pace  DVD RIP 720x576i 25 fps H264  by user-id mkv.mkv,My Hero Academia
Person Of Interest 1x17 La piccola Leila iTALiAN BDMux XviD-DarkSideMux avi.avi,Person of Interest
Bull 3x15 Frode Finanziaria ITA DLMux x264-UBi mkv.mkv,Bull
Once upon a time 1x02 La cosa che piu ami ITA-ENG 720p DLMux DD5 1 h264-DarkSideMux mkv.mkv,Once Upon a Time
Bones 5x03 Sospesa Tra Due Mondi ITA WEB-DL Mux XviD-NovaRip avi.avi,Bones
Once upon a time 1x02 La cosa che piu ami ITA ENG DLmux-Pir8 srt.srt,Once Upon a Time
Bones 10x06 La Tratta ITA DLMux x264-UBi mkv.mkv,Bones
Hanno Ucciso l'Uomo Ragno 1x06  2024  aac ITALIAN x264 1920x820p mkv.mkv,Hanno Ucciso L uomo ragno
Person Of Interest 2x14 Uno Percento ITA DLMux x264-NovaRip mkv.mkv,Person of Interest
HDTVMUX x264 ITA-ENG-JAP AAC SUB ITA-ENG  Naruto Shippuden 169 - I due discepoli by danny11 & Summoner mkv.mkv,Naruto Shippuden
Anime BDmux ITA-JAP  ONE PIECE 685 - Inarrestabile-Avanzata ! L Armata di Luffy vs Pica !  Dressrosa Arc   Baroque Works  mkv.mkv,One Piece
Anime BDmux ITA-JAP  ONE PIECE 749 - Lama Incandescente - Entra in Scena Zoro !  Dressrosa Arc   Baroque Works  mkv.mkv,One Piece
Bull 1x11 Amore Proibito ITA HDTVRip x264-UBi mkv.mkv,Bull
NCIS Los Angeles 13x19 A Prova Di Proiettile ITA DLMux x264-UBi mkv.mkv,NCIS Los Angeles
Once Upon A Time 1x08 Anime Disperate ITA ENG DLmux-Pir8 avi.avi,Once Upon a Time
Once Upon A Time 3x12 Segui Il Tuo Istinto ITA DLMux x264-NovaRip mkv.mkv,Once Upon a Time
C Era Una Volta 2x13 Scricciolo iTALiAN DLMux x264-UBi mp4.mp4,Once Upon a Time
Once Upon A Time 5x15 I Fratelli Jones ITA DLMux x264-NovaRip mkv.mkv,Once Upon a Time
Il Trono Di Spade 5x09 La Danza Dei Draghi ITA DLMux x264-NovaRip mkv.mkv,Trono di Spade
Bosch 7x07 Un Sistema ITA DLMux x264-UBi mkv.mkv,Bosch
La Terra Dopo L'Uomo 1x04 Trappole d'acciaio  History Channel 2010  avi.avi,La terra Dopo L uomo
NCIS Los Angeles 14x04 Fuori Uso ITA DLMux x264-UBi mkv.mkv,NCIS Los Angeles
The Last of Us 1x04 Ti Prego Tienimi Per Mano ITA DLMux x264-UBi mkv.mkv,The last of us
Supernatural 15x00 The Long Road Home ITA DLMux x264-UBi mkv.mkv,Supernatural
MacGyver 2016 4x03 Tra Cielo E Terra ITA DLMux x264-UBi mkv.mkv,Mac Gyver
Bull 5x13 La Legge Della Giungla ITA DLMux x264-UBi mkv.mkv,Bull
Bones 9x14 Il Maestro Di Scacchi ITA DLMux x264-NovaRip mkv.mkv,Bones
Foundation 2x07 Una Morte Necessaria ITA DLMux x264-WRM mkv.mkv,Foundation
Anime BDmux ITA-JAP  ONE PIECE 668 - Inizia la Finale - Entra in Scena eroe mkv.mkv,One Piece
Person Of Interest 3x01 Libera Uscita ITA WEB-DLMux x264-iGM mp4.mp4,Person of Interest
Once Upon A Time 1x12 Belle ITA ENG DLmux-Pir8 en srt.srt,Once Upon a Time
The Good Wife - 6x20 - Demolizione DLMux ITA-ENG  Whitegandalf  mkv.mkv,The Good Wife
N C I S 19x07 Crociera Di Morte ITA DLMux x264-UBi mkv.mkv,NCIS
N C I S 20x04 Senza Lasciare Traccia ITA DLMux x264-UBi mkv.mkv,NCIS
Bones - 1x20 - Senza speranza  DVDRip x264 AC3 ITA-ENG SUBS  Tiger mkv.mkv,Bones
Il Trono Di Spade 2x06 Vecchi E Nuovi Dei ITA ENG DLMux XviD-Pir8 avi.avi,Trono di Spade
Supernatural 15x06 Eta D Oro ITA BDMux x264-UBi mkv.mkv,Supernatural
SAINT SEIYA The HADES Chapter-Elysion 05  Blu-ray Mux 1080p x264 AAC Ita-AC3 Jap Sub-Ita  Dohko D G   mkv.mkv,Cavalieri dello Zodiaco
Tsunami  My Hero Academia - 3x15 - L'esame  DVD RIP 720x576i 25 fps H264  by user-id mkv.mkv,My Hero Academia
Bones 5x19 L Ultima Passione ITA WEB-DL Mux XviD-NovaRip avi.avi,Bones
Anime BDmux ITA-JAP  ONE PIECE 624 - La Sconfitta del G-5 ! L ' assalto di Doflamingo !  Punk Hazard Arc   Baroque Works  mkv.mkv,One Piece
Bones 9x16 Il Cadavere In Riva Al Lago ITA REPACK DLMux x264-NovaRip mkv.mkv,Bones
Bosch 2x06 Episodio 6 ITA WEBMUX x264-NST mkv.mkv,Bosch
Bull 5x03 Costretta Ad Evadere ITA DLMux x264-UBi mkv.mkv,Bull
Anime BDmux ITA-JAP  ONE PIECE 670 - Artiglio Uncinato del Drago ! L Attacco di Lucy !  Dressrosa Arc   Baroque Works  mkv.mkv,One Piece
Anime BDmux ITA-JAP  ONE PIECE 613 - Colpo Inaspettato ! Zoro la Tecnica ad una Spada !  Punk Hazard Arc   Baroque Works  mkv.mkv,One Piece
Bull 4x14 La Giurata Numero Otto ITA DLMux x264-UBi mkv.mkv,Bull
NCIS Los Angeles 13x12 Lo Sciame ITA DLMux x264-UBi mkv.mkv,NCIS Los Angeles
Person Of Interest 4x12 Control Alt Delete ITA DLMux x264-NovaRip mkv.mkv,Person of Interest
NCIS New Orleans 6x16 Piano C ITA DLMux x264-UBi mkv.mkv,NCIS New Orleans
Bones 7x06 L enigma delle vertebre iTALiAN BDMux x264-DarkSideMux mp4.mp4,Bones
Bosch 5x02 Pillole Esca iTA AC3 DLMux x264-ADE CreW mkv.mkv,Bosch
NCIS Los Angeles 13x06 Al Calar Del Sole ITA DLMux x264-UBi mkv.mkv,NCIS Los Angeles
Romanzo Criminale 2x03 Episodio 3 iTALiAN BDRip XviD-DarkSideMux avi.avi,Romanzo Criminale
Bones - 2x20 - Ossa luminescenti  DVDRip x264 AC3 ITA-ENG SUBS  Tiger mkv.mkv,Bones
Forever 1x10 L Uomo Vestito Da Killer ITA DLMux x264-NovaRip mkv.mkv,Forever
NCIS Los Angeles 13x08 Terra Di Confine ITA DLMux x264-UBi mkv.mkv,NCIS Los Angeles
Supernatural 15x01 Ritorno Al Futuro ITA BDMux x264-UBi mkv.mkv,Supernatural
NCIS New Orleans 5x11 Castigo ITA DLMux x264-UBi mkv.mkv,NCIS New Orleans
The Good Wife - 6x18 - Attacco Frontale DLMux ITA-ENG  Whitegandalf  mkv.mkv,The Good Wife
Foundation 1x08 Il Pezzo Mancante ITA DLMux x264-UBi mkv.mkv,Foundation
Once upon a time 1x02 La cosa che piu ami ITA ENG DLmux-Pir8 avi.avi,Once Upon a Time
Once Upon A Time 4x05 Lo Specchio Rotto ITA DLMux x264-NovaRip mkv.mkv,Once Upon a Time
Il Trono Di Spade 1x08 La guerra alle porte iTALiAN HDTVMux-DarkSideMux avi.avi,Trono di Spade
Anime BDmux ITA-JAP  ONE PIECE 703 - Law e Corazon - Storia di un Lungo Viaggio  Dressrosa Arc   Baroque Works  mkv.mkv,One Piece
Once Upon A Time 4x19 In Bianco E Nero ITA DLMux x264-NovaRip mkv.mkv,Once Upon a Time
Blindspot 5x01 Incontri E Addii ITA DLMux x264-UBi mkv.mkv,Blindspot
Person Of Interest 3x21 Beta ITA WEB-DLMux x264-iGM mp4.mp4,Person of Interest
The Last of Us 1x06 Famiglia ITA DLMux x264-UBi mkv.mkv,The last of us
Tulsa King 2x03 Oklahoma Contro Manfredi ITA DLMux x264-WRM mkv.mkv,Tulsa
Person Of Interest 3x22 La Casa Divisa ITA WEB-DLMux x264-iGM mp4.mp4,Person of Interest
Person Of Interest 1x23 Apoteosi finale iTALiAN BDMux XviD-DarkSideMux avi.avi,Person of Interest
Bones 6x01 Ritorno A Casa ITA DLMux XviD-NovaRip avi.avi,Bones
NCIS New Orleans 6x11 Sotto Una Cattiva Luna ITA DLMux x264-UBi mkv.mkv,NCIS New Orleans
Person Of Interest 3x19 Ad Un Passo Dal Baratro ITA WEB-DLMux x264-iGM mp4.mp4,Person of Interest
Bones 11x05 Esperimenti Mortali ITA DLMux x264-UBi mkv.mkv,Bones
Bull 6x14 Agorafobia ITA DLMux x264-UBi mkv.mkv,Bull
C Era Una Volta 2x09 Regina Di Cuori iTALiAN DLMux x264-UBi mp4.mp4,Once Upon a Time
Il Trono Di Spade 2x08 Il Principe Di Grande Inverno ITA ENG DLMux XviD-Pir8 it srt.srt,Trono di Spade
Forever 1x07 I Ragazzi Di New York ITA DLMux x264-NovaRip mkv.mkv,Forever
NCIS New Orleans 6x05 Spie E Bugie ITA DLMux x264-UBi mkv.mkv,NCIS New Orleans
Silo 1x06 La Reliquia ITA DLMux x264-UBi mkv.mkv,Silo
L Attacco Dei Giganti 3x07 Wish iTA AC3 WEBMux x264-ADE CreW mkv.mkv,Attacco dei Giaganti
Once Upon A Time 4x23 Operazione Mangusta Seconda Parte ITA DLMux x264-NovaRip mkv.mkv,Once Upon a Time
"Tsunami  My Hero Academia - 3x05 - Falli a pezzi, pugno d'acciaio!  DVD RIP 720x576i 25 fps H264  by user-id mkv.mkv",My Hero Academia
Bosch 2x04 Episodio 4 ITA WEBMUX x264-NST mkv.mkv,Bosch
Forever 1x18 I Morti Raccontano ITA DLMux x264-NovaRip mkv.mkv,Forever
Roma 2x09 Nemmeno un Dio puo fermare gli affamati DVDMux ITA by moll avi.avi,Roma
Person Of Interest 2x19 Cavallo Di Troia ITA DLMux x264-NovaRip mkv.mkv,Person of Interest
The Good Wife - 6x19 - Respinta DLMux ITA-ENG  Whitegandalf  mkv.mkv,The Good Wife
L Attacco Dei Giganti 4x17 Giudizio iTA AC3 WEBMux x264-ADE CreW mkv.mkv,Attacco dei Giaganti
Person Of Interest 1x06 Corruzione iTALiAN BDMux XviD-DarkSideMux forced srt.srt,Person of Interest
See 2x05 Il Ricevimento ITA DLMux x264-UBi mkv.mkv,See
Anime BDmux ITA-JAP  ONE PIECE 714 - Le Lacrime della Principessa - Salvare Manshelly !  Dressrosa Arc   Baroque Works  mkv.mkv,One Piece
Il Trono Di Spade 2x07 Un Uomo Senza Onore ITA ENG DLMux XviD-Pir8 it srt.srt,Trono di Spade
Bones 4x07 Non Fermarsi Alle Apparenze ITA BDMux XviD-NovaRip avi.avi,Bones
Anime BDmux ITA-JAP  ONE PIECE 585 - La Flotta dei Sette Trafalgar Law  Punk Hazard Arc   Baroque Works  mkv.mkv,One Piece
Supernatural 15x05 Proverbi 17-3 ITA BDMux x264-UBi mkv.mkv,Supernatural
Once Upon A Time 3x17 La Jolly Roger ITA DLMux x264-NovaRip mkv.mkv,Once Upon a Time
Forever 1x05 La Frattura Del Pugile ITA DLMux x264-NovaRip mkv.mkv,Forever
Bones 12x04 Il Prezzo Del Passato ITA DLMux x264-UBi mkv.mkv,Bones
Bosch 3x09 Clear Shot iTA AAC WEBRip x264-ADE CreW mkv.mkv,Bosch
N C I S 19x01 Acqua Rosso Sangue ITA DLMux x264-UBi mkv.mkv,NCIS
Il Trono Di Spade 6x09 La Battaglia Dei Bastardi ITA DLMux x264-NovaRip mkv.mkv,Trono di Spade
Tsunami  My Hero Academia - 3x07 - Una svolta dietro l'altra!  DVD RIP 720x576i 25 fps H264  by user-id mkv.mkv,My Hero Academia
Bones 4x16-Schiuma ITA BDMux XviD-NovaRip srt.srt,Bones
Once Upon A Time 5x03 Il Seggio Periglioso ITA DLMux x264-NovaRip mkv.mkv,Once Upon a Time
Il Trono Di Spade 1x01 L Inverno Sta Arrivando iTALiAN HDTVMux-DarkSideMux avi.avi,Trono di Spade
The Shield  S01  09  13  Una Faccenda da Sistemare  ITA  DVDRip  avi.avi,Shield
Person Of Interest 1x07 Il testimone iTALiAN BDMux XviD-DarkSideMux avi.avi,Person of Interest
Bull 4x13 Soluzione Geniale ITA DLMux x264-UBi mkv.mkv,Bull
Criminal Minds 16x04 Delitti Senza Volto ITA DLMux x264-UBi mkv.mkv,Criminal Minds
Fondazione 3x07 La Fine Della Fondazione ITA ATVP DLMux x264-WRM mkv.mkv,Foundation
L Attacco Dei Giganti 4x07 Assalto iTA AC3 WEBMux x264-ADE CreW mkv.mkv,Attacco dei Giaganti
Bones 3x07 Il Ragazzo Della Capsula Del Tempo ITA DVDMux XviD-Novarip avi.avi,Bones
L Attacco Dei Giganti 4x24 Orgoglio iTA AC3 WEBMux x264-ADE CreW mkv.mkv,Attacco dei Giaganti
Silo 1x10 L Esterno ITA DLMux x264-UBi mkv.mkv,Silo
Anime BDmux ITA-JAP  ONE PIECE 719 - Scontro Aereo - La Nuova Tecnica di Zoro !  Dressrosa Arc   Baroque Works  V2 mkv.mkv,One Piece
Il Trono Di Spade 1x04 Il Giuramento iTALiAN HDTVMux-DarkSideMux forced srt.srt,Trono di Spade
Bosch 7x06 Il Bene Maggiore ITA DLMux x264-UBi mkv.mkv,Bosch
Anime BDmux ITA-JAP  ONE PIECE 689 - Grande Fuga ! L Elephant Gun di Luffy  Baroque Works  mkv.mkv,One Piece
Moon Knight 1x03 Un Tipo Amichevole ITA DLMux x264-UBi mkv.mkv,Moon Knight
Bones 4x04 Il Dito nel Nido ITA BDMux XviD-NovaRip srt.srt,Bones
Willow La Serie 1x04 Nockmaar ITA DLMux x264-UBi mkv.mkv,Willow
Bosch Legacy 1x07 Uno Dei Tuoi iTA AC3 WEBMux x264-ADE CreW mkv.mkv,Bosch
NCIS Los Angeles 12x01 Nome In Codice Bear ITA DLMux x264-UBi mkv.mkv,NCIS Los Angeles
Il Trono Di Spade 4x04 In Cerca Di Un Colpevole ITA HDTVMux x264-iGM mp4.mp4,Trono di Spade
Bones 11x09 Cowboy Contemporanei ITA DLMux x264-UBi mkv.mkv,Bones
N C I S 19x17 Bugie ITA DLMux x264-UBi mkv.mkv,NCIS
Bones 4x15 Il Cavaliere Misterioso ITA BDMux XviD-NovaRip avi.avi,Bones
Dexter - New Blood - 1x08 - Gioco sleale  WEBMux 720p x264 AC3 ITA E-AC3 ENG SUBS  Tiger mkv.mkv,Dexter
C Era Una Volta 2x17 Benvenuti A Storybrooke iTALiAN DLMux x264-UBi mp4.mp4,Once Upon a Time
Bones 6x12 L Amore Ha Un Cuore Solo ITA DLMux XviD-NovaRip avi.avi,Bones
C Era Una Volta 2x04 Il coccodrillo iTALiAN DLMux x264-UBi mp4.mp4,Once Upon a Time
Dexter New Blood 1x03 Segnali Di Fumo ITA DLMux x264-UBi mkv.mkv,Dexter
Once Upon A Time 3x02 Ragazza Sperduta ITA DLMux x264-NovaRip mkv.mkv,Once Upon a Time
Anime BDmux ITA-JAP  ONE PIECE 602 - La Perfetta Arma di Distruzione di Massa ! Regno di Morte  Punk Hazard Arc   Baroque Works  mkv.mkv,One Piece
C Era Una Volta 2x03 Il lago iTALiAN DLMux x264-UBi mp4.mp4,Once Upon a Time
Bones - 2x19 - Mal di spazio  DVDRip x264 AC3 ITA-ENG SUBS  Tiger 0  mkv.mkv,Bones
Once Upon A Time 1x06 Il Pastore ITA ENG DLmux-Pir8 srt.srt,Once Upon a Time
Bones 5x15 Delitto Nella Metropolitana ITA WEB-DL Mux XviD-NovaRip avi.avi,Bones
NCIS New Orleans 6x13 La Radice Di Tutti I Mali ITA DLMux x264-UBi mkv.mkv,NCIS New Orleans
"Anime BDmux ITA-JAP  ONE PIECE 632 - Un Amore Pericoloso Violet, la Ballerina  Dressrosa Arc   Baroque Works  mkv.mkv",One Piece
Dark Matter 2024 1x05 Senza Mondo ITA DLMux x264-WRM mkv.mkv,Dark Matter
Bones 12x03 Vecchie Abitudini ITA DLMux x264-UBi mkv.mkv,Bones
Once upon a time 1x16 Cuore di tenebra ITA-ENG 720p DLMux DD5 1 h264-DarkSideMux mkv.mkv,Once Upon a Time
Bosch Legacy 1x02 Su Di Giri iTA AC3 WEBMux x264-ADE CreW mkv.mkv,Bosch
Person Of Interest 2x21 Il Giorno Zero ITA DLMux x264-NovaRip mkv.mkv,Person of Interest
Anime BDmux ITA-JAP  ONE PIECE 699 - Una Nobile Stirpe - La Vera Storia di Doflamingo !  Dressrosa Arc   Baroque Works  mkv.mkv,One Piece
La Terra Dopo L'Uomo 1x10 Le acque della morte  History Channel 2010  avi.avi,La terra Dopo L uomo
Bull 2x11 Istinto Di Sopravvivenza ITA HDTVRip x264-UBi mkv mkv.mkv,Bull
Bones 11x18 In Primo Piano ITA DLMux x264-UBi mkv.mkv,Bones
Il Trono Di Spade 5x01 Guerre Imminenti ITA DLMux x264-NovaRip mkv.mkv,Trono di Spade
Bosch 4x04 Vite Passate iTA AC3 WEBMux x264-ADE CreW mkv.mkv,Bosch
Person Of Interest 4x10 Guerra Fredda ITA DLMux x264-NovaRip mkv.mkv,Person of Interest
Bones - 2x05 - Un marito perfetto  DVDRip x264 AC3 ITA-ENG SUBS  Tiger mkv.mkv,Bones
Person Of Interest 3x01 Libera Uscita ITA WEB-DLMux x264-iGM srt.srt,Person of Interest
Obi-Wan Kenobi 1x01 Parte I ITA DLMux x264-UBi mkv.mkv,OBI ONE
Anime BDmux ITA-JAP  ONE PIECE 707 - Injection Shot ! Verso la Liberta  Dressrosa Arc   Baroque Works  mkv.mkv,One Piece
Il Trono Di Spade 7x01 Roccia Del Drago ITA WEBMux x264-UBi mkv.mkv,Trono di Spade
Bones 9x12 Il Fantasma Di Un Assassina ITA DLMux x264-NovaRip mkv.mkv,Bones
Foundation 1x09 La Prima Crisi ITA DLMux x264-UBi mkv.mkv,Foundation
Bosch Legacy 1x03 Messaggio Nella Bottiglia iTA AC3 WEBMux x264-ADE CreW 1  mkv.mkv,Bosch
The Shield  S01  01  13  Episodio Pilota - Squadra d'assalto  ITA  DVDRip  avi.avi,Shield
I Cavalieri Dello Zodiaco - 067 - Battaglia Senza Vincitori  540p   D^2C  mkv.mkv,Cavalieri dello Zodiaco
Bull 1x08 Troppo Perfetta ITA HDTVRip x264-UBi mkv.mkv,Bull
Once Upon A Time 1x16 Cuore Di Tenebra ITA ENG DLmux-Pir8 srt.srt,Once Upon a Time
Person Of Interest 4x18 Il Piano Di Finch ITA DLMux x264-NovaRip mkv.mkv,Person of Interest
Anime BDmux ITA-JAP  ONE PIECE 657 - Il Guerriero piu Spietato ! Logan VS Rebecca  Dressrosa Arc   Baroque Works  mkv.mkv,One Piece
Once upon a time 1x19 The return ITA-ENG 720p DLMux DD5 1 h264-DarkSideMux mkv.mkv,Once Upon a Time
MacGyver 2016 4x07 Invito A Cena Con Sorpresa ITA REPACK DLMux x264-UBi mkv.mkv,Mac Gyver
Anime BDmux ITA-JAP  ONE PIECE 639 - L' Attacco dei Pesci Guerriero !IlMortale Ponte di Ferro  Dressrosa Arc   Baroque Works  mkv.mkv,One Piece
Once upon a time 1x07 Il Cacciatore ITA-ENG DLMux XviD-Pir8 en srt.srt,Once Upon a Time
Roma 2x02 Figlio di Ade DVDMux ITA by moll avi.avi,Roma
"HDTVMUX x264 ITA-ENG-JAP AAC SUB ITA-ENG  Naruto Shippuden 165 - Volpe a Nove Code, catturata! by danny11 & Summoner mkv.mkv",Naruto Shippuden
Bull 3x19 Generosita ITA DLMux x264-UBi mkv.mkv,Bull
Anime BDmux ITA-JAP  ONE PIECE 587 - Duello Law Contro Smoker  Punk Hazard Arc   Baroque Works  mkv.mkv,One Piece
N C I S 18x04 Avventura Ai Caraibi ITA DLMux x264-UBi mkv.mkv,NCIS
Forever 1x11 Il Bagnante Nudo ITA DLMux x264-NovaRip mkv.mkv,Forever
Person Of Interest 1x05 Il giudizio iTALiAN BDMux XviD-DarkSideMux avi.avi,Person of Interest
Dexter Original Sin 1x10 Resa Dei Conti ITA AMZN DLMux x264-WRM mkv.mkv,Dexter
Anime BDmux ITA-JAP  ONE PIECE 610 - Scontro-nel G - 5 ! Smokerr Contro Vergo  Punk Hazard Arc   Baroque Works  mkv.mkv,One Piece
MacGyver 2016 4x06 Per Un Ottima Ragione ITA DLMux x264-UBi mkv.mkv,Mac Gyver
Magnum P I 2018 5x14 La Notte Ha Mille Occhi ITA DLMux x264-WRM mkv.mkv,Shogun
Once Upon A Time 5x04 Il Regno Spezzato ITA DLMux x264-NovaRip mkv.mkv,Once Upon a Time
Forever 1x02 Guarda Prima Di Saltare ITA DLMux x264-NovaRip mkv.mkv,Forever
Il Trono Di Spade 5x06 Le Serpi Delle Sabbie ITA DLMux x264-NovaRip mkv.mkv,Trono di Spade
HDTVMUX x264 ITA-ENG-JAP AAC SUB ITA-ENG  Naruto Shippuden 154 - Decriptato by danny11 & LeBlanco mkv.mkv,Naruto Shippuden
Once Upon A Time 3x04 Cattive Abitudini ITA DLMux x264-NovaRip mkv.mkv,Once Upon a Time
Bones - 2x16 - La sposa nel fiume  DVDRip x264 AC3 ITA-ENG SUBS  Tiger mkv.mkv,Bones
C Era Una Volta 2x19 Lacey iTALiAN DLMux x264-UBi mp4.mp4,Once Upon a Time
Bull 4x20 Immunita Diplomatica ITA DLMux x264-UBi mkv.mkv,Bull
Supernatural 15x18 Disperazione ITA BDMux x264-UBi mkv.mkv,Supernatural
Bull 4x19 Saggezza Umana ITA DLMux x264-UBi mkv.mkv,Bull
Bull 2x13 Colpo Mortale ITA HDTVRip x264-UBi mkv.mkv,Bull
Bull 2x16 Seconda Occasione ITA HDTVRip x264-UBi mkv.mkv,Bull
Once Upon A Time 4x21 Madre ITA DLMux x264-NovaRip mkv.mkv,Once Upon a Time
See 1x07 La Via Della Lavanda ITA DLMux x264-UBi mkv.mkv,See
Bosch 4x09 Rojo Profundo iTA AC3 WEBMux x264-ADE CreW mkv.mkv,Bosch
Supernatural 15x03 La Rottura ITA REPACK BDMux x264-UBi mkv.mkv,Supernatural
NCIS Los Angeles 12x12 Invisibile Agli Occhi ITA DLMux x264-UBi mkv.mkv,NCIS Los Angeles
Il Trono Di Spade 2x01 Il Nord Non Dimentica ITA ENG DLMux XviD-Pir8 it srt.srt,Trono di Spade
Bones 3x08 I Cavalieri Di Colombo ITA DVDMux XviD-Novarip avi.avi,Bones
Person Of Interest 1x06 Corruzione iTALiAN BDMux XviD-DarkSideMux avi.avi,Person of Interest
Person Of Interest 2x02 Cattivi Geni ITA DLMux x264-NovaRip mkv.mkv,Person of Interest
Anime BDmux ITA-JAP  ONE PIECE 627 - La Sconfitta dell ' Alleanza Pirata ! Luffy in Pericolo  Punk Hazard Arc   Baroque Works  mkv.mkv,One Piece
Bones - 2x13 - Pausa di primavera  DVDRip x264 AC3 ITA-ENG SUBS  Tiger mkv.mkv,Bones
Tsunami  My Hero Academia - 3x25 - L'imbattibile  DVD RIP 720x576i 25 fps H264  by user-id mkv.mkv,My Hero Academia
Bones 6x20 Sincerita Radicale ITA DLMux XviD-NovaRip avi.avi,Bones
Bull 2x21 Sfiducia Parte Uno ITA HDTVRip x264-UBi mkv.mkv,Bull
Bosch 6x05 Soldi Amore iTA AC3 WEBMux x264-ADE CreW mkv.mkv,Bosch
Dexter New Blood S01E07 La pelle sui suoi denti ITA ENG 1080p AMZN WEB-DLMux DD5 1 H 264-MeM GP mkv.mkv,Dexter
Bull 2x17 Insabbiamento ITA HDTVRip x264-UBi mkv.mkv,Bull
Anime BDmux ITA-JAP  ONE PIECE 614 - Proteggere gli Amici ! Il Sacrificio di Mocha  Punk Hazard Arc   Baroque Works  mkv.mkv,One Piece
NCIS Los Angeles 14x19 Resa Dei Conti ITA DLMux x264-UBi mkv.mkv,NCIS Los Angeles
SAINT SEIYA The HADES Chapter-Elysion 04  Blu-ray Mux 1080p x264 AAC Ita-AC3 Jap Sub-Ita  Dohko D G   mkv.mkv,Cavalieri dello Zodiaco
